2025-12-07 19:27:00,120 [INFO] Activator:176 - 


2025-12-07 19:27:00,123 [INFO] Activator:177 - !SESSION log4j initialized
2025-12-07 19:27:03,361 [INFO] LogOutputStream:77 - [STDOUT_REDIRECT] 
2025-12-07 19:27:11,001 [INFO] ApplicationProperties:184 - Using Application install path: C:\ST\STM32CubeIDE_1.19.0\STM32CubeIDE\plugins\com.st.stm32cube.common.mx_6.15.0.202507011659
2025-12-07 19:27:11,021 [INFO] DbMcusXml:78 - Set database path to: C:\ST\STM32CubeIDE_1.19.0\STM32CubeIDE\plugins\com.st.stm32cube.common.mx_6.15.0.202507011659\\db\/mcu/
2025-12-07 19:27:11,021 [INFO] ApiDb:274 - Set plugin database path to: C:\ST\STM32CubeIDE_1.19.0\STM32CubeIDE\plugins\com.st.stm32cube.common.mx_6.15.0.202507011659\\db\/plugins/boardmanager/
2025-12-07 19:27:11,022 [WARN] ApiDb:259 - Overriding images path with different value:  => C:\ST\STM32CubeIDE_1.19.0\STM32CubeIDE\plugins\com.st.stm32cube.common.mx_6.15.0.202507011659\\db\/plugins/mcufinder/images/
2025-12-07 19:27:11,031 [INFO] ApiDb:250 - Set database path to: C:\Users\Marom Keren\.stmcufinder\plugins\mcufinder//mcu/
2025-12-07 19:27:11,033 [INFO] DbMcusAds:125 - Set database path to: C:\Users\Marom Keren\.stmcufinder\plugins\mcufinder//mcu/
2025-12-07 19:27:11,040 [INFO] CrossReferenceDbSqlite:203 - Set database path to: C:\Users\Marom Keren\.stmcufinder\plugins\mcufinder//mcu/cs/
2025-12-07 19:27:11,182 [INFO] RulesReader:64 - Compatibility file has been processed (317 Rules)
2025-12-07 19:27:11,333 [INFO] DbMcusXml:78 - Set database path to: C:\ST\STM32CubeIDE_1.19.0\STM32CubeIDE\plugins\com.st.stm32cube.common.mx_6.15.0.202507011659\\db\/mcu/
2025-12-07 19:27:11,334 [INFO] ApiDb:274 - Set plugin database path to: C:\ST\STM32CubeIDE_1.19.0\STM32CubeIDE\plugins\com.st.stm32cube.common.mx_6.15.0.202507011659\\db\/plugins/boardmanager/
2025-12-07 19:27:11,334 [INFO] ApiDb:261 - Set plugin images path to: C:\ST\STM32CubeIDE_1.19.0\STM32CubeIDE\plugins\com.st.stm32cube.common.mx_6.15.0.202507011659\\db\/plugins/mcufinder/images/
2025-12-07 19:27:11,334 [WARN] DbFile:41 - Overriding database path with different value: C:\Users\Marom Keren\.stmcufinder\plugins\mcufinder/ => C:\Users\Marom Keren\.stmcufinder\plugins\mcufinder
2025-12-07 19:27:11,334 [INFO] ApiDb:250 - Set database path to: C:\Users\Marom Keren\.stmcufinder\plugins\mcufinder//mcu/
2025-12-07 19:27:11,334 [WARN] DbFile:41 - Overriding database path with different value: C:\Users\Marom Keren\.stmcufinder\plugins\mcufinder/ => C:\Users\Marom Keren\.stmcufinder\plugins\mcufinder
2025-12-07 19:27:11,334 [INFO] DbMcusAds:125 - Set database path to: C:\Users\Marom Keren\.stmcufinder\plugins\mcufinder//mcu/
2025-12-07 19:27:11,334 [WARN] DbFile:41 - Overriding database path with different value: C:\Users\Marom Keren\.stmcufinder\plugins\mcufinder/ => C:\Users\Marom Keren\.stmcufinder\plugins\mcufinder
2025-12-07 19:27:11,334 [WARN] DbFile:41 - Overriding database path with different value: C:\Users\Marom Keren\.stmcufinder\plugins\mcufinder/ => C:\Users\Marom Keren\.stmcufinder\plugins\mcufinder
2025-12-07 19:27:11,335 [INFO] CrossReferenceDbSqlite:203 - Set database path to: C:\Users\Marom Keren\.stmcufinder\plugins\mcufinder//mcu/cs/
2025-12-07 19:27:11,443 [INFO] MainPanel:274 - HeapMemory: 268435456
2025-12-07 19:27:11,558 [INFO] DbMcusXml:78 - Set database path to: C:\ST\STM32CubeIDE_1.19.0\STM32CubeIDE\plugins\com.st.stm32cube.common.mx_6.15.0.202507011659\\db\/mcu/
2025-12-07 19:27:11,558 [INFO] ApiDb:274 - Set plugin database path to: C:\ST\STM32CubeIDE_1.19.0\STM32CubeIDE\plugins\com.st.stm32cube.common.mx_6.15.0.202507011659\\db\/plugins/boardmanager/
2025-12-07 19:27:11,558 [INFO] ApiDb:261 - Set plugin images path to: C:\ST\STM32CubeIDE_1.19.0\STM32CubeIDE\plugins\com.st.stm32cube.common.mx_6.15.0.202507011659\\db\/plugins/mcufinder/images/
2025-12-07 19:27:11,559 [WARN] DbFile:41 - Overriding database path with different value: C:\Users\Marom Keren\.stmcufinder\plugins\mcufinder/ => C:\Users\Marom Keren\.stmcufinder\plugins\mcufinder
2025-12-07 19:27:11,559 [INFO] ApiDb:250 - Set database path to: C:\Users\Marom Keren\.stmcufinder\plugins\mcufinder//mcu/
2025-12-07 19:27:11,559 [WARN] DbFile:41 - Overriding database path with different value: C:\Users\Marom Keren\.stmcufinder\plugins\mcufinder/ => C:\Users\Marom Keren\.stmcufinder\plugins\mcufinder
2025-12-07 19:27:11,559 [INFO] DbMcusAds:125 - Set database path to: C:\Users\Marom Keren\.stmcufinder\plugins\mcufinder//mcu/
2025-12-07 19:27:11,559 [WARN] DbFile:41 - Overriding database path with different value: C:\Users\Marom Keren\.stmcufinder\plugins\mcufinder/ => C:\Users\Marom Keren\.stmcufinder\plugins\mcufinder
2025-12-07 19:27:11,559 [WARN] DbFile:41 - Overriding database path with different value: C:\Users\Marom Keren\.stmcufinder\plugins\mcufinder/ => C:\Users\Marom Keren\.stmcufinder\plugins\mcufinder
2025-12-07 19:27:11,559 [INFO] CrossReferenceDbSqlite:203 - Set database path to: C:\Users\Marom Keren\.stmcufinder\plugins\mcufinder//mcu/cs/
2025-12-07 19:27:11,583 [INFO] ApplicationProperties:184 - Using Application install path: C:\ST\STM32CubeIDE_1.19.0\STM32CubeIDE\plugins\com.st.stm32cube.common.mx_6.15.0.202507011659
2025-12-07 19:27:11,586 [INFO] PluginManage:196 - Search for loadable plugins [exclusion list=, ]
2025-12-07 19:27:11,589 [INFO] PluginManage:310 - Check plugin analytics
2025-12-07 19:27:16,908 [INFO] AnalyticsPlugin:253 - Accepted Software Licenses: STM32CubeMX.6.13.0
2025-12-07 19:27:16,909 [INFO] AnalyticsPlugin:255 - Accepted CMSIS Pack Licenses: STMicroelectronics.X-CUBE-AZRTOS-F7.1.1.0,STMicroelectronics.X-CUBE-AZRTOS-F7.1.0.0
2025-12-07 19:27:16,909 [INFO] AnalyticsPlugin:257 - Accepted Firmware Licenses: FW.F7.1.17.0
2025-12-07 19:27:16,916 [INFO] PluginManage:359 - Loaded plugin analytics (category:tool,tabindex:-1)
2025-12-07 19:27:16,916 [INFO] PluginManage:310 - Check plugin cadmodel
2025-12-07 19:27:16,921 [INFO] CADModel:105 - Init CAD model plugin
2025-12-07 19:27:16,921 [INFO] PluginManage:359 - Loaded plugin cadmodel (category:power,tabindex:5)
2025-12-07 19:27:16,921 [INFO] PluginManage:310 - Check plugin clock
2025-12-07 19:27:16,931 [INFO] PluginManage:359 - Loaded plugin clock (category:base,tabindex:2)
2025-12-07 19:27:16,932 [INFO] PluginManage:310 - Check plugin ddr
2025-12-07 19:27:16,933 [INFO] PluginManage:359 - Loaded plugin ddr (category:tool,tabindex:6)
2025-12-07 19:27:16,934 [INFO] PluginManage:310 - Check plugin filemanager
2025-12-07 19:27:17,134 [INFO] PluginManage:359 - Loaded plugin filemanager (category:base,tabindex:10)
2025-12-07 19:27:17,134 [INFO] PluginManage:310 - Check plugin ipmanager
2025-12-07 19:27:17,148 [INFO] PluginManage:359 - Loaded plugin ipmanager (category:base,tabindex:5)
2025-12-07 19:27:17,148 [INFO] PluginManage:310 - Check plugin lpbam
2025-12-07 19:27:17,182 [INFO] PluginManage:359 - Loaded plugin lpbam (category:base,tabindex:0)
2025-12-07 19:27:17,183 [INFO] PluginManage:310 - Check plugin memorymap
2025-12-07 19:27:17,200 [INFO] PluginManage:359 - Loaded plugin memorymap (category:base,tabindex:4)
2025-12-07 19:27:17,200 [INFO] PluginManage:310 - Check plugin pinoutandconfiguration
2025-12-07 19:27:17,212 [INFO] PluginManage:359 - Loaded plugin pinoutandconfiguration (category:base,tabindex:1)
2025-12-07 19:27:17,212 [INFO] PluginManage:310 - Check plugin pinoutconfig
2025-12-07 19:27:17,314 [WARN] SupportedApi:132 - Cannot load RTOS API schema: s4s-elt-must-match.1: The content of 'definitions' must match (annotation?, (simpleType | complexType)?, (unique | key | keyref)*)). A problem was found starting at: attribute.
2025-12-07 19:27:17,462 [INFO] PluginManage:359 - Loaded plugin pinoutconfig (category:base,tabindex:0)
2025-12-07 19:27:17,462 [INFO] PluginManage:310 - Check plugin power
2025-12-07 19:27:17,471 [INFO] PluginManage:359 - Loaded plugin power (category:power,tabindex:4)
2025-12-07 19:27:17,471 [INFO] PluginManage:310 - Check plugin projectmanager
2025-12-07 19:27:17,490 [INFO] PluginManage:359 - Loaded plugin projectmanager (category:projectmanager,tabindex:4)
2025-12-07 19:27:17,490 [INFO] PluginManage:310 - Check plugin rif
2025-12-07 19:27:17,499 [INFO] PluginManage:359 - Loaded plugin rif (category:base,tabindex:3)
2025-12-07 19:27:17,500 [INFO] PluginManage:310 - Check plugin thirdparty
2025-12-07 19:27:17,682 [WARN] IntegrityCheckThread:84 - waiting for thirdparty lock release [integrity check]
2025-12-07 19:27:17,683 [INFO] IntegrityCheckThread:86 - entering critical section [integrity check]
2025-12-07 19:27:17,683 [INFO] PluginManage:359 - Loaded plugin thirdparty (category:base,tabindex:-1)
2025-12-07 19:27:17,684 [INFO] ThirdPartyUpdaterWithRetryManager:70 - Updater plugin not ready yet. [1/15]
2025-12-07 19:27:17,684 [INFO] PluginManage:310 - Check plugin tools
2025-12-07 19:27:17,691 [INFO] PluginManage:359 - Loaded plugin tools (category:base,tabindex:7)
2025-12-07 19:27:17,692 [INFO] PluginManage:310 - Check plugin tutovideos
2025-12-07 19:27:17,910 [INFO] PluginManage:359 - Loaded plugin tutovideos (category:base,tabindex:-1)
2025-12-07 19:27:17,911 [INFO] PluginManage:310 - Check plugin updater
2025-12-07 19:27:17,939 [INFO] PluginManage:359 - Loaded plugin updater (category:base,tabindex:12)
2025-12-07 19:27:17,939 [INFO] PluginManage:310 - Check plugin userauth
2025-12-07 19:27:17,944 [INFO] UserAuth:118 - Init User Auth plugin
2025-12-07 19:27:17,946 [INFO] PluginManage:359 - Loaded plugin userauth (category:base,tabindex:14)
2025-12-07 19:27:17,946 [INFO] PluginManage:283 - PluginManage : Loaded plugins [18]
2025-12-07 19:27:18,189 [INFO] PinOutPanel:1589 - setPackage(No Configuration,No Configuration)
2025-12-07 19:27:18,295 [INFO] CADModel:165 - CPN selected for project level
2025-12-07 19:27:18,295 [INFO] CADModel:114 - Register for checkConnection events
2025-12-07 19:27:18,318 [INFO] IPUIPlugin:80 - create IPUIPlugin
2025-12-07 19:27:18,319 [INFO] PluginManager:220 - loadIPPluginJar : add adc
2025-12-07 19:27:18,323 [INFO] IPUIPlugin:80 - create IPUIPlugin
2025-12-07 19:27:18,323 [INFO] PluginManager:220 - loadIPPluginJar : add aes
2025-12-07 19:27:18,327 [INFO] IPUIPlugin:80 - create IPUIPlugin
2025-12-07 19:27:18,327 [INFO] PluginManager:220 - loadIPPluginJar : add can
2025-12-07 19:27:18,330 [INFO] IPUIPlugin:80 - create IPUIPlugin
2025-12-07 19:27:18,330 [INFO] PluginManager:220 - loadIPPluginJar : add comp
2025-12-07 19:27:18,333 [INFO] IPUIPlugin:80 - create IPUIPlugin
2025-12-07 19:27:18,333 [INFO] PluginManager:220 - loadIPPluginJar : add cryp
2025-12-07 19:27:18,337 [INFO] IPUIPlugin:80 - create IPUIPlugin
2025-12-07 19:27:18,337 [INFO] PluginManager:220 - loadIPPluginJar : add ddr_ctrl_phy
2025-12-07 19:27:18,340 [INFO] IPUIPlugin:80 - create IPUIPlugin
2025-12-07 19:27:18,340 [INFO] PluginManager:220 - loadIPPluginJar : add dfsdm
2025-12-07 19:27:18,346 [INFO] IPUIPlugin:80 - create IPUIPlugin
2025-12-07 19:27:18,346 [INFO] PluginManager:220 - loadIPPluginJar : add dma
2025-12-07 19:27:18,350 [INFO] IPUIPlugin:80 - create IPUIPlugin
2025-12-07 19:27:18,350 [INFO] PluginManager:220 - loadIPPluginJar : add dma3
2025-12-07 19:27:18,353 [INFO] IPUIPlugin:80 - create IPUIPlugin
2025-12-07 19:27:18,353 [INFO] PluginManager:220 - loadIPPluginJar : add extmemmanager
2025-12-07 19:27:18,356 [INFO] IPUIPlugin:80 - create IPUIPlugin
2025-12-07 19:27:18,356 [INFO] PluginManager:220 - loadIPPluginJar : add fatfs
2025-12-07 19:27:18,361 [INFO] IPUIPlugin:80 - create IPUIPlugin
2025-12-07 19:27:18,361 [INFO] PluginManager:220 - loadIPPluginJar : add fmc
2025-12-07 19:27:18,373 [INFO] IPUIPlugin:80 - create IPUIPlugin
2025-12-07 19:27:18,373 [INFO] PluginManager:220 - loadIPPluginJar : add freertos
2025-12-07 19:27:18,377 [INFO] IPUIPlugin:80 - create IPUIPlugin
2025-12-07 19:27:18,377 [INFO] PluginManager:220 - loadIPPluginJar : add genericplugin
2025-12-07 19:27:18,381 [INFO] IPUIPlugin:80 - create IPUIPlugin
2025-12-07 19:27:18,381 [INFO] PluginManager:220 - loadIPPluginJar : add gfxmmu
2025-12-07 19:27:18,388 [INFO] IPUIPlugin:80 - create IPUIPlugin
2025-12-07 19:27:18,388 [INFO] PluginManager:220 - loadIPPluginJar : add gic
2025-12-07 19:27:18,394 [INFO] IPUIPlugin:80 - create IPUIPlugin
2025-12-07 19:27:18,394 [INFO] PluginManager:220 - loadIPPluginJar : add gpio
2025-12-07 19:27:18,399 [INFO] IPUIPlugin:80 - create IPUIPlugin
2025-12-07 19:27:18,399 [INFO] PluginManager:220 - loadIPPluginJar : add gtzc
2025-12-07 19:27:18,403 [INFO] IPUIPlugin:80 - create IPUIPlugin
2025-12-07 19:27:18,403 [INFO] PluginManager:220 - loadIPPluginJar : add hash
2025-12-07 19:27:18,407 [INFO] IPUIPlugin:80 - create IPUIPlugin
2025-12-07 19:27:18,407 [INFO] PluginManager:220 - loadIPPluginJar : add i2c
2025-12-07 19:27:18,411 [INFO] IPUIPlugin:80 - create IPUIPlugin
2025-12-07 19:27:18,411 [INFO] PluginManager:220 - loadIPPluginJar : add i2s
2025-12-07 19:27:18,418 [INFO] IPUIPlugin:80 - create IPUIPlugin
2025-12-07 19:27:18,418 [INFO] PluginManager:220 - loadIPPluginJar : add i3c
2025-12-07 19:27:18,424 [INFO] IPUIPlugin:80 - create IPUIPlugin
2025-12-07 19:27:18,424 [INFO] PluginManager:220 - loadIPPluginJar : add ipddr
2025-12-07 19:27:18,430 [INFO] IPUIPlugin:80 - create IPUIPlugin
2025-12-07 19:27:18,430 [INFO] PluginManager:220 - loadIPPluginJar : add linkedlist
2025-12-07 19:27:18,436 [INFO] IPUIPlugin:80 - create IPUIPlugin
2025-12-07 19:27:18,436 [INFO] PluginManager:220 - loadIPPluginJar : add lorawan
2025-12-07 19:27:18,439 [INFO] IPUIPlugin:80 - create IPUIPlugin
2025-12-07 19:27:18,440 [INFO] PluginManager:220 - loadIPPluginJar : add ltdc
2025-12-07 19:27:18,447 [INFO] IPUIPlugin:80 - create IPUIPlugin
2025-12-07 19:27:18,447 [INFO] PluginManager:220 - loadIPPluginJar : add mdma
2025-12-07 19:27:18,453 [INFO] IPUIPlugin:80 - create IPUIPlugin
2025-12-07 19:27:18,453 [INFO] PluginManager:220 - loadIPPluginJar : add nvic
2025-12-07 19:27:18,457 [INFO] IPUIPlugin:80 - create IPUIPlugin
2025-12-07 19:27:18,457 [INFO] PluginManager:220 - loadIPPluginJar : add opamp
2025-12-07 19:27:18,462 [INFO] IPUIPlugin:80 - create IPUIPlugin
2025-12-07 19:27:18,462 [INFO] PluginManager:220 - loadIPPluginJar : add openamp
2025-12-07 19:27:18,467 [INFO] IPUIPlugin:80 - create IPUIPlugin
2025-12-07 19:27:18,467 [INFO] PluginManager:220 - loadIPPluginJar : add pdm2pcm
2025-12-07 19:27:18,477 [INFO] IPUIPlugin:80 - create IPUIPlugin
2025-12-07 19:27:18,480 [INFO] PluginManager:220 - loadIPPluginJar : add plateformsettings
2025-12-07 19:27:18,482 [INFO] IPUIPlugin:80 - create IPUIPlugin
2025-12-07 19:27:18,483 [INFO] PluginManager:220 - loadIPPluginJar : add quadspi
2025-12-07 19:27:18,485 [INFO] IPUIPlugin:80 - create IPUIPlugin
2025-12-07 19:27:18,487 [INFO] PluginManager:220 - loadIPPluginJar : add radio
2025-12-07 19:27:18,491 [INFO] IPUIPlugin:80 - create IPUIPlugin
2025-12-07 19:27:18,491 [INFO] PluginManager:220 - loadIPPluginJar : add resmgrutility
2025-12-07 19:27:18,496 [INFO] IPUIPlugin:80 - create IPUIPlugin
2025-12-07 19:27:18,496 [INFO] PluginManager:220 - loadIPPluginJar : add sai
2025-12-07 19:27:18,499 [INFO] IPUIPlugin:80 - create IPUIPlugin
2025-12-07 19:27:18,499 [INFO] PluginManager:220 - loadIPPluginJar : add spi
2025-12-07 19:27:18,507 [INFO] IPUIPlugin:80 - create IPUIPlugin
2025-12-07 19:27:18,507 [INFO] PluginManager:220 - loadIPPluginJar : add stm32_wpan
2025-12-07 19:27:18,511 [INFO] IPUIPlugin:80 - create IPUIPlugin
2025-12-07 19:27:18,511 [INFO] PluginManager:220 - loadIPPluginJar : add tim
2025-12-07 19:27:18,516 [INFO] IPUIPlugin:80 - create IPUIPlugin
2025-12-07 19:27:18,516 [INFO] PluginManager:220 - loadIPPluginJar : add touchsensing
2025-12-07 19:27:18,518 [INFO] IPUIPlugin:80 - create IPUIPlugin
2025-12-07 19:27:18,519 [INFO] PluginManager:220 - loadIPPluginJar : add tracer_emb
2025-12-07 19:27:18,521 [INFO] IPUIPlugin:80 - create IPUIPlugin
2025-12-07 19:27:18,521 [INFO] PluginManager:220 - loadIPPluginJar : add ts
2025-12-07 19:27:18,523 [INFO] IPUIPlugin:80 - create IPUIPlugin
2025-12-07 19:27:18,523 [INFO] PluginManager:220 - loadIPPluginJar : add tsc
2025-12-07 19:27:18,526 [INFO] IPUIPlugin:80 - create IPUIPlugin
2025-12-07 19:27:18,526 [INFO] PluginManager:220 - loadIPPluginJar : add ucpd
2025-12-07 19:27:18,530 [INFO] IPUIPlugin:80 - create IPUIPlugin
2025-12-07 19:27:18,531 [INFO] PluginManager:220 - loadIPPluginJar : add usart
2025-12-07 19:27:18,535 [INFO] IPUIPlugin:80 - create IPUIPlugin
2025-12-07 19:27:18,535 [INFO] PluginManager:220 - loadIPPluginJar : add usbx
2025-12-07 19:27:18,704 [FATAL] Updater:351 - Updater called before beeing initialized
2025-12-07 19:27:18,740 [INFO] RulesReader:64 - Compatibility file has been processed (317 Rules)
2025-12-07 19:27:18,756 [INFO] RulesReader:64 - Compatibility file has been processed (317 Rules)
2025-12-07 19:27:18,769 [INFO] CADModel:165 - CPN selected for project level
2025-12-07 19:27:18,769 [INFO] CADModel:114 - Register for checkConnection events
2025-12-07 19:27:18,769 [FATAL] Updater:351 - Updater called before beeing initialized
2025-12-07 19:27:18,769 [ERROR] CADModel:125 - Updater not yet initialized, retry later 
2025-12-07 19:27:18,998 [FATAL] Updater:351 - Updater called before beeing initialized
2025-12-07 19:27:19,000 [INFO] CADModel:165 - CPN selected for project level
2025-12-07 19:27:19,001 [INFO] CADModel:114 - Register for checkConnection events
2025-12-07 19:27:19,001 [FATAL] Updater:351 - Updater called before beeing initialized
2025-12-07 19:27:19,001 [ERROR] CADModel:125 - Updater not yet initialized, retry later 
2025-12-07 19:27:19,006 [FATAL] Updater:351 - Updater called before beeing initialized
2025-12-07 19:27:19,173 [FATAL] Updater:351 - Updater called before beeing initialized
2025-12-07 19:27:19,178 [INFO] DbMcusAds:53 - JSON generation date=Fri Dec 05 11:13:14 IST 2025 (1764925994673)
2025-12-07 19:27:19,178 [FATAL] Updater:351 - Updater called before beeing initialized
2025-12-07 19:27:19,218 [WARN] DetailPanel:346 - Failed to get advertising image, set to default
2025-12-07 19:27:19,337 [FATAL] Updater:351 - Updater called before beeing initialized
2025-12-07 19:27:19,339 [FATAL] Updater:351 - Updater called before beeing initialized
2025-12-07 19:27:19,339 [FATAL] Updater:351 - Updater called before beeing initialized
2025-12-07 19:27:19,339 [WARN] DetailPanel:346 - Failed to get advertising image, set to default
2025-12-07 19:27:19,340 [FATAL] Updater:351 - Updater called before beeing initialized
2025-12-07 19:27:19,398 [ERROR] Updater:1198 - MainUpdater not yet initialized. External WinMGr cannot be set.
2025-12-07 19:27:19,400 [INFO] Updater:1134 - Updater Version found : 6.15.0
2025-12-07 19:27:19,413 [INFO] ApplicationProperties:184 - Using Application install path: C:\ST\STM32CubeIDE_1.19.0\STM32CubeIDE\plugins\com.st.stm32cube.common.mx_6.15.0.202507011659
2025-12-07 19:27:20,059 [INFO] MainUpdater:2872 - connection check result : 10
2025-12-07 19:27:20,062 [INFO] MainUpdater:289 - Updater Check For Update Now.
2025-12-07 19:27:20,063 [INFO] MicroXplorer:498 - Change Database Version : DB.6.0.150
2025-12-07 19:27:20,081 [INFO] McuFinderGlobals:63 - Set McuFinder mode to 2 (CubeIDE integrated)
2025-12-07 19:27:20,081 [INFO] UserAuth:171 - activating auth plugin
2025-12-07 19:27:20,084 [INFO] UserAuth:487 - Internet connection configuration mode: 1
2025-12-07 19:27:20,115 [INFO] JxBrowserEngine:152 - Initiate JxBrowser Engine with user profile folder
2025-12-07 19:27:20,341 [INFO] CheckServerUpdateThread:120 - End of CheckServer Thread
2025-12-07 19:27:21,302 [INFO] WebApp:169 - Instantiating new browser for Auth
2025-12-07 19:27:21,407 [WARN] PackLoader:240 - Cannot read IP mode file for STMicroelectronics.FP-SNS-MOTENVWB1.1.4.0
2025-12-07 19:27:21,442 [WARN] PackLoader:240 - Cannot read IP mode file for STMicroelectronics.FP-ATR-ASTRA1.2.0.2
2025-12-07 19:27:21,475 [WARN] PackLoader:240 - Cannot read IP mode file for STMicroelectronics.X-CUBE-SMBUS.2.1.0
2025-12-07 19:27:21,498 [WARN] PackLoader:240 - Cannot read IP mode file for STMicroelectronics.X-CUBE-ST60.1.0.0
2025-12-07 19:27:21,603 [WARN] PackLoader:240 - Cannot read IP mode file for STMicroelectronics.X-CUBE-AZRTOS-F7.1.1.0
2025-12-07 19:27:22,080 [WARN] PackLoader:240 - Cannot read IP mode file for STMicroelectronics.FP-SNS-MOTENV1.5.1.0
2025-12-07 19:27:22,102 [WARN] PackLoader:240 - Cannot read IP mode file for WES.I-CUBE-Cesium.1.4.0
2025-12-07 19:27:22,146 [WARN] PackLoader:240 - Cannot read IP mode file for Infineon.AIROC-Wi-Fi-Bluetooth-STM32.1.7.1
2025-12-07 19:27:22,196 [WARN] PackLoader:240 - Cannot read IP mode file for STMicroelectronics.X-CUBE-AZRTOS-H7.3.4.0
2025-12-07 19:27:22,214 [WARN] PackLoader:240 - Cannot read IP mode file for STMicroelectronics.X-CUBE-DISPLAY.3.0.0
2025-12-07 19:27:22,250 [WARN] PackLoader:240 - Cannot read IP mode file for STMicroelectronics.X-CUBE-NFC10.1.0.0
2025-12-07 19:27:22,260 [WARN] PackLoader:240 - Cannot read IP mode file for STMicroelectronics.X-CUBE-ST60.1.1.0
2025-12-07 19:27:22,271 [WARN] PackLoader:240 - Cannot read IP mode file for emotas.I-CUBE-CANOPEN.1.3.0
2025-12-07 19:27:22,282 [WARN] PackLoader:240 - Cannot read IP mode file for STMicroelectronics.X-CUBE-GNSS1.7.1.0
2025-12-07 19:27:22,294 [WARN] ConditionMgr:438 - getConditionDescription Invalid condition id : Cortex-A Device cause : null
2025-12-07 19:27:22,307 [WARN] ConditionMgr:1044 - genDependencies : Invalid condition id : Cortex-A Device cause : null
2025-12-07 19:27:22,308 [WARN] ConditionMgr:1044 - genDependencies : Invalid condition id : Cortex-A Device cause : null
2025-12-07 19:27:22,308 [WARN] ConditionMgr:1044 - genDependencies : Invalid condition id : Cortex-A Device cause : null
2025-12-07 19:27:22,319 [WARN] PackLoader:240 - Cannot read IP mode file for STMicroelectronics.FP-SNS-STBOX1.2.1.0
2025-12-07 19:27:22,330 [WARN] PackLoader:240 - Cannot read IP mode file for STMicroelectronics.FP-SNS-SMARTAG2.1.2.0
2025-12-07 19:27:22,337 [WARN] PackLoader:240 - Cannot read IP mode file for STMicroelectronics.FP-SNS-FLIGHT1.5.1.0
2025-12-07 19:27:22,354 [INFO] LogOutputStream:77 - [STDOUT_REDIRECT] 1 : Invalid condition id : UX_CORESTACK_Condition cause : null
2025-12-07 19:27:22,355 [INFO] LogOutputStream:77 - [STDOUT_REDIRECT] 1 : Invalid condition id : UX_CORESTACK_Condition cause : null
2025-12-07 19:27:22,358 [INFO] LogOutputStream:77 - [STDOUT_REDIRECT] 1 : Invalid condition id : UX_CORESTACK_Condition cause : null
2025-12-07 19:27:22,361 [INFO] LogOutputStream:77 - [STDOUT_REDIRECT] 1 : Invalid condition id : UX_CORESTACK_Condition cause : null
2025-12-07 19:27:22,363 [INFO] LogOutputStream:77 - [STDOUT_REDIRECT] 1 : Invalid condition id : UX_CORESTACK_Condition cause : null
2025-12-07 19:27:22,366 [WARN] PackLoader:240 - Cannot read IP mode file for STMicroelectronics.X-CUBE-AZRTOS-WL.2.0.0
2025-12-07 19:27:22,387 [WARN] PackLoader:240 - Cannot read IP mode file for STMicroelectronics.FP-SNS-MOTENV1.5.0.0
2025-12-07 19:27:22,417 [WARN] PackLoader:240 - Cannot read IP mode file for STMicroelectronics.X-CUBE-AZRTOS-H7RS.1.2.0
2025-12-07 19:27:22,428 [WARN] PackLoader:240 - Cannot read IP mode file for WES.I-CUBE-Cesium.1.3.0
2025-12-07 19:27:22,439 [WARN] PackLoader:240 - Cannot read IP mode file for STMicroelectronics.X-CUBE-BLE2.3.3.0
2025-12-07 19:27:22,479 [WARN] PackLoader:240 - Cannot read IP mode file for Infineon.AIROC-Wi-Fi-Bluetooth-STM32.1.8.0
2025-12-07 19:27:22,495 [WARN] PackLoader:240 - Cannot read IP mode file for STMicroelectronics.X-CUBE-NFC9.1.0.0
2025-12-07 19:27:22,508 [WARN] PackLoader:240 - Cannot read IP mode file for wolfSSL.I-CUBE-wolfSSL.5.8.0
2025-12-07 19:27:22,515 [WARN] PackLoader:240 - Cannot read IP mode file for STMicroelectronics.X-CUBE-BLE1.7.1.0
2025-12-07 19:27:22,521 [WARN] PackLoader:240 - Cannot read IP mode file for wolfSSL.I-CUBE-wolfMQTT.1.19.2
2025-12-07 19:27:22,530 [WARN] PackLoader:240 - Cannot read IP mode file for STMicroelectronics.X-CUBE-FREERTOS.1.4.0
2025-12-07 19:27:22,538 [WARN] PackLoader:240 - Cannot read IP mode file for STMicroelectronics.X-CUBE-EEPRMA1.5.2.0
2025-12-07 19:27:22,545 [WARN] PackLoader:240 - Cannot read IP mode file for wolfSSL.I-CUBE-wolfSSL.5.8.4
2025-12-07 19:27:22,552 [WARN] PackLoader:240 - Cannot read IP mode file for Cesanta.I-CUBE-Mongoose.7.20.0
2025-12-07 19:27:22,559 [WARN] PackLoader:240 - Cannot read IP mode file for STMicroelectronics.X-CUBE-ST67W61.1.1.0
2025-12-07 19:27:22,565 [WARN] PackLoader:240 - Cannot read IP mode file for STMicroelectronics.X-CUBE-AI.10.1.0
2025-12-07 19:27:22,629 [WARN] PackLoader:240 - Cannot read IP mode file for STMicroelectronics.X-CUBE-MEMS1.12.0.0
2025-12-07 19:27:22,894 [WARN] PackLoader:240 - Cannot read IP mode file for STMicroelectronics.X-CUBE-AZRTOS-G0.1.1.0
2025-12-07 19:27:22,913 [WARN] PackLoader:240 - Cannot read IP mode file for STMicroelectronics.X-CUBE-SAFEA1.1.2.2
2025-12-07 19:27:22,927 [WARN] PackLoader:240 - Cannot read IP mode file for STMicroelectronics.X-CUBE-NFC4.3.0.0
2025-12-07 19:27:22,950 [WARN] PackLoader:240 - Cannot read IP mode file for EmbeddedOffice.I-CUBE-FS-RTOS.1.0.1
2025-12-07 19:27:23,011 [WARN] PackLoader:240 - Cannot read IP mode file for STMicroelectronics.X-CUBE-WB05N.2.0.0
2025-12-07 19:27:23,022 [WARN] PackLoader:240 - Cannot read IP mode file for wolfSSL.I-CUBE-wolfTPM.3.8.0
2025-12-07 19:27:23,038 [WARN] PackLoader:240 - Cannot read IP mode file for STMicroelectronics.X-CUBE-TCPP.4.2.0
2025-12-07 19:27:23,052 [WARN] PackLoader:240 - Cannot read IP mode file for RealThread.X-CUBE-RT-Thread_Nano.4.1.1
2025-12-07 19:27:23,061 [WARN] PackLoader:240 - Cannot read IP mode file for STMicroelectronics.FP-ATR-SIGFOX1.3.2.0
2025-12-07 19:27:23,084 [WARN] PackLoader:240 - Cannot read IP mode file for ITTIA_DB.I-CUBE-ITTIADB.8.9.0
2025-12-07 19:27:23,097 [WARN] PackLoader:240 - Cannot read IP mode file for STMicroelectronics.X-CUBE-ST67W61.1.0.0
2025-12-07 19:27:23,106 [WARN] PackLoader:240 - Cannot read IP mode file for STMicroelectronics.X-CUBE-AI.10.2.0
2025-12-07 19:27:23,165 [WARN] PackLoader:240 - Cannot read IP mode file for SEGGER.I-CUBE-embOS.1.3.1
2025-12-07 19:27:23,249 [WARN] PackLoader:240 - Cannot read IP mode file for STMicroelectronics.X-CUBE-ALGOBUILD.1.4.0
2025-12-07 19:27:23,350 [WARN] PackLoader:240 - Cannot read IP mode file for STMicroelectronics.X-CUBE-MEMS1.11.3.0
2025-12-07 19:27:23,554 [WARN] PackLoader:240 - Cannot read IP mode file for STMicroelectronics.X-CUBE-PM33A1.1.0.0
2025-12-07 19:27:23,615 [WARN] PackLoader:240 - Cannot read IP mode file for STMicroelectronics.X-CUBE-AZRTOS-F4.1.1.0
2025-12-07 19:27:23,633 [WARN] PackLoader:240 - Cannot read IP mode file for Avnet-IotConnect.X-CUBE-IoTC-DA16k-PMOD.1.0.0
2025-12-07 19:27:23,642 [WARN] PackLoader:240 - Cannot read IP mode file for STMicroelectronics.X-CUBE-ISPU.2.1.0
2025-12-07 19:27:23,676 [WARN] PackLoader:240 - Cannot read IP mode file for STMicroelectronics.X-CUBE-IPS.3.2.0
2025-12-07 19:27:23,709 [WARN] PackLoader:240 - Cannot read IP mode file for STMicroelectronics.X-CUBE-NFC12.1.0.0
2025-12-07 19:27:23,755 [WARN] PackLoader:240 - Cannot read IP mode file for STMicroelectronics.X-CUBE-AZRTOS-L5.2.0.0
2025-12-07 19:27:23,779 [WARN] PackLoader:240 - Cannot read IP mode file for STMicroelectronics.X-CUBE-NFC6.3.1.0
2025-12-07 19:27:23,790 [WARN] PackLoader:240 - Cannot read IP mode file for STMicroelectronics.X-CUBE-FREERTOS.1.3.1
2025-12-07 19:27:23,802 [WARN] PackLoader:240 - Cannot read IP mode file for STMicroelectronics.X-CUBE-TOUCHGFX.4.26.0
2025-12-07 19:27:23,812 [WARN] PackLoader:240 - Cannot read IP mode file for STMicroelectronics.FP-SNS-STAIOTCFT.1.0.0
2025-12-07 19:27:23,823 [WARN] PackLoader:240 - Cannot read IP mode file for STMicroelectronics.X-CUBE-DPower.1.3.0
2025-12-07 19:27:23,858 [WARN] ConditionMgr:438 - getConditionDescription Invalid condition id : LAN8742 Phy interface Condition cause : null
2025-12-07 19:27:23,860 [WARN] PackLoader:240 - Cannot read IP mode file for STMicroelectronics.X-CUBE-AZRTOS-L4.2.0.0
2025-12-07 19:27:23,862 [WARN] ConditionMgr:1044 - genDependencies : Invalid condition id : LAN8742 Phy interface Condition cause : null
2025-12-07 19:27:23,863 [WARN] ConditionMgr:1044 - genDependencies : Invalid condition id : LAN8742 Phy interface Condition cause : null
2025-12-07 19:27:23,864 [WARN] ConditionMgr:1044 - genDependencies : Invalid condition id : LAN8742 Phy interface Condition cause : null
2025-12-07 19:27:23,879 [WARN] PackLoader:240 - Cannot read IP mode file for STMicroelectronics.X-CUBE-SFXS2LP1.4.0.0
2025-12-07 19:27:23,903 [WARN] PackLoader:240 - Cannot read IP mode file for STMicroelectronics.X-CUBE-BLEMGR.4.1.0
2025-12-07 19:27:23,907 [INFO] WebApp:463 - Apply proxy settings
2025-12-07 19:27:23,907 [INFO] WebApp:548 - Chromium requires no authentication
2025-12-07 19:27:23,928 [WARN] ConditionMgr:438 - getConditionDescription Invalid condition id : UX DEVICE CLASS RTOS Condition cause : null
2025-12-07 19:27:23,929 [INFO] WebApp:491 - Direct internet connection detected
2025-12-07 19:27:23,929 [WARN] ConditionMgr:438 - getConditionDescription Invalid condition id : UX DEVICE CLASS RTOS Condition cause : null
2025-12-07 19:27:23,933 [WARN] PackLoader:240 - Cannot read IP mode file for STMicroelectronics.X-CUBE-AZRTOS-WB.2.0.0
2025-12-07 19:27:23,934 [WARN] ConditionMgr:1044 - genDependencies : Invalid condition id : UX DEVICE CLASS RTOS Condition cause : null
2025-12-07 19:27:23,935 [WARN] ConditionMgr:1044 - genDependencies : Invalid condition id : UX DEVICE CLASS RTOS Condition cause : null
2025-12-07 19:27:23,935 [WARN] ConditionMgr:1044 - genDependencies : Invalid condition id : UX DEVICE CLASS RTOS Condition cause : null
2025-12-07 19:27:23,936 [WARN] ConditionMgr:1044 - genDependencies : Invalid condition id : UX DEVICE CLASS RTOS Condition cause : null
2025-12-07 19:27:23,936 [WARN] ConditionMgr:1044 - genDependencies : Invalid condition id : UX DEVICE CLASS RTOS Condition cause : null
2025-12-07 19:27:23,947 [WARN] PackLoader:240 - Cannot read IP mode file for STMicroelectronics.X-CUBE-GNSS1.7.0.1
2025-12-07 19:27:23,952 [WARN] PackLoader:240 - Cannot read IP mode file for STMicroelectronics.X-CUBE-TOUCHGFX.4.25.0
2025-12-07 19:27:23,962 [WARN] PackLoader:240 - Cannot read IP mode file for STMicroelectronics.FP-SNS-STBOX1.2.0.0
2025-12-07 19:27:23,969 [WARN] ConditionMgr:438 - getConditionDescription Invalid condition id : Cortex-A Device cause : null
2025-12-07 19:27:23,980 [WARN] ConditionMgr:1044 - genDependencies : Invalid condition id : Cortex-A Device cause : null
2025-12-07 19:27:23,981 [WARN] ConditionMgr:1044 - genDependencies : Invalid condition id : Cortex-A Device cause : null
2025-12-07 19:27:23,981 [WARN] ConditionMgr:1044 - genDependencies : Invalid condition id : Cortex-A Device cause : null
2025-12-07 19:27:23,995 [WARN] PackLoader:240 - Cannot read IP mode file for STMicroelectronics.X-CUBE-SUBG2.5.0.0
2025-12-07 19:27:23,997 [INFO] WebApp:900 - Register for checkConnection events
2025-12-07 19:27:23,997 [INFO] WebApp:463 - Apply proxy settings
2025-12-07 19:27:23,997 [INFO] WebApp:548 - Chromium requires no authentication
2025-12-07 19:27:23,998 [INFO] WebApp:491 - Direct internet connection detected
2025-12-07 19:27:24,032 [WARN] PackLoader:240 - Cannot read IP mode file for STMicroelectronics.X-CUBE-AZRTOS-H7RS.1.1.0
2025-12-07 19:27:24,039 [WARN] PackLoader:240 - Cannot read IP mode file for Cesanta.I-CUBE-Mongoose.7.13.0
2025-12-07 19:27:24,056 [WARN] PackLoader:240 - Cannot read IP mode file for STMicroelectronics.X-CUBE-AZRTOS-G4.2.0.0
2025-12-07 19:27:24,062 [WARN] PackLoader:240 - Cannot read IP mode file for wolfSSL.I-CUBE-wolfSSH.1.4.20
2025-12-07 19:27:24,069 [WARN] PackLoader:240 - Cannot read IP mode file for STMicroelectronics.X-CUBE-NFC7.2.0.0
2025-12-07 19:27:24,080 [WARN] PackLoader:240 - Cannot read IP mode file for STMicroelectronics.X-CUBE-IPS.3.1.0
2025-12-07 19:27:24,090 [WARN] PackLoader:240 - Cannot read IP mode file for STMicroelectronics.X-CUBE-ALS.1.0.2
2025-12-07 19:27:24,097 [WARN] PackLoader:240 - Cannot read IP mode file for STMicroelectronics.X-CUBE-STSE01.1.0.0
2025-12-07 19:27:24,105 [WARN] PackLoader:240 - Cannot read IP mode file for portGmbH.I-Cube-SoM-uGOAL.1.1.0
2025-12-07 19:27:24,115 [WARN] PackLoader:240 - Cannot read IP mode file for STMicroelectronics.X-CUBE-TOF1.3.4.3
2025-12-07 19:27:24,124 [INFO] ThirdParty:978 - Integrity check success = true
2025-12-07 19:27:24,125 [INFO] IntegrityCheckThread:100 - exiting critical section [integrity check]
2025-12-07 19:27:24,125 [INFO] IntegrityCheckThread:103 - End integrity checks thread
2025-12-07 19:27:24,262 [INFO] WebApp:191 - Connection restablished
2025-12-07 19:27:24,720 [INFO] WebApp:225 - Starting web application
2025-12-07 19:27:24,721 [INFO] WebApp:593 - Web application path used C:\ST\STM32CubeIDE_1.19.0\STM32CubeIDE\plugins\com.st.stm32cube.common.mx_6.15.0.202507011659\db\plugins\mcufinder\reactClient1\index.html
2025-12-07 19:28:38,178 [INFO] McuFinderGlobals:63 - Set McuFinder mode to 2 (CubeIDE integrated)
2025-12-07 19:28:38,182 [INFO] MainUpdater:2872 - connection check result : 10
2025-12-07 19:28:39,181 [INFO] ApiDb:581 - Connected to CubeFinder SQLite database (C:\Users\Marom Keren\.stmcufinder\plugins\mcufinder\mcu\cube-finder-db.db)
2025-12-07 19:28:39,348 [INFO] ApiDb:668 - CubeFinder database Data Model version=2.1
2025-12-07 19:28:39,348 [INFO] ApiDb:669 - CubeFinder database Configuration version=3.0.39
2025-12-07 19:28:39,348 [INFO] ApiDb:670 - CubeFinder database generation date=2025-11-05 (1762334721)
2025-12-07 19:28:39,348 [INFO] ApiDb:671 - CubeFinder database FW Pack versions=[FP-ATR-ASTRA1_V2.0.0, FP-SNS-FLIGHT1_V5.1.0, FP-SNS-MOTENV1_V5.1.0, FP-SNS-MOTENVWB1_V1.4.0, FP-SNS-SMARTAG2_V1.2.0, FP-SNS-STBOX1_V2.1.0, STM32Cube_FW_C0_V1.4.0, STM32Cube_FW_F4_V1.28.3, STM32Cube_FW_F7_V1.17.4, STM32Cube_FW_G0_V1.6.2, STM32Cube_FW_G4_V1.6.1, STM32Cube_FW_H5_V1.5.1, STM32Cube_FW_H7RS_V1.3.0, STM32Cube_FW_H7_V1.12.1, STM32Cube_FW_L0_V1.12.2, STM32Cube_FW_L4_V1.18.1, STM32Cube_FW_L5_V1.6.0, STM32Cube_FW_N6_V1.3.0, STM32Cube_FW_U0_V1.3.0, STM32Cube_FW_U3_V1.2.1, STM32Cube_FW_U5_V1.8.0, STM32Cube_FW_WB0_V1.4.0, STM32Cube_FW_WBA_V1.8.0, STM32Cube_FW_WB_V1.24.0, STM32Cube_FW_WL3_V1.3.0, STM32Cube_FW_WL_V1.4.0, X-CUBE-ALGOBUILD_V1.4.0, X-CUBE-ALS_V1.0.2, X-CUBE-AZRTOS-F4_V1.1.0, X-CUBE-AZRTOS-F7_V1.1.0, X-CUBE-AZRTOS-G0_V1.1.0, X-CUBE-AZRTOS-G4_V2.0.0, X-CUBE-AZRTOS-H7RS_V1.1.0, X-CUBE-AZRTOS-H7_V3.4.0, X-CUBE-AZRTOS-L4_V2.0.0, X-CUBE-AZRTOS-L5_V2.0.0, X-CUBE-AZRTOS-WB_V2.0.0, X-CUBE-AZRTOS-WL_V2.0.0, X-CUBE-BLE1_V7.1.0, X-CUBE-BLE2_V3.3.0, X-CUBE-BLEMGR_V4.1.0, X-CUBE-EEPRMA1_V5.2.0, X-CUBE-FREERTOS_V1.3.1, X-CUBE-GNSS1_V6.0.0, X-CUBE-MEMS1_V11.3.0, X-CUBE-NFC4_V3.0.0, X-CUBE-NFC7_V2.0.0, X-CUBE-SFXS2LP1_V4.0.0, X-CUBE-ST67W61_V1.1.0, X-CUBE-SUBG2_V5.0.0, X-CUBE-TOF1_V3.4.3]
2025-12-07 19:28:42,712 [INFO] ApiDb:240 - Found 880 in-development CPN: [B-G473E-ZEST1S, B-WB1M-WPAN1, B-WBA5M-WPAN, B-WL5M-SUBG1, NUCLEO-C031C6, NUCLEO-C051C8, NUCLEO-C071RB, NUCLEO-C092RC, NUCLEO-H503RB, NUCLEO-H533RE, NUCLEO-H563ZI, NUCLEO-H7S3L8, NUCLEO-N657X0-Q, NUCLEO-U031R8, NUCLEO-U083RC, NUCLEO-U385RG-Q, NUCLEO-U545RE-Q, NUCLEO-U5A5ZJ-Q, NUCLEO-WB05KZ, NUCLEO-WB07CC, NUCLEO-WB09KE, NUCLEO-WBA52CG, NUCLEO-WBA55CG, NUCLEO-WL33CC1, NUCLEO-WL33CC2, STEVAL-PROTEUS1, STEVAL-SMARTAG2, STEVAL-STWINBX1, STM320518-EVAL, STM32C0116-DK, STM32C011D6Y3TR, STM32C011D6Y6TR, STM32C011F4P3, STM32C011F4P6, STM32C011F4U3, STM32C011F4U6TR, STM32C011F6P3, STM32C011F6P6, STM32C011F6U3, STM32C011F6U6TR, STM32C011J4M3, STM32C011J4M6, STM32C011J6M3, STM32C011J6M6, STM32C0316-DK, STM32C031C4T3, STM32C031C4T6, STM32C031C4U3, STM32C031C4U6, STM32C031C6T3, STM32C031C6T6, STM32C031C6U3, STM32C031C6U6, STM32C031F4P3, STM32C031F4P6, STM32C031F6P3, STM32C031F6P6, STM32C031G4U3, STM32C031G4U6, STM32C031G6U3, STM32C031G6U6, STM32C031K4T3, STM32C031K4T6, STM32C031K4U3, STM32C031K4U6, STM32C031K6T3, STM32C031K6T6, STM32C031K6U3, STM32C031K6U6, STM32C051C6T6, STM32C051C6U6, STM32C051C8T6, STM32C051C8U6, STM32C051D8Y6TR, STM32C051F6P6, STM32C051F8P6, STM32C051G6U6, STM32C051G8U6, STM32C051K6T6, STM32C051K6U6, STM32C051K8T6, STM32C071C8T6, STM32C071C8T6N, STM32C071C8U6, STM32C071C8U6N, STM32C071CBT6, STM32C071CBT6N, STM32C071CBU6, STM32C071CBU6N, STM32C071F8P6, STM32C071F8P6N, STM32C071FBP6, STM32C071FBP6N, STM32C071FBY6TR, STM32C071G8U6, STM32C071G8U6N, STM32C071GBU6, STM32C071GBU6N, STM32C071K8T6, STM32C071K8T6N, STM32C071K8U6, STM32C071K8U6N, STM32C071KBT6, STM32C071KBT6N, STM32C071KBU6, STM32C071KBU6N, STM32C071R8T6, STM32C071R8T6N, STM32C071RBI6N, STM32C071RBT6, STM32C071RBT6N, STM32C091CBT6, STM32C091CBU6, STM32C091CCT6, STM32C091CCU6, STM32C091ECY6TR, STM32C091FBP6, STM32C091FCP6, STM32C091GBU6, STM32C091GCU6, STM32C091KBT6, STM32C091KBU6, STM32C091KCT6, STM32C091KCU6, STM32C091RBT6, STM32C091RCI6, STM32C091RCT6, STM32C092CBT6, STM32C092CBU6, STM32C092CCT6, STM32C092CCU6, STM32C092ECY6TR, STM32C092FBP6, STM32C092FCP6, STM32C092GBU6, STM32C092GCU6, STM32C092KBT6, STM32C092KBU6, STM32C092KCT6, STM32C092KCU6, STM32C092RBT6, STM32C092RCI6, STM32C092RCT6, STM32G071K8TXN, STM32G071K8UXN, STM32G081GBU6N, STM32G081KBT6N, STM32G081KBUXN, STM32G0B1CCT6N, STM32G0B1KCT6, STM32G0B1NEY6TR, STM32G0B1RCT6N, STM32G0C1CCT6, STM32G0C1CCT6N, STM32G0C1CCU6N, STM32G0C1CET6N, STM32G0C1CEU6N, STM32G0C1KCT6, STM32G0C1NEY6TR, STM32G0C1RCI6N, STM32G0C1RCT6N, STM32G0C1REI6N, STM32G0C1RET6N, STM32G0C1VCI6, STM32G0C1VEI6, STM32G411C6T3, STM32G411C6T6, STM32G411C6U3, STM32G411C6U6, STM32G411C8T3, STM32G411C8T6, STM32G411C8U3, STM32G411C8U6, STM32G411CBT3, STM32G411CBT6, STM32G411CBU3, STM32G411CBU6, STM32G411K6T3, STM32G411K6T6, STM32G411K6U3, STM32G411K6U6, STM32G411K8T3, STM32G411K8T6, STM32G411K8U3, STM32G411K8U6, STM32G411KBT3, STM32G411KBT6, STM32G411KBU3, STM32G411KBU6, STM32G411M6T3, STM32G411M6T6, STM32G411M8T3, STM32G411M8T6, STM32G411MBT3, STM32G411MBT6, STM32G411R6T3, STM32G411R6T6, STM32G411R8T3, STM32G411R8T6, STM32G411RBT3, STM32G411RBT6, STM32G414CBT3, STM32G414CBT6, STM32G414CBU3, STM32G414CBU6, STM32G414CCT3, STM32G414CCT6, STM32G414CCU3, STM32G414CCU6, STM32G414MBT3, STM32G414MBT6, STM32G414MCT3, STM32G414MCT6, STM32G414RBT3, STM32G414RBT6, STM32G414RCT3, STM32G414RCT6, STM32G414VBT3, STM32G414VBT6, STM32G414VCT3, STM32G414VCT6, STM32G431CBT3Z, STM32G431RBT3Z, STM32G471CCT6, STM32G471CCU6, STM32G471CET3, STM32G471CET6, STM32G471CEU3, STM32G471CEU6, STM32G471MCT6, STM32G471MET3, STM32G471MET6, STM32G471MEY6TR, STM32G471QCT6, STM32G471QET3, STM32G471RCT6, STM32G471RET3, STM32G471RET6, STM32G471VCH6, STM32G471VCI6, STM32G471VCT6, STM32G471VEH3, STM32G471VEH6, STM32G471VEI3, STM32G471VEI6, STM32G471VET3, STM32G471VET6, STM32G473QET3Z, STM32G473RET3Z, STM32G474CCT6, STM32G491RET3Z, STM32H503CBT6, STM32H503CBU6, STM32H503EBY6TR, STM32H503KBU6, STM32H503RBT6, STM32H523CCT6, STM32H523CCU6, STM32H523CET6, STM32H523CEU6, STM32H523HEY6TR, STM32H523RCT6, STM32H523RET6, STM32H523VCI6, STM32H523VCT6, STM32H523VEI6, STM32H523VET6, STM32H523ZCJ6, STM32H523ZCT6, STM32H523ZEJ6, STM32H523ZET6, STM32H533CET6, STM32H533CEU6, STM32H533HEY6TR, STM32H533RET6, STM32H533VEI6, STM32H533VET6, STM32H533ZEJ6, STM32H533ZET6, STM32H562AGI6, STM32H562AII6, STM32H562IGK6, STM32H562IGT6, STM32H562IIK6, STM32H562IIT6, STM32H562RGT6, STM32H562RGV6, STM32H562RIT6, STM32H562RIV6, STM32H562VGT6, STM32H562VIT6, STM32H562ZGT6, STM32H562ZIT6, STM32H563AGI6, STM32H563AII3Q, STM32H563AII6, STM32H563IGK6, STM32H563IGT6, STM32H563IIK3Q, STM32H563IIK6, STM32H563IIT3Q, STM32H563IIT6, STM32H563MIY3QTR, STM32H563RGT6, STM32H563RGV6, STM32H563RIT6, STM32H563RIV6, STM32H563VGT6, STM32H563VIT3Q, STM32H563VIT6, STM32H563ZGT6, STM32H563ZIT3Q, STM32H563ZIT6, STM32H573AII3Q, STM32H573AII6, STM32H573I-DK, STM32H573IIK3Q, STM32H573IIK6, STM32H573IIT3Q, STM32H573IIT6, STM32H573MIY3QTR, STM32H573RIT6, STM32H573RIV6, STM32H573VIT3Q, STM32H573VIT6, STM32H573ZIT3Q, STM32H573ZIT6, STM32H7R3A8I6, STM32H7R3I8K6, STM32H7R3I8T6, STM32H7R3L8H6, STM32H7R3L8H6H, STM32H7R3R8V6, STM32H7R3V8H6, STM32H7R3V8T6, STM32H7R3V8Y6TR, STM32H7R3Z8J6, STM32H7R3Z8T6, STM32H7R7A8I6, STM32H7R7I8K6, STM32H7R7I8T6, STM32H7R7L8H6, STM32H7R7L8H6H, STM32H7R7Z8J6, STM32H7S3A8I6, STM32H7S3I8K6, STM32H7S3I8T6, STM32H7S3L8H6, STM32H7S3L8H6H, STM32H7S3R8V6, STM32H7S3V8H6, STM32H7S3V8T6, STM32H7S3V8Y6TR, STM32H7S3Z8J6, STM32H7S3Z8T6, STM32H7S78-DK, STM32H7S7A8I6, STM32H7S7I8K6, STM32H7S7I8T6, STM32H7S7L8H6, STM32H7S7L8H6H, STM32H7S7Z8J6, STM32L4R5QGI6STR, STM32MP131AAE3, STM32MP131AAF3, STM32MP131AAG3, STM32MP131CAE3, STM32MP131CAF3, STM32MP131CAG3, STM32MP131DAE7, STM32MP131DAF7, STM32MP131DAG7, STM32MP131FAE7, STM32MP131FAF7, STM32MP131FAG7, STM32MP133AAE3, STM32MP133AAF3, STM32MP133AAG3, STM32MP133CAE3, STM32MP133CAF3, STM32MP133CAG3, STM32MP133DAE7, STM32MP133DAF7, STM32MP133DAG7, STM32MP133FAE7, STM32MP133FAF7, STM32MP133FAG7, STM32MP135AAE3, STM32MP135AAF3, STM32MP135AAG3, STM32MP135CAE3, STM32MP135CAF3, STM32MP135CAG3, STM32MP135DAE7, STM32MP135DAF7, STM32MP135DAG7, STM32MP135F-DK, STM32MP135FAE7, STM32MP135FAF7, STM32MP135FAF7T, STM32MP135FAF7U, STM32MP135FAG7, STM32MP211AAL3, STM32MP211AAM3, STM32MP211AAN3, STM32MP211AAO3, STM32MP211CAL3, STM32MP211CAM3, STM32MP211CAN3, STM32MP211CAO3, STM32MP211DAL3, STM32MP211DAM3, STM32MP211DAN3, STM32MP211DAO3, STM32MP211FAL3, STM32MP211FAM3, STM32MP211FAN3, STM32MP211FAO3, STM32MP213AAL3, STM32MP213AAM3, STM32MP213AAN3, STM32MP213AAO3, STM32MP213CAL3, STM32MP213CAM3, STM32MP213CAN3, STM32MP213CAO3, STM32MP213DAL3, STM32MP213DAM3, STM32MP213DAN3, STM32MP213DAO3, STM32MP213FAL3, STM32MP213FAM3, STM32MP213FAN3, STM32MP213FAO3, STM32MP215AAL3, STM32MP215AAM3, STM32MP215AAN3, STM32MP215AAO3, STM32MP215CAL3, STM32MP215CAM3, STM32MP215CAN3, STM32MP215CAO3, STM32MP215DAL3, STM32MP215DAM3, STM32MP215DAN3, STM32MP215DAO3, STM32MP215F-DK, STM32MP215FAL3, STM32MP215FAM3, STM32MP215FAN3, STM32MP215FAO3, STM32MP231AAJ3, STM32MP231AAK3, STM32MP231AAL3, STM32MP231CAJ3, STM32MP231CAK3, STM32MP231CAL3, STM32MP231DAJ3, STM32MP231DAK3, STM32MP231DAL3, STM32MP231FAJ3, STM32MP231FAK3, STM32MP231FAL3, STM32MP233AAJ3, STM32MP233AAK3, STM32MP233AAL3, STM32MP233CAJ3, STM32MP233CAK3, STM32MP233CAL3, STM32MP233DAJ3, STM32MP233DAK3, STM32MP233DAL3, STM32MP233FAJ3, STM32MP233FAK3, STM32MP233FAL3, STM32MP235AAJ3, STM32MP235AAK3, STM32MP235AAL3, STM32MP235CAJ3, STM32MP235CAK3, STM32MP235CAL3, STM32MP235DAJ3, STM32MP235DAK3, STM32MP235DAL3, STM32MP235FAJ3, STM32MP235FAK3, STM32MP235FAL3, STM32MP251AAI3, STM32MP251AAK3, STM32MP251AAL3, STM32MP251CAI3, STM32MP251CAK3, STM32MP251CAL3, STM32MP251DAI3, STM32MP251DAK3, STM32MP251DAL3, STM32MP251FAI3, STM32MP251FAK3, STM32MP251FAL3, STM32MP253AAI3, STM32MP253AAK3, STM32MP253AAL3, STM32MP253CAI3, STM32MP253CAK3, STM32MP253CAL3, STM32MP253DAI3, STM32MP253DAK3, STM32MP253DAL3, STM32MP253FAI3, STM32MP253FAK3, STM32MP253FAL3, STM32MP255AAI3, STM32MP255AAK3, STM32MP255AAL3, STM32MP255CAI3, STM32MP255CAK3, STM32MP255CAL3, STM32MP255DAI3, STM32MP255DAK3, STM32MP255DAL3, STM32MP255FAI3, STM32MP255FAK3, STM32MP255FAL3, STM32MP257AAI3, STM32MP257AAK3, STM32MP257AAL3, STM32MP257CAI3, STM32MP257CAK3, STM32MP257CAL3, STM32MP257DAI3, STM32MP257DAK3, STM32MP257DAL3, STM32MP257F-DK, STM32MP257F-EV1, STM32MP257FAI3, STM32MP257FAK3, STM32MP257FAL3, STM32N645A0H3Q, STM32N645B0H3Q, STM32N645I0H3Q, STM32N645L0H3Q, STM32N645X0H3Q, STM32N645Z0H3Q, STM32N647A0H3Q, STM32N647B0H3Q, STM32N647I0H3Q, STM32N647L0H3Q, STM32N647X0H3Q, STM32N647Z0H3Q, STM32N655A0H3Q, STM32N655B0H3Q, STM32N655I0H3Q, STM32N655L0H3Q, STM32N655X0H3Q, STM32N655Z0H3Q, STM32N6570-DK, STM32N657A0H3Q, STM32N657B0H3Q, STM32N657I0H3Q, STM32N657L0H3Q, STM32N657X0H3Q, STM32N657Z0H3Q, STM32U031C6T6, STM32U031C6U6, STM32U031C8T6, STM32U031C8U6, STM32U031F4P6, STM32U031F6P6, STM32U031F8P6, STM32U031G6Y6TR, STM32U031G8Y6TR, STM32U031K4U6, STM32U031K6U6, STM32U031K8U6, STM32U031R6I6, STM32U031R6T6, STM32U031R8I6, STM32U031R8T6, STM32U073C8T6, STM32U073C8U6, STM32U073CBT6, STM32U073CBU6, STM32U073CCT6, STM32U073CCU6, STM32U073H8Y6TR, STM32U073HBY6TR, STM32U073HCY6TR, STM32U073K8U6, STM32U073KBU6, STM32U073KCU6, STM32U073M8I6, STM32U073M8T6, STM32U073MBI6, STM32U073MBT6, STM32U073MCI6, STM32U073MCT6, STM32U073R8I6, STM32U073R8T6, STM32U073RBI6, STM32U073RBT6, STM32U073RCI6, STM32U073RCT6, STM32U083C-DK, STM32U083CCT6, STM32U083CCU6, STM32U083HCY6TR, STM32U083KCU6, STM32U083MCI6, STM32U083MCT6, STM32U083RCI6, STM32U083RCT6, STM32U375CET6, STM32U375CET6Q, STM32U375CEU6, STM32U375CEU6Q, STM32U375CEY6QTR, STM32U375CGT6, STM32U375CGT6Q, STM32U375CGU6, STM32U375CGU6Q, STM32U375CGY6QTR, STM32U375KEU6, STM32U375KGU6, STM32U375REI6, STM32U375REI6Q, STM32U375RET6, STM32U375RET6Q, STM32U375REY6GTR, STM32U375REY6QTR, STM32U375RGI6, STM32U375RGI6Q, STM32U375RGT6, STM32U375RGT6Q, STM32U375RGY6GTR, STM32U375RGY6QTR, STM32U375VEI6, STM32U375VEI6Q, STM32U375VET6, STM32U375VET6Q, STM32U375VGI6, STM32U375VGI6Q, STM32U375VGT6, STM32U375VGT6Q, STM32U385CGT6, STM32U385CGT6Q, STM32U385CGU6, STM32U385CGU6Q, STM32U385CGY6QTR, STM32U385KGU6, STM32U385RGI6, STM32U385RGI6Q, STM32U385RGT6, STM32U385RGT6Q, STM32U385RGY6GTR, STM32U385RGY6QTR, STM32U385VGI6, STM32U385VGI6Q, STM32U385VGT6, STM32U385VGT6Q, STM32U535CBT6, STM32U535CBT6Q, STM32U535CBU6, STM32U535CBU6Q, STM32U535CCT6, STM32U535CCT6Q, STM32U535CCU6, STM32U535CCU6Q, STM32U535CET6, STM32U535CET6Q, STM32U535CEU6, STM32U535CEU6Q, STM32U535JEY6QTR, STM32U535NCY6QTR, STM32U535NEY6QTR, STM32U535RBI6, STM32U535RBI6Q, STM32U535RBT6, STM32U535RBT6Q, STM32U535RCI6, STM32U535RCI6Q, STM32U535RCT6, STM32U535RCT6Q, STM32U535REI6, STM32U535REI6Q, STM32U535RET6, STM32U535RET6Q, STM32U535VCI6, STM32U535VCI6Q, STM32U535VCT6, STM32U535VCT6Q, STM32U535VEI6, STM32U535VEI6Q, STM32U535VET6, STM32U535VET6Q, STM32U545CET6, STM32U545CET6Q, STM32U545CEU6, STM32U545CEU6Q, STM32U545JEY6QTR, STM32U545NEY6QTR, STM32U545REI6, STM32U545REI6Q, STM32U545RET6, STM32U545RET6Q, STM32U545VEI6, STM32U545VEI6Q, STM32U545VET6, STM32U545VET6Q, STM32U595AIH6, STM32U595AIH6Q, STM32U595AJH6, STM32U595AJH6Q, STM32U595QII6, STM32U595QII6Q, STM32U595QJI6, STM32U595QJI6Q, STM32U595RIT6, STM32U595RIT6Q, STM32U595RJT6, STM32U595RJT6Q, STM32U595VIT6, STM32U595VIT6Q, STM32U595VJT6, STM32U595VJT6Q, STM32U595ZIT6, STM32U595ZIT6Q, STM32U595ZIY6QTR, STM32U595ZJT6, STM32U595ZJT6Q, STM32U595ZJY6QTR, STM32U599BJY6QTR, STM32U599NIH6Q, STM32U599NJH6Q, STM32U599VIT6Q, STM32U599VJT6, STM32U599VJT6Q, STM32U599ZIT6Q, STM32U599ZIY6QTR, STM32U599ZJT6Q, STM32U599ZJY6QTR, STM32U5A5AJH6, STM32U5A5AJH6Q, STM32U5A5QII3Q , STM32U5A5QJI6, STM32U5A5QJI6Q, STM32U5A5RJT6, STM32U5A5RJT6Q, STM32U5A5VJT6, STM32U5A5VJT6Q, STM32U5A5ZJT6, STM32U5A5ZJT6Q, STM32U5A5ZJY6QTR, STM32U5A9BJY6QTR, STM32U5A9J-DK, STM32U5A9NJH6Q, STM32U5A9VJT6Q, STM32U5A9ZJT6Q, STM32U5A9ZJY6QTR, STM32U5F7VIT6, STM32U5F7VIT6Q, STM32U5F7VJT6, STM32U5F7VJT6Q, STM32U5F9BJY6QTR, STM32U5F9NJH6Q, STM32U5F9VIT6Q, STM32U5F9VJT6Q, STM32U5F9ZIJ6QTR, STM32U5F9ZIT6Q, STM32U5F9ZJJ6QTR, STM32U5F9ZJT6Q, STM32U5G7VJT6, STM32U5G7VJT6Q, STM32U5G9BJY6QTR, STM32U5G9J-DK1, STM32U5G9J-DK2, STM32U5G9NJH6Q, STM32U5G9VJT6Q, STM32U5G9ZJJ6QTR, STM32U5G9ZJT6Q, STM32WB05KZV6TR, STM32WB05KZV7TR, STM32WB05TZF6TR, STM32WB05TZF7TR, STM32WB06CCF6TR, STM32WB06CCF7TR, STM32WB06CCV6TR, STM32WB06CCV7TR, STM32WB06KCV6TR, STM32WB06KCV7TR, STM32WB07CCF6TR, STM32WB07CCF7TR, STM32WB07CCV6TR, STM32WB07CCV7TR, STM32WB07KCV6TR, STM32WB07KCV7TR, STM32WB09KEV6TR, STM32WB09KEV7TR, STM32WB09TEF6TR, STM32WB09TEF7TR, STM32WB1MMCH6, STM32WBA50KGU6, STM32WBA50KGU6TR, STM32WBA52CEU6, STM32WBA52CEU6TR, STM32WBA52CEU7, STM32WBA52CEU7TR, STM32WBA52CGU6, STM32WBA52CGU6TR, STM32WBA52CGU6U, STM32WBA52CGU7, STM32WBA52CGU7TR, STM32WBA52KEU6, STM32WBA52KEU6TR, STM32WBA52KGU6, STM32WBA52KGU6TR, STM32WBA54CEU6, STM32WBA54CEU6TR, STM32WBA54CEU7, STM32WBA54CEU7TR, STM32WBA54CGU6, STM32WBA54CGU6TR, STM32WBA54CGU7, STM32WBA54CGU7TR, STM32WBA54KEU6, STM32WBA54KEU6TR, STM32WBA54KEU7, STM32WBA54KEU7TR, STM32WBA54KGU6, STM32WBA54KGU6TR, STM32WBA54KGU7, STM32WBA54KGU7TR, STM32WBA55CEU6, STM32WBA55CEU6TR, STM32WBA55CEU7, STM32WBA55CEU7TR, STM32WBA55CGU6, STM32WBA55CGU6TR, STM32WBA55CGU6U, STM32WBA55CGU7, STM32WBA55CGU7TR, STM32WBA55G-DK1, STM32WBA55HEF6, STM32WBA55HEF7, STM32WBA55HGF6, STM32WBA55HGF7, STM32WBA55UEI6, STM32WBA55UEI6TR, STM32WBA55UEI7, STM32WBA55UEI7TR, STM32WBA55UGI6, STM32WBA55UGI6TR, STM32WBA55UGI7, STM32WBA55UGI7TR, STM32WBA5MMGH6TR, STM32WBA62MGF6, STM32WBA62MIF6, STM32WBA65MGF7, STM32WBA65MIF6, STM32WBA65MIF7, STM32WL30K8V6, STM32WL30KBV6, STM32WL31C8V6, STM32WL31CBV6, STM32WL31K8V6, STM32WL31KBV6, STM32WL33C8V6, STM32WL33C8V6X, STM32WL33CBV6, STM32WL33CBV6X, STM32WL33CCV6, STM32WL33CCV6A, STM32WL33CCV6X, STM32WL33K8V7, STM32WL33K8V7X, STM32WL33KBV7 , STM32WL33KBV7X, STM32WL33KCV7, STM32WL33KCV7X, STM32WL5MOCH6, STM32WL5MOCH6TR]
2025-12-07 19:28:42,777 [INFO] DbMcus:218 - Found 4876 MCUs, 4876 are supported
2025-12-07 19:28:42,779 [INFO] ApiDb:423 - Load user favorites file C:\Users\Marom Keren/.stm32cubeide/favorites.mcus.txt: 0 item(s)
2025-12-07 19:28:42,780 [INFO] ApiDb:427 - User favorites MCUs=[]
2025-12-07 19:28:42,780 [INFO] DbMcus:224 - Set 0 / 0 favorites MCUs
2025-12-07 19:28:43,779 [INFO] ApiDb:668 - CubeFinder database Data Model version=2.1
2025-12-07 19:28:43,779 [INFO] ApiDb:669 - CubeFinder database Configuration version=3.0.39
2025-12-07 19:28:43,780 [INFO] ApiDb:670 - CubeFinder database generation date=2025-11-05 (1762334721)
2025-12-07 19:28:43,780 [INFO] ApiDb:671 - CubeFinder database FW Pack versions=[FP-ATR-ASTRA1_V2.0.0, FP-SNS-FLIGHT1_V5.1.0, FP-SNS-MOTENV1_V5.1.0, FP-SNS-MOTENVWB1_V1.4.0, FP-SNS-SMARTAG2_V1.2.0, FP-SNS-STBOX1_V2.1.0, STM32Cube_FW_C0_V1.4.0, STM32Cube_FW_F4_V1.28.3, STM32Cube_FW_F7_V1.17.4, STM32Cube_FW_G0_V1.6.2, STM32Cube_FW_G4_V1.6.1, STM32Cube_FW_H5_V1.5.1, STM32Cube_FW_H7RS_V1.3.0, STM32Cube_FW_H7_V1.12.1, STM32Cube_FW_L0_V1.12.2, STM32Cube_FW_L4_V1.18.1, STM32Cube_FW_L5_V1.6.0, STM32Cube_FW_N6_V1.3.0, STM32Cube_FW_U0_V1.3.0, STM32Cube_FW_U3_V1.2.1, STM32Cube_FW_U5_V1.8.0, STM32Cube_FW_WB0_V1.4.0, STM32Cube_FW_WBA_V1.8.0, STM32Cube_FW_WB_V1.24.0, STM32Cube_FW_WL3_V1.3.0, STM32Cube_FW_WL_V1.4.0, X-CUBE-ALGOBUILD_V1.4.0, X-CUBE-ALS_V1.0.2, X-CUBE-AZRTOS-F4_V1.1.0, X-CUBE-AZRTOS-F7_V1.1.0, X-CUBE-AZRTOS-G0_V1.1.0, X-CUBE-AZRTOS-G4_V2.0.0, X-CUBE-AZRTOS-H7RS_V1.1.0, X-CUBE-AZRTOS-H7_V3.4.0, X-CUBE-AZRTOS-L4_V2.0.0, X-CUBE-AZRTOS-L5_V2.0.0, X-CUBE-AZRTOS-WB_V2.0.0, X-CUBE-AZRTOS-WL_V2.0.0, X-CUBE-BLE1_V7.1.0, X-CUBE-BLE2_V3.3.0, X-CUBE-BLEMGR_V4.1.0, X-CUBE-EEPRMA1_V5.2.0, X-CUBE-FREERTOS_V1.3.1, X-CUBE-GNSS1_V6.0.0, X-CUBE-MEMS1_V11.3.0, X-CUBE-NFC4_V3.0.0, X-CUBE-NFC7_V2.0.0, X-CUBE-SFXS2LP1_V4.0.0, X-CUBE-ST67W61_V1.1.0, X-CUBE-SUBG2_V5.0.0, X-CUBE-TOF1_V3.4.3]
2025-12-07 19:28:43,905 [INFO] DbBoardsSqlite:226 - include board P-NUCLEO-WB55-NUCLEO as a kit item of type 'Nucleo-64'
2025-12-07 19:28:43,906 [INFO] DbBoardsSqlite:226 - include board P-NUCLEO-WB55-USBDONGLE as a kit item of type 'Nucleo USB Dongle'
2025-12-07 19:28:43,906 [INFO] DbBoardsSqlite:226 - include board STEVAL-IDP005V1 as a kit item of type 'Evaluation Board'
2025-12-07 19:28:43,906 [INFO] DbBoardsSqlite:226 - include board STEVAL-IDP005V2 as a kit item of type 'Evaluation Board'
2025-12-07 19:28:44,088 [INFO] ApiDb:240 - Found 880 in-development CPN: [B-G473E-ZEST1S, B-WB1M-WPAN1, B-WBA5M-WPAN, B-WL5M-SUBG1, NUCLEO-C031C6, NUCLEO-C051C8, NUCLEO-C071RB, NUCLEO-C092RC, NUCLEO-H503RB, NUCLEO-H533RE, NUCLEO-H563ZI, NUCLEO-H7S3L8, NUCLEO-N657X0-Q, NUCLEO-U031R8, NUCLEO-U083RC, NUCLEO-U385RG-Q, NUCLEO-U545RE-Q, NUCLEO-U5A5ZJ-Q, NUCLEO-WB05KZ, NUCLEO-WB07CC, NUCLEO-WB09KE, NUCLEO-WBA52CG, NUCLEO-WBA55CG, NUCLEO-WL33CC1, NUCLEO-WL33CC2, STEVAL-PROTEUS1, STEVAL-SMARTAG2, STEVAL-STWINBX1, STM320518-EVAL, STM32C0116-DK, STM32C011D6Y3TR, STM32C011D6Y6TR, STM32C011F4P3, STM32C011F4P6, STM32C011F4U3, STM32C011F4U6TR, STM32C011F6P3, STM32C011F6P6, STM32C011F6U3, STM32C011F6U6TR, STM32C011J4M3, STM32C011J4M6, STM32C011J6M3, STM32C011J6M6, STM32C0316-DK, STM32C031C4T3, STM32C031C4T6, STM32C031C4U3, STM32C031C4U6, STM32C031C6T3, STM32C031C6T6, STM32C031C6U3, STM32C031C6U6, STM32C031F4P3, STM32C031F4P6, STM32C031F6P3, STM32C031F6P6, STM32C031G4U3, STM32C031G4U6, STM32C031G6U3, STM32C031G6U6, STM32C031K4T3, STM32C031K4T6, STM32C031K4U3, STM32C031K4U6, STM32C031K6T3, STM32C031K6T6, STM32C031K6U3, STM32C031K6U6, STM32C051C6T6, STM32C051C6U6, STM32C051C8T6, STM32C051C8U6, STM32C051D8Y6TR, STM32C051F6P6, STM32C051F8P6, STM32C051G6U6, STM32C051G8U6, STM32C051K6T6, STM32C051K6U6, STM32C051K8T6, STM32C071C8T6, STM32C071C8T6N, STM32C071C8U6, STM32C071C8U6N, STM32C071CBT6, STM32C071CBT6N, STM32C071CBU6, STM32C071CBU6N, STM32C071F8P6, STM32C071F8P6N, STM32C071FBP6, STM32C071FBP6N, STM32C071FBY6TR, STM32C071G8U6, STM32C071G8U6N, STM32C071GBU6, STM32C071GBU6N, STM32C071K8T6, STM32C071K8T6N, STM32C071K8U6, STM32C071K8U6N, STM32C071KBT6, STM32C071KBT6N, STM32C071KBU6, STM32C071KBU6N, STM32C071R8T6, STM32C071R8T6N, STM32C071RBI6N, STM32C071RBT6, STM32C071RBT6N, STM32C091CBT6, STM32C091CBU6, STM32C091CCT6, STM32C091CCU6, STM32C091ECY6TR, STM32C091FBP6, STM32C091FCP6, STM32C091GBU6, STM32C091GCU6, STM32C091KBT6, STM32C091KBU6, STM32C091KCT6, STM32C091KCU6, STM32C091RBT6, STM32C091RCI6, STM32C091RCT6, STM32C092CBT6, STM32C092CBU6, STM32C092CCT6, STM32C092CCU6, STM32C092ECY6TR, STM32C092FBP6, STM32C092FCP6, STM32C092GBU6, STM32C092GCU6, STM32C092KBT6, STM32C092KBU6, STM32C092KCT6, STM32C092KCU6, STM32C092RBT6, STM32C092RCI6, STM32C092RCT6, STM32G071K8TXN, STM32G071K8UXN, STM32G081GBU6N, STM32G081KBT6N, STM32G081KBUXN, STM32G0B1CCT6N, STM32G0B1KCT6, STM32G0B1NEY6TR, STM32G0B1RCT6N, STM32G0C1CCT6, STM32G0C1CCT6N, STM32G0C1CCU6N, STM32G0C1CET6N, STM32G0C1CEU6N, STM32G0C1KCT6, STM32G0C1NEY6TR, STM32G0C1RCI6N, STM32G0C1RCT6N, STM32G0C1REI6N, STM32G0C1RET6N, STM32G0C1VCI6, STM32G0C1VEI6, STM32G411C6T3, STM32G411C6T6, STM32G411C6U3, STM32G411C6U6, STM32G411C8T3, STM32G411C8T6, STM32G411C8U3, STM32G411C8U6, STM32G411CBT3, STM32G411CBT6, STM32G411CBU3, STM32G411CBU6, STM32G411K6T3, STM32G411K6T6, STM32G411K6U3, STM32G411K6U6, STM32G411K8T3, STM32G411K8T6, STM32G411K8U3, STM32G411K8U6, STM32G411KBT3, STM32G411KBT6, STM32G411KBU3, STM32G411KBU6, STM32G411M6T3, STM32G411M6T6, STM32G411M8T3, STM32G411M8T6, STM32G411MBT3, STM32G411MBT6, STM32G411R6T3, STM32G411R6T6, STM32G411R8T3, STM32G411R8T6, STM32G411RBT3, STM32G411RBT6, STM32G414CBT3, STM32G414CBT6, STM32G414CBU3, STM32G414CBU6, STM32G414CCT3, STM32G414CCT6, STM32G414CCU3, STM32G414CCU6, STM32G414MBT3, STM32G414MBT6, STM32G414MCT3, STM32G414MCT6, STM32G414RBT3, STM32G414RBT6, STM32G414RCT3, STM32G414RCT6, STM32G414VBT3, STM32G414VBT6, STM32G414VCT3, STM32G414VCT6, STM32G431CBT3Z, STM32G431RBT3Z, STM32G471CCT6, STM32G471CCU6, STM32G471CET3, STM32G471CET6, STM32G471CEU3, STM32G471CEU6, STM32G471MCT6, STM32G471MET3, STM32G471MET6, STM32G471MEY6TR, STM32G471QCT6, STM32G471QET3, STM32G471RCT6, STM32G471RET3, STM32G471RET6, STM32G471VCH6, STM32G471VCI6, STM32G471VCT6, STM32G471VEH3, STM32G471VEH6, STM32G471VEI3, STM32G471VEI6, STM32G471VET3, STM32G471VET6, STM32G473QET3Z, STM32G473RET3Z, STM32G474CCT6, STM32G491RET3Z, STM32H503CBT6, STM32H503CBU6, STM32H503EBY6TR, STM32H503KBU6, STM32H503RBT6, STM32H523CCT6, STM32H523CCU6, STM32H523CET6, STM32H523CEU6, STM32H523HEY6TR, STM32H523RCT6, STM32H523RET6, STM32H523VCI6, STM32H523VCT6, STM32H523VEI6, STM32H523VET6, STM32H523ZCJ6, STM32H523ZCT6, STM32H523ZEJ6, STM32H523ZET6, STM32H533CET6, STM32H533CEU6, STM32H533HEY6TR, STM32H533RET6, STM32H533VEI6, STM32H533VET6, STM32H533ZEJ6, STM32H533ZET6, STM32H562AGI6, STM32H562AII6, STM32H562IGK6, STM32H562IGT6, STM32H562IIK6, STM32H562IIT6, STM32H562RGT6, STM32H562RGV6, STM32H562RIT6, STM32H562RIV6, STM32H562VGT6, STM32H562VIT6, STM32H562ZGT6, STM32H562ZIT6, STM32H563AGI6, STM32H563AII3Q, STM32H563AII6, STM32H563IGK6, STM32H563IGT6, STM32H563IIK3Q, STM32H563IIK6, STM32H563IIT3Q, STM32H563IIT6, STM32H563MIY3QTR, STM32H563RGT6, STM32H563RGV6, STM32H563RIT6, STM32H563RIV6, STM32H563VGT6, STM32H563VIT3Q, STM32H563VIT6, STM32H563ZGT6, STM32H563ZIT3Q, STM32H563ZIT6, STM32H573AII3Q, STM32H573AII6, STM32H573I-DK, STM32H573IIK3Q, STM32H573IIK6, STM32H573IIT3Q, STM32H573IIT6, STM32H573MIY3QTR, STM32H573RIT6, STM32H573RIV6, STM32H573VIT3Q, STM32H573VIT6, STM32H573ZIT3Q, STM32H573ZIT6, STM32H7R3A8I6, STM32H7R3I8K6, STM32H7R3I8T6, STM32H7R3L8H6, STM32H7R3L8H6H, STM32H7R3R8V6, STM32H7R3V8H6, STM32H7R3V8T6, STM32H7R3V8Y6TR, STM32H7R3Z8J6, STM32H7R3Z8T6, STM32H7R7A8I6, STM32H7R7I8K6, STM32H7R7I8T6, STM32H7R7L8H6, STM32H7R7L8H6H, STM32H7R7Z8J6, STM32H7S3A8I6, STM32H7S3I8K6, STM32H7S3I8T6, STM32H7S3L8H6, STM32H7S3L8H6H, STM32H7S3R8V6, STM32H7S3V8H6, STM32H7S3V8T6, STM32H7S3V8Y6TR, STM32H7S3Z8J6, STM32H7S3Z8T6, STM32H7S78-DK, STM32H7S7A8I6, STM32H7S7I8K6, STM32H7S7I8T6, STM32H7S7L8H6, STM32H7S7L8H6H, STM32H7S7Z8J6, STM32L4R5QGI6STR, STM32MP131AAE3, STM32MP131AAF3, STM32MP131AAG3, STM32MP131CAE3, STM32MP131CAF3, STM32MP131CAG3, STM32MP131DAE7, STM32MP131DAF7, STM32MP131DAG7, STM32MP131FAE7, STM32MP131FAF7, STM32MP131FAG7, STM32MP133AAE3, STM32MP133AAF3, STM32MP133AAG3, STM32MP133CAE3, STM32MP133CAF3, STM32MP133CAG3, STM32MP133DAE7, STM32MP133DAF7, STM32MP133DAG7, STM32MP133FAE7, STM32MP133FAF7, STM32MP133FAG7, STM32MP135AAE3, STM32MP135AAF3, STM32MP135AAG3, STM32MP135CAE3, STM32MP135CAF3, STM32MP135CAG3, STM32MP135DAE7, STM32MP135DAF7, STM32MP135DAG7, STM32MP135F-DK, STM32MP135FAE7, STM32MP135FAF7, STM32MP135FAF7T, STM32MP135FAF7U, STM32MP135FAG7, STM32MP211AAL3, STM32MP211AAM3, STM32MP211AAN3, STM32MP211AAO3, STM32MP211CAL3, STM32MP211CAM3, STM32MP211CAN3, STM32MP211CAO3, STM32MP211DAL3, STM32MP211DAM3, STM32MP211DAN3, STM32MP211DAO3, STM32MP211FAL3, STM32MP211FAM3, STM32MP211FAN3, STM32MP211FAO3, STM32MP213AAL3, STM32MP213AAM3, STM32MP213AAN3, STM32MP213AAO3, STM32MP213CAL3, STM32MP213CAM3, STM32MP213CAN3, STM32MP213CAO3, STM32MP213DAL3, STM32MP213DAM3, STM32MP213DAN3, STM32MP213DAO3, STM32MP213FAL3, STM32MP213FAM3, STM32MP213FAN3, STM32MP213FAO3, STM32MP215AAL3, STM32MP215AAM3, STM32MP215AAN3, STM32MP215AAO3, STM32MP215CAL3, STM32MP215CAM3, STM32MP215CAN3, STM32MP215CAO3, STM32MP215DAL3, STM32MP215DAM3, STM32MP215DAN3, STM32MP215DAO3, STM32MP215F-DK, STM32MP215FAL3, STM32MP215FAM3, STM32MP215FAN3, STM32MP215FAO3, STM32MP231AAJ3, STM32MP231AAK3, STM32MP231AAL3, STM32MP231CAJ3, STM32MP231CAK3, STM32MP231CAL3, STM32MP231DAJ3, STM32MP231DAK3, STM32MP231DAL3, STM32MP231FAJ3, STM32MP231FAK3, STM32MP231FAL3, STM32MP233AAJ3, STM32MP233AAK3, STM32MP233AAL3, STM32MP233CAJ3, STM32MP233CAK3, STM32MP233CAL3, STM32MP233DAJ3, STM32MP233DAK3, STM32MP233DAL3, STM32MP233FAJ3, STM32MP233FAK3, STM32MP233FAL3, STM32MP235AAJ3, STM32MP235AAK3, STM32MP235AAL3, STM32MP235CAJ3, STM32MP235CAK3, STM32MP235CAL3, STM32MP235DAJ3, STM32MP235DAK3, STM32MP235DAL3, STM32MP235FAJ3, STM32MP235FAK3, STM32MP235FAL3, STM32MP251AAI3, STM32MP251AAK3, STM32MP251AAL3, STM32MP251CAI3, STM32MP251CAK3, STM32MP251CAL3, STM32MP251DAI3, STM32MP251DAK3, STM32MP251DAL3, STM32MP251FAI3, STM32MP251FAK3, STM32MP251FAL3, STM32MP253AAI3, STM32MP253AAK3, STM32MP253AAL3, STM32MP253CAI3, STM32MP253CAK3, STM32MP253CAL3, STM32MP253DAI3, STM32MP253DAK3, STM32MP253DAL3, STM32MP253FAI3, STM32MP253FAK3, STM32MP253FAL3, STM32MP255AAI3, STM32MP255AAK3, STM32MP255AAL3, STM32MP255CAI3, STM32MP255CAK3, STM32MP255CAL3, STM32MP255DAI3, STM32MP255DAK3, STM32MP255DAL3, STM32MP255FAI3, STM32MP255FAK3, STM32MP255FAL3, STM32MP257AAI3, STM32MP257AAK3, STM32MP257AAL3, STM32MP257CAI3, STM32MP257CAK3, STM32MP257CAL3, STM32MP257DAI3, STM32MP257DAK3, STM32MP257DAL3, STM32MP257F-DK, STM32MP257F-EV1, STM32MP257FAI3, STM32MP257FAK3, STM32MP257FAL3, STM32N645A0H3Q, STM32N645B0H3Q, STM32N645I0H3Q, STM32N645L0H3Q, STM32N645X0H3Q, STM32N645Z0H3Q, STM32N647A0H3Q, STM32N647B0H3Q, STM32N647I0H3Q, STM32N647L0H3Q, STM32N647X0H3Q, STM32N647Z0H3Q, STM32N655A0H3Q, STM32N655B0H3Q, STM32N655I0H3Q, STM32N655L0H3Q, STM32N655X0H3Q, STM32N655Z0H3Q, STM32N6570-DK, STM32N657A0H3Q, STM32N657B0H3Q, STM32N657I0H3Q, STM32N657L0H3Q, STM32N657X0H3Q, STM32N657Z0H3Q, STM32U031C6T6, STM32U031C6U6, STM32U031C8T6, STM32U031C8U6, STM32U031F4P6, STM32U031F6P6, STM32U031F8P6, STM32U031G6Y6TR, STM32U031G8Y6TR, STM32U031K4U6, STM32U031K6U6, STM32U031K8U6, STM32U031R6I6, STM32U031R6T6, STM32U031R8I6, STM32U031R8T6, STM32U073C8T6, STM32U073C8U6, STM32U073CBT6, STM32U073CBU6, STM32U073CCT6, STM32U073CCU6, STM32U073H8Y6TR, STM32U073HBY6TR, STM32U073HCY6TR, STM32U073K8U6, STM32U073KBU6, STM32U073KCU6, STM32U073M8I6, STM32U073M8T6, STM32U073MBI6, STM32U073MBT6, STM32U073MCI6, STM32U073MCT6, STM32U073R8I6, STM32U073R8T6, STM32U073RBI6, STM32U073RBT6, STM32U073RCI6, STM32U073RCT6, STM32U083C-DK, STM32U083CCT6, STM32U083CCU6, STM32U083HCY6TR, STM32U083KCU6, STM32U083MCI6, STM32U083MCT6, STM32U083RCI6, STM32U083RCT6, STM32U375CET6, STM32U375CET6Q, STM32U375CEU6, STM32U375CEU6Q, STM32U375CEY6QTR, STM32U375CGT6, STM32U375CGT6Q, STM32U375CGU6, STM32U375CGU6Q, STM32U375CGY6QTR, STM32U375KEU6, STM32U375KGU6, STM32U375REI6, STM32U375REI6Q, STM32U375RET6, STM32U375RET6Q, STM32U375REY6GTR, STM32U375REY6QTR, STM32U375RGI6, STM32U375RGI6Q, STM32U375RGT6, STM32U375RGT6Q, STM32U375RGY6GTR, STM32U375RGY6QTR, STM32U375VEI6, STM32U375VEI6Q, STM32U375VET6, STM32U375VET6Q, STM32U375VGI6, STM32U375VGI6Q, STM32U375VGT6, STM32U375VGT6Q, STM32U385CGT6, STM32U385CGT6Q, STM32U385CGU6, STM32U385CGU6Q, STM32U385CGY6QTR, STM32U385KGU6, STM32U385RGI6, STM32U385RGI6Q, STM32U385RGT6, STM32U385RGT6Q, STM32U385RGY6GTR, STM32U385RGY6QTR, STM32U385VGI6, STM32U385VGI6Q, STM32U385VGT6, STM32U385VGT6Q, STM32U535CBT6, STM32U535CBT6Q, STM32U535CBU6, STM32U535CBU6Q, STM32U535CCT6, STM32U535CCT6Q, STM32U535CCU6, STM32U535CCU6Q, STM32U535CET6, STM32U535CET6Q, STM32U535CEU6, STM32U535CEU6Q, STM32U535JEY6QTR, STM32U535NCY6QTR, STM32U535NEY6QTR, STM32U535RBI6, STM32U535RBI6Q, STM32U535RBT6, STM32U535RBT6Q, STM32U535RCI6, STM32U535RCI6Q, STM32U535RCT6, STM32U535RCT6Q, STM32U535REI6, STM32U535REI6Q, STM32U535RET6, STM32U535RET6Q, STM32U535VCI6, STM32U535VCI6Q, STM32U535VCT6, STM32U535VCT6Q, STM32U535VEI6, STM32U535VEI6Q, STM32U535VET6, STM32U535VET6Q, STM32U545CET6, STM32U545CET6Q, STM32U545CEU6, STM32U545CEU6Q, STM32U545JEY6QTR, STM32U545NEY6QTR, STM32U545REI6, STM32U545REI6Q, STM32U545RET6, STM32U545RET6Q, STM32U545VEI6, STM32U545VEI6Q, STM32U545VET6, STM32U545VET6Q, STM32U595AIH6, STM32U595AIH6Q, STM32U595AJH6, STM32U595AJH6Q, STM32U595QII6, STM32U595QII6Q, STM32U595QJI6, STM32U595QJI6Q, STM32U595RIT6, STM32U595RIT6Q, STM32U595RJT6, STM32U595RJT6Q, STM32U595VIT6, STM32U595VIT6Q, STM32U595VJT6, STM32U595VJT6Q, STM32U595ZIT6, STM32U595ZIT6Q, STM32U595ZIY6QTR, STM32U595ZJT6, STM32U595ZJT6Q, STM32U595ZJY6QTR, STM32U599BJY6QTR, STM32U599NIH6Q, STM32U599NJH6Q, STM32U599VIT6Q, STM32U599VJT6, STM32U599VJT6Q, STM32U599ZIT6Q, STM32U599ZIY6QTR, STM32U599ZJT6Q, STM32U599ZJY6QTR, STM32U5A5AJH6, STM32U5A5AJH6Q, STM32U5A5QII3Q , STM32U5A5QJI6, STM32U5A5QJI6Q, STM32U5A5RJT6, STM32U5A5RJT6Q, STM32U5A5VJT6, STM32U5A5VJT6Q, STM32U5A5ZJT6, STM32U5A5ZJT6Q, STM32U5A5ZJY6QTR, STM32U5A9BJY6QTR, STM32U5A9J-DK, STM32U5A9NJH6Q, STM32U5A9VJT6Q, STM32U5A9ZJT6Q, STM32U5A9ZJY6QTR, STM32U5F7VIT6, STM32U5F7VIT6Q, STM32U5F7VJT6, STM32U5F7VJT6Q, STM32U5F9BJY6QTR, STM32U5F9NJH6Q, STM32U5F9VIT6Q, STM32U5F9VJT6Q, STM32U5F9ZIJ6QTR, STM32U5F9ZIT6Q, STM32U5F9ZJJ6QTR, STM32U5F9ZJT6Q, STM32U5G7VJT6, STM32U5G7VJT6Q, STM32U5G9BJY6QTR, STM32U5G9J-DK1, STM32U5G9J-DK2, STM32U5G9NJH6Q, STM32U5G9VJT6Q, STM32U5G9ZJJ6QTR, STM32U5G9ZJT6Q, STM32WB05KZV6TR, STM32WB05KZV7TR, STM32WB05TZF6TR, STM32WB05TZF7TR, STM32WB06CCF6TR, STM32WB06CCF7TR, STM32WB06CCV6TR, STM32WB06CCV7TR, STM32WB06KCV6TR, STM32WB06KCV7TR, STM32WB07CCF6TR, STM32WB07CCF7TR, STM32WB07CCV6TR, STM32WB07CCV7TR, STM32WB07KCV6TR, STM32WB07KCV7TR, STM32WB09KEV6TR, STM32WB09KEV7TR, STM32WB09TEF6TR, STM32WB09TEF7TR, STM32WB1MMCH6, STM32WBA50KGU6, STM32WBA50KGU6TR, STM32WBA52CEU6, STM32WBA52CEU6TR, STM32WBA52CEU7, STM32WBA52CEU7TR, STM32WBA52CGU6, STM32WBA52CGU6TR, STM32WBA52CGU6U, STM32WBA52CGU7, STM32WBA52CGU7TR, STM32WBA52KEU6, STM32WBA52KEU6TR, STM32WBA52KGU6, STM32WBA52KGU6TR, STM32WBA54CEU6, STM32WBA54CEU6TR, STM32WBA54CEU7, STM32WBA54CEU7TR, STM32WBA54CGU6, STM32WBA54CGU6TR, STM32WBA54CGU7, STM32WBA54CGU7TR, STM32WBA54KEU6, STM32WBA54KEU6TR, STM32WBA54KEU7, STM32WBA54KEU7TR, STM32WBA54KGU6, STM32WBA54KGU6TR, STM32WBA54KGU7, STM32WBA54KGU7TR, STM32WBA55CEU6, STM32WBA55CEU6TR, STM32WBA55CEU7, STM32WBA55CEU7TR, STM32WBA55CGU6, STM32WBA55CGU6TR, STM32WBA55CGU6U, STM32WBA55CGU7, STM32WBA55CGU7TR, STM32WBA55G-DK1, STM32WBA55HEF6, STM32WBA55HEF7, STM32WBA55HGF6, STM32WBA55HGF7, STM32WBA55UEI6, STM32WBA55UEI6TR, STM32WBA55UEI7, STM32WBA55UEI7TR, STM32WBA55UGI6, STM32WBA55UGI6TR, STM32WBA55UGI7, STM32WBA55UGI7TR, STM32WBA5MMGH6TR, STM32WBA62MGF6, STM32WBA62MIF6, STM32WBA65MGF7, STM32WBA65MIF6, STM32WBA65MIF7, STM32WL30K8V6, STM32WL30KBV6, STM32WL31C8V6, STM32WL31CBV6, STM32WL31K8V6, STM32WL31KBV6, STM32WL33C8V6, STM32WL33C8V6X, STM32WL33CBV6, STM32WL33CBV6X, STM32WL33CCV6, STM32WL33CCV6A, STM32WL33CCV6X, STM32WL33K8V7, STM32WL33K8V7X, STM32WL33KBV7 , STM32WL33KBV7X, STM32WL33KCV7, STM32WL33KCV7X, STM32WL5MOCH6, STM32WL5MOCH6TR]
2025-12-07 19:28:44,892 [INFO] BoardInfo:889 - No configuration file found for board P-NUCLEO-WB55
2025-12-07 19:28:44,896 [INFO] DbBoards:161 - Kit is not supported: P-NUCLEO-WB55
2025-12-07 19:28:44,917 [INFO] BoardInfo:889 - No configuration file found for board STEVAL-BFA001V1B
2025-12-07 19:28:44,922 [INFO] DbBoards:161 - Kit is not supported: STEVAL-BFA001V1B
2025-12-07 19:28:44,926 [INFO] BoardInfo:889 - No configuration file found for board STEVAL-BFA001V2B
2025-12-07 19:28:44,929 [INFO] DbBoards:161 - Kit is not supported: STEVAL-BFA001V2B
2025-12-07 19:28:45,409 [INFO] DbBoards:168 - Found 212 boards, 209 are supported
2025-12-07 19:28:45,409 [INFO] DbBoards:169 - Found 212 boards, 43 of them is supported for  Bsp
2025-12-07 19:28:45,412 [INFO] ApiDb:423 - Load user favorites file C:\Users\Marom Keren/.stm32cubeide/favorites.boards.txt: 1 item(s)
2025-12-07 19:28:45,412 [INFO] ApiDb:427 - User favorites Boards=[NUCLEO-F756ZG]
2025-12-07 19:28:45,412 [INFO] DbBoards:198 - Set 1 / 1 favorites Boards
2025-12-07 19:28:45,413 [INFO] McuFinderGlobals:76 - Set McuFinderConnectedMode to true
2025-12-07 19:28:45,420 [INFO] MultiScanPanel:200 - Auto-refresh data requested => check proxy status ongoing
2025-12-07 19:28:45,423 [INFO] FinderPluginLoader:96 - Searching for filters in installed packs
2025-12-07 19:28:48,214 [INFO] LoadUrlFilesThread:185 - End of LoadServerUrlFiles without Thread
2025-12-07 19:28:48,233 [INFO] DetailPanel:341 - Set advertising image to C:/Users/Marom Keren/STM32Cube/Repository/\en.mcu-finder-preevent.jpg
2025-12-07 19:30:31,014 [INFO] MultiScanPanel:200 - Auto-refresh data requested => check proxy status ongoing
2025-12-07 19:30:31,228 [INFO] LoadUrlFilesThread:185 - End of LoadServerUrlFiles without Thread
2025-12-07 19:30:31,229 [INFO] DetailPanel:341 - Set advertising image to C:/Users/Marom Keren/STM32Cube/Repository/\en.mcu-finder-preevent.jpg
2025-12-07 19:30:31,252 [INFO] DbBoards:642 - Loading board mini-images...
2025-12-07 19:30:34,145 [ERROR] DbBoards:659 - Image file not found for board STM32MP215F-DK: C:\Users\Marom Keren\.stmcufinder\plugins\mcufinder//mcu//boards_images/STM32MP215F-DK.jpg
2025-12-07 19:30:35,705 [INFO] DbBoards:665 - Loaded 211 board mini-images
2025-12-07 19:30:35,850 [INFO] MultiScanPanel:200 - Auto-refresh data requested => check proxy status ongoing
2025-12-07 19:30:35,855 [INFO] ApiDb:668 - CubeFinder database Data Model version=2.1
2025-12-07 19:30:35,856 [INFO] ApiDb:669 - CubeFinder database Configuration version=3.0.39
2025-12-07 19:30:35,856 [INFO] ApiDb:670 - CubeFinder database generation date=2025-11-05 (1762334721)
2025-12-07 19:30:35,856 [INFO] ApiDb:671 - CubeFinder database FW Pack versions=[FP-ATR-ASTRA1_V2.0.0, FP-SNS-FLIGHT1_V5.1.0, FP-SNS-MOTENV1_V5.1.0, FP-SNS-MOTENVWB1_V1.4.0, FP-SNS-SMARTAG2_V1.2.0, FP-SNS-STBOX1_V2.1.0, STM32Cube_FW_C0_V1.4.0, STM32Cube_FW_F4_V1.28.3, STM32Cube_FW_F7_V1.17.4, STM32Cube_FW_G0_V1.6.2, STM32Cube_FW_G4_V1.6.1, STM32Cube_FW_H5_V1.5.1, STM32Cube_FW_H7RS_V1.3.0, STM32Cube_FW_H7_V1.12.1, STM32Cube_FW_L0_V1.12.2, STM32Cube_FW_L4_V1.18.1, STM32Cube_FW_L5_V1.6.0, STM32Cube_FW_N6_V1.3.0, STM32Cube_FW_U0_V1.3.0, STM32Cube_FW_U3_V1.2.1, STM32Cube_FW_U5_V1.8.0, STM32Cube_FW_WB0_V1.4.0, STM32Cube_FW_WBA_V1.8.0, STM32Cube_FW_WB_V1.24.0, STM32Cube_FW_WL3_V1.3.0, STM32Cube_FW_WL_V1.4.0, X-CUBE-ALGOBUILD_V1.4.0, X-CUBE-ALS_V1.0.2, X-CUBE-AZRTOS-F4_V1.1.0, X-CUBE-AZRTOS-F7_V1.1.0, X-CUBE-AZRTOS-G0_V1.1.0, X-CUBE-AZRTOS-G4_V2.0.0, X-CUBE-AZRTOS-H7RS_V1.1.0, X-CUBE-AZRTOS-H7_V3.4.0, X-CUBE-AZRTOS-L4_V2.0.0, X-CUBE-AZRTOS-L5_V2.0.0, X-CUBE-AZRTOS-WB_V2.0.0, X-CUBE-AZRTOS-WL_V2.0.0, X-CUBE-BLE1_V7.1.0, X-CUBE-BLE2_V3.3.0, X-CUBE-BLEMGR_V4.1.0, X-CUBE-EEPRMA1_V5.2.0, X-CUBE-FREERTOS_V1.3.1, X-CUBE-GNSS1_V6.0.0, X-CUBE-MEMS1_V11.3.0, X-CUBE-NFC4_V3.0.0, X-CUBE-NFC7_V2.0.0, X-CUBE-SFXS2LP1_V4.0.0, X-CUBE-ST67W61_V1.1.0, X-CUBE-SUBG2_V5.0.0, X-CUBE-TOF1_V3.4.3]
2025-12-07 19:30:37,192 [ERROR] DbExamplesSqlite:437 - Missing JSON key: board_cpn
2025-12-07 19:30:37,193 [ERROR] DbExamplesSqlite:437 - Missing JSON key: board_cpn
2025-12-07 19:30:37,193 [ERROR] DbExamplesSqlite:437 - Missing JSON key: board_cpn
2025-12-07 19:30:37,193 [ERROR] DbExamplesSqlite:437 - Missing JSON key: board_cpn
2025-12-07 19:30:37,609 [ERROR] DbExamplesSqlite:437 - Missing JSON key: board_cpn
2025-12-07 19:30:37,609 [ERROR] DbExamplesSqlite:437 - Missing JSON key: board_cpn
2025-12-07 19:30:37,624 [INFO] DbExamplesSqlite:395 - Ignored 42 examples not supported by CubeIDE
2025-12-07 19:30:37,624 [INFO] DbExamplesSqlite:396 - Found 10883 examples active
2025-12-07 19:30:37,624 [INFO] DbExamplesSqlite:397 - Found 0 examples obsolete
2025-12-07 19:30:37,625 [INFO] DbExamplesSqlite:398 - Found 0 examples under development
2025-12-07 19:30:37,625 [INFO] DbExamplesSqlite:399 - Found 85 examples not building
2025-12-07 19:30:37,628 [INFO] DbExamples:125 - Found 10926 examples
2025-12-07 19:30:37,673 [ERROR] DbExamples:208 - Found 73 examples with invalid data (board or MCU)
2025-12-07 19:30:37,673 [INFO] DbExamples:222 - Found 134 boards with related examples
2025-12-07 19:30:37,674 [INFO] DbExamples:235 - Found 111 MCUs with related examples
2025-12-07 19:30:37,699 [INFO] ApiDb:423 - Load user favorites file C:\Users\Marom Keren/.stm32cubeide/favorites.examples.txt: 0 item(s)
2025-12-07 19:30:37,699 [INFO] ApiDb:427 - User favorites Examples=[]
2025-12-07 19:30:37,703 [INFO] DbExamples:250 - Set 0 / 0 favorites Examples
2025-12-07 19:30:39,180 [INFO] SoftwarePacks:127 - Download is needed for SW pack 'FP-ATR-ASTRA1_V2.0.0'
2025-12-07 19:30:39,191 [INFO] SoftwarePacks:127 - Download is needed for SW pack 'FP-SNS-FLIGHT1_V5.1.0'
2025-12-07 19:30:39,204 [INFO] SoftwarePacks:127 - Download is needed for SW pack 'FP-SNS-MOTENV1_V5.1.0'
2025-12-07 19:30:39,213 [INFO] SoftwarePacks:127 - Download is needed for SW pack 'FP-SNS-MOTENVWB1_V1.4.0'
2025-12-07 19:30:39,224 [INFO] SoftwarePacks:127 - Download is needed for SW pack 'FP-SNS-SMARTAG2_V1.2.0'
2025-12-07 19:30:39,234 [INFO] SoftwarePacks:127 - Download is needed for SW pack 'FP-SNS-STBOX1_V2.1.0'
2025-12-07 19:30:39,244 [INFO] SoftwarePacks:127 - Download is needed for SW pack 'STM32Cube_FW_C0_V1.4.0'
2025-12-07 19:30:39,252 [INFO] SoftwarePacks:127 - Download is needed for SW pack 'STM32Cube_FW_F4_V1.28.3'
2025-12-07 19:30:39,262 [INFO] SoftwarePacks:127 - Download is needed for SW pack 'STM32Cube_FW_F7_V1.17.4'
2025-12-07 19:30:39,271 [INFO] SoftwarePacks:127 - Download is needed for SW pack 'STM32Cube_FW_G0_V1.6.2'
2025-12-07 19:30:39,294 [INFO] SoftwarePacks:127 - Download is needed for SW pack 'STM32Cube_FW_G4_V1.6.1'
2025-12-07 19:30:39,304 [INFO] SoftwarePacks:127 - Download is needed for SW pack 'STM32Cube_FW_H5_V1.5.1'
2025-12-07 19:30:39,324 [INFO] SoftwarePacks:127 - Download is needed for SW pack 'STM32Cube_FW_H7RS_V1.3.0'
2025-12-07 19:30:39,348 [INFO] SoftwarePacks:127 - Download is needed for SW pack 'STM32Cube_FW_H7_V1.12.1'
2025-12-07 19:30:39,368 [INFO] SoftwarePacks:127 - Download is needed for SW pack 'STM32Cube_FW_L0_V1.12.2'
2025-12-07 19:30:39,387 [INFO] SoftwarePacks:127 - Download is needed for SW pack 'STM32Cube_FW_L4_V1.18.1'
2025-12-07 19:30:39,395 [INFO] SoftwarePacks:127 - Download is needed for SW pack 'STM32Cube_FW_L5_V1.6.0'
2025-12-07 19:30:39,410 [INFO] SoftwarePacks:127 - Download is needed for SW pack 'STM32Cube_FW_N6_V1.3.0'
2025-12-07 19:30:39,418 [INFO] SoftwarePacks:127 - Download is needed for SW pack 'STM32Cube_FW_U0_V1.3.0'
2025-12-07 19:30:39,430 [INFO] SoftwarePacks:127 - Download is needed for SW pack 'STM32Cube_FW_U3_V1.2.1'
2025-12-07 19:30:39,438 [INFO] SoftwarePacks:127 - Download is needed for SW pack 'STM32Cube_FW_U5_V1.8.0'
2025-12-07 19:30:39,450 [INFO] SoftwarePacks:127 - Download is needed for SW pack 'STM32Cube_FW_WB0_V1.4.0'
2025-12-07 19:30:39,458 [INFO] SoftwarePacks:127 - Download is needed for SW pack 'STM32Cube_FW_WBA_V1.8.0'
2025-12-07 19:30:39,469 [INFO] SoftwarePacks:127 - Download is needed for SW pack 'STM32Cube_FW_WB_V1.24.0'
2025-12-07 19:30:39,490 [INFO] SoftwarePacks:127 - Download is needed for SW pack 'STM32Cube_FW_WL3_V1.3.0'
2025-12-07 19:30:39,506 [INFO] SoftwarePacks:127 - Download is needed for SW pack 'STM32Cube_FW_WL_V1.4.0'
2025-12-07 19:30:39,516 [INFO] SoftwarePacks:127 - Download is needed for SW pack 'X-CUBE-ALGOBUILD_V1.4.0'
2025-12-07 19:30:39,553 [INFO] SoftwarePacks:127 - Download is needed for SW pack 'X-CUBE-ALS_V1.0.2'
2025-12-07 19:30:39,568 [INFO] SoftwarePacks:127 - Download is needed for SW pack 'X-CUBE-AZRTOS-F4_V1.1.0'
2025-12-07 19:30:39,580 [INFO] SoftwarePacks:131 - Found SW pack 'X-CUBE-AZRTOS-F7_V1.1.0' up-to-date on disk.
2025-12-07 19:30:39,594 [INFO] SoftwarePacks:127 - Download is needed for SW pack 'X-CUBE-AZRTOS-G0_V1.1.0'
2025-12-07 19:30:39,609 [INFO] SoftwarePacks:127 - Download is needed for SW pack 'X-CUBE-AZRTOS-G4_V2.0.0'
2025-12-07 19:30:39,620 [INFO] SoftwarePacks:127 - Download is needed for SW pack 'X-CUBE-AZRTOS-H7RS_V1.1.0'
2025-12-07 19:30:39,631 [INFO] SoftwarePacks:127 - Download is needed for SW pack 'X-CUBE-AZRTOS-H7_V3.4.0'
2025-12-07 19:30:39,641 [INFO] SoftwarePacks:127 - Download is needed for SW pack 'X-CUBE-AZRTOS-L4_V2.0.0'
2025-12-07 19:30:39,650 [INFO] SoftwarePacks:127 - Download is needed for SW pack 'X-CUBE-AZRTOS-L5_V2.0.0'
2025-12-07 19:30:39,667 [INFO] SoftwarePacks:127 - Download is needed for SW pack 'X-CUBE-AZRTOS-WB_V2.0.0'
2025-12-07 19:30:39,678 [INFO] SoftwarePacks:127 - Download is needed for SW pack 'X-CUBE-AZRTOS-WL_V2.0.0'
2025-12-07 19:30:39,688 [INFO] SoftwarePacks:127 - Download is needed for SW pack 'X-CUBE-BLE1_V7.1.0'
2025-12-07 19:30:39,697 [INFO] SoftwarePacks:127 - Download is needed for SW pack 'X-CUBE-BLE2_V3.3.0'
2025-12-07 19:30:39,708 [INFO] SoftwarePacks:127 - Download is needed for SW pack 'X-CUBE-BLEMGR_V4.1.0'
2025-12-07 19:30:39,716 [INFO] SoftwarePacks:127 - Download is needed for SW pack 'X-CUBE-EEPRMA1_V5.2.0'
2025-12-07 19:30:39,727 [INFO] SoftwarePacks:127 - Download is needed for SW pack 'X-CUBE-FREERTOS_V1.3.1'
2025-12-07 19:30:39,735 [INFO] SoftwarePacks:127 - Download is needed for SW pack 'X-CUBE-GNSS1_V6.0.0'
2025-12-07 19:30:39,742 [INFO] SoftwarePacks:127 - Download is needed for SW pack 'X-CUBE-MEMS1_V11.3.0'
2025-12-07 19:30:39,750 [INFO] SoftwarePacks:127 - Download is needed for SW pack 'X-CUBE-NFC4_V3.0.0'
2025-12-07 19:30:39,759 [INFO] SoftwarePacks:127 - Download is needed for SW pack 'X-CUBE-NFC7_V2.0.0'
2025-12-07 19:30:39,767 [INFO] SoftwarePacks:127 - Download is needed for SW pack 'X-CUBE-SFXS2LP1_V4.0.0'
2025-12-07 19:30:39,779 [INFO] SoftwarePacks:127 - Download is needed for SW pack 'X-CUBE-ST67W61_V1.1.0'
2025-12-07 19:30:39,786 [INFO] SoftwarePacks:127 - Download is needed for SW pack 'X-CUBE-SUBG2_V5.0.0'
2025-12-07 19:30:39,792 [INFO] SoftwarePacks:127 - Download is needed for SW pack 'X-CUBE-TOF1_V3.4.3'
2025-12-07 19:30:42,596 [INFO] LoadUrlFilesThread:185 - End of LoadServerUrlFiles without Thread
2025-12-07 19:30:42,597 [INFO] DetailPanel:341 - Set advertising image to C:/Users/Marom Keren/STM32Cube/Repository/\en.mcu-finder-preevent.jpg
2025-12-07 19:30:43,952 [ERROR] AppliInfo:139 - Unknown STM32CubeMX version: 6.16.0
2025-12-07 19:30:43,953 [ERROR] AppliInfo:139 - Unknown STM32CubeMX version: 6.16.0
2025-12-07 19:30:43,953 [ERROR] AppliInfo:139 - Unknown STM32CubeMX version: 6.16.0
2025-12-07 19:30:43,953 [ERROR] AppliInfo:139 - Unknown STM32CubeMX version: 6.16.0
2025-12-07 19:30:43,954 [ERROR] AppliInfo:139 - Unknown STM32CubeMX version: 6.16.0
2025-12-07 19:30:44,003 [ERROR] AppliInfo:139 - Unknown STM32CubeMX version: 6.16.0
2025-12-07 19:30:44,004 [ERROR] AppliInfo:139 - Unknown STM32CubeMX version: 6.16.0
2025-12-07 19:30:44,004 [ERROR] AppliInfo:139 - Unknown STM32CubeMX version: 6.16.0
2025-12-07 19:30:44,049 [ERROR] AppliInfo:139 - Unknown STM32CubeMX version: 6.16.0
2025-12-07 19:30:44,424 [ERROR] AppliInfo:139 - Unknown STM32CubeMX version: 6.16.0
2025-12-07 19:30:44,429 [ERROR] AppliInfo:139 - Unknown STM32CubeMX version: 6.16.0
2025-12-07 19:30:44,493 [ERROR] AppliInfo:139 - Unknown STM32CubeMX version: 6.16.0
2025-12-07 19:30:44,498 [ERROR] AppliInfo:139 - Unknown STM32CubeMX version: 6.16.0
2025-12-07 19:30:44,499 [ERROR] AppliInfo:139 - Unknown STM32CubeMX version: 6.16.0
2025-12-07 19:30:44,502 [ERROR] AppliInfo:139 - Unknown STM32CubeMX version: 6.16.0
2025-12-07 19:30:44,503 [ERROR] AppliInfo:139 - Unknown STM32CubeMX version: 6.16.0
2025-12-07 19:30:44,503 [ERROR] AppliInfo:139 - Unknown STM32CubeMX version: 6.16.0
2025-12-07 19:30:44,504 [ERROR] AppliInfo:139 - Unknown STM32CubeMX version: 6.16.0
2025-12-07 19:30:44,504 [ERROR] AppliInfo:139 - Unknown STM32CubeMX version: 6.16.0
2025-12-07 19:30:44,505 [ERROR] AppliInfo:139 - Unknown STM32CubeMX version: 6.16.0
2025-12-07 19:30:44,505 [ERROR] AppliInfo:139 - Unknown STM32CubeMX version: 6.16.0
2025-12-07 19:30:44,506 [ERROR] AppliInfo:139 - Unknown STM32CubeMX version: 6.16.0
2025-12-07 19:30:44,506 [ERROR] AppliInfo:139 - Unknown STM32CubeMX version: 6.16.0
2025-12-07 19:30:44,509 [ERROR] AppliInfo:139 - Unknown STM32CubeMX version: 6.16.0
2025-12-07 19:30:44,511 [ERROR] AppliInfo:139 - Unknown STM32CubeMX version: 6.16.0
2025-12-07 19:30:44,514 [ERROR] AppliInfo:139 - Unknown STM32CubeMX version: 6.16.0
2025-12-07 19:30:44,518 [ERROR] AppliInfo:139 - Unknown STM32CubeMX version: 6.16.0
2025-12-07 19:30:44,519 [ERROR] AppliInfo:139 - Unknown STM32CubeMX version: 6.16.0
2025-12-07 19:30:44,519 [ERROR] AppliInfo:139 - Unknown STM32CubeMX version: 6.16.0
2025-12-07 19:30:44,526 [ERROR] AppliInfo:139 - Unknown STM32CubeMX version: 6.16.0
2025-12-07 19:30:44,527 [ERROR] AppliInfo:139 - Unknown STM32CubeMX version: 6.16.0
2025-12-07 19:30:44,528 [ERROR] AppliInfo:139 - Unknown STM32CubeMX version: 6.16.0
2025-12-07 19:30:44,528 [ERROR] AppliInfo:139 - Unknown STM32CubeMX version: 6.16.0
2025-12-07 19:30:44,560 [ERROR] AppliInfo:139 - Unknown STM32CubeMX version: 6.16.0
2025-12-07 19:30:44,561 [ERROR] AppliInfo:139 - Unknown STM32CubeMX version: 6.16.0
2025-12-07 19:30:44,564 [ERROR] AppliInfo:139 - Unknown STM32CubeMX version: 6.16.0
2025-12-07 19:30:44,564 [ERROR] AppliInfo:139 - Unknown STM32CubeMX version: 6.16.0
2025-12-07 19:30:44,567 [ERROR] AppliInfo:139 - Unknown STM32CubeMX version: 6.16.0
2025-12-07 19:30:44,567 [ERROR] AppliInfo:139 - Unknown STM32CubeMX version: 6.16.0
2025-12-07 19:30:44,568 [ERROR] AppliInfo:139 - Unknown STM32CubeMX version: 6.16.0
2025-12-07 19:30:44,569 [ERROR] AppliInfo:139 - Unknown STM32CubeMX version: 6.16.0
2025-12-07 19:30:44,570 [ERROR] AppliInfo:139 - Unknown STM32CubeMX version: 6.16.0
2025-12-07 19:30:44,571 [ERROR] AppliInfo:139 - Unknown STM32CubeMX version: 6.16.0
2025-12-07 19:30:44,572 [ERROR] AppliInfo:139 - Unknown STM32CubeMX version: 6.16.0
2025-12-07 19:30:44,572 [ERROR] AppliInfo:139 - Unknown STM32CubeMX version: 6.16.0
2025-12-07 19:30:44,575 [ERROR] AppliInfo:139 - Unknown STM32CubeMX version: 6.16.0
2025-12-07 19:30:44,578 [ERROR] AppliInfo:139 - Unknown STM32CubeMX version: 6.16.0
2025-12-07 19:30:44,578 [ERROR] AppliInfo:139 - Unknown STM32CubeMX version: 6.16.0
2025-12-07 19:30:44,578 [ERROR] AppliInfo:139 - Unknown STM32CubeMX version: 6.16.0
2025-12-07 19:30:44,579 [ERROR] AppliInfo:139 - Unknown STM32CubeMX version: 6.16.0
2025-12-07 19:30:44,776 [ERROR] AppliInfo:139 - Unknown STM32CubeMX version: 6.16.0
2025-12-07 19:30:44,796 [ERROR] AppliInfo:139 - Unknown STM32CubeMX version: 6.16.0
2025-12-07 19:30:44,796 [ERROR] AppliInfo:139 - Unknown STM32CubeMX version: 6.16.0
2025-12-07 19:30:44,797 [ERROR] AppliInfo:139 - Unknown STM32CubeMX version: 6.16.0
2025-12-07 19:30:44,797 [ERROR] AppliInfo:139 - Unknown STM32CubeMX version: 6.16.0
2025-12-07 19:30:44,797 [ERROR] AppliInfo:139 - Unknown STM32CubeMX version: 6.16.0
2025-12-07 19:30:44,798 [ERROR] AppliInfo:139 - Unknown STM32CubeMX version: 6.16.0
2025-12-07 19:30:44,864 [ERROR] AppliInfo:139 - Unknown STM32CubeMX version: 6.12.1
2025-12-07 19:30:44,865 [ERROR] AppliInfo:139 - Unknown STM32CubeMX version: 6.16.0
2025-12-07 19:30:44,865 [ERROR] AppliInfo:139 - Unknown STM32CubeMX version: 6.16.0
2025-12-07 19:30:44,866 [ERROR] AppliInfo:139 - Unknown STM32CubeMX version: 6.16.0
2025-12-07 19:30:44,866 [ERROR] AppliInfo:139 - Unknown STM32CubeMX version: 6.16.0
2025-12-07 19:30:44,867 [ERROR] AppliInfo:139 - Unknown STM32CubeMX version: 6.16.0
2025-12-07 19:30:44,868 [ERROR] AppliInfo:139 - Unknown STM32CubeMX version: 6.16.0
2025-12-07 19:30:44,868 [ERROR] AppliInfo:139 - Unknown STM32CubeMX version: 6.16.0
2025-12-07 19:30:44,869 [ERROR] AppliInfo:139 - Unknown STM32CubeMX version: 6.16.0
2025-12-07 19:30:44,869 [ERROR] AppliInfo:139 - Unknown STM32CubeMX version: 6.16.0
2025-12-07 19:30:44,870 [ERROR] AppliInfo:139 - Unknown STM32CubeMX version: 6.16.0
2025-12-07 19:30:44,870 [ERROR] AppliInfo:139 - Unknown STM32CubeMX version: 6.16.0
2025-12-07 19:30:44,871 [ERROR] AppliInfo:139 - Unknown STM32CubeMX version: 6.16.0
2025-12-07 19:30:44,871 [ERROR] AppliInfo:139 - Unknown STM32CubeMX version: 6.16.0
2025-12-07 19:30:44,872 [ERROR] AppliInfo:139 - Unknown STM32CubeMX version: 6.16.0
2025-12-07 19:30:44,872 [ERROR] AppliInfo:139 - Unknown STM32CubeMX version: 6.16.0
2025-12-07 19:30:44,872 [ERROR] AppliInfo:139 - Unknown STM32CubeMX version: 6.16.0
2025-12-07 19:30:44,873 [ERROR] AppliInfo:139 - Unknown STM32CubeMX version: 6.16.0
2025-12-07 19:30:44,874 [ERROR] AppliInfo:139 - Unknown STM32CubeMX version: 6.16.0
2025-12-07 19:30:44,875 [ERROR] AppliInfo:139 - Unknown STM32CubeMX version: 6.16.0
2025-12-07 19:30:44,876 [ERROR] AppliInfo:139 - Unknown STM32CubeMX version: 6.16.0
2025-12-07 19:30:44,877 [ERROR] AppliInfo:139 - Unknown STM32CubeMX version: 6.16.0
2025-12-07 19:30:44,886 [ERROR] AppliInfo:139 - Unknown STM32CubeMX version: 6.16.0
2025-12-07 19:30:44,887 [ERROR] AppliInfo:139 - Unknown STM32CubeMX version: 6.16.0
2025-12-07 19:30:44,887 [ERROR] AppliInfo:139 - Unknown STM32CubeMX version: 6.16.0
2025-12-07 19:30:44,888 [ERROR] AppliInfo:139 - Unknown STM32CubeMX version: 6.16.0
2025-12-07 19:30:44,888 [ERROR] AppliInfo:139 - Unknown STM32CubeMX version: 6.16.0
2025-12-07 19:30:44,888 [ERROR] AppliInfo:139 - Unknown STM32CubeMX version: 6.16.0
2025-12-07 19:30:44,889 [ERROR] AppliInfo:139 - Unknown STM32CubeMX version: 6.16.0
2025-12-07 19:30:44,889 [ERROR] AppliInfo:139 - Unknown STM32CubeMX version: 6.16.0
2025-12-07 19:30:44,889 [ERROR] AppliInfo:139 - Unknown STM32CubeMX version: 6.16.0
2025-12-07 19:30:44,890 [ERROR] AppliInfo:139 - Unknown STM32CubeMX version: 6.16.0
2025-12-07 19:30:44,890 [ERROR] AppliInfo:139 - Unknown STM32CubeMX version: 6.16.0
2025-12-07 19:30:44,890 [ERROR] AppliInfo:139 - Unknown STM32CubeMX version: 6.16.0
2025-12-07 19:30:44,891 [ERROR] AppliInfo:139 - Unknown STM32CubeMX version: 6.16.0
2025-12-07 19:30:44,891 [ERROR] AppliInfo:139 - Unknown STM32CubeMX version: 6.16.0
2025-12-07 19:30:44,892 [ERROR] AppliInfo:139 - Unknown STM32CubeMX version: 6.16.0
2025-12-07 19:30:44,892 [ERROR] AppliInfo:139 - Unknown STM32CubeMX version: 6.16.0
2025-12-07 19:30:44,892 [ERROR] AppliInfo:139 - Unknown STM32CubeMX version: 6.16.0
2025-12-07 19:30:44,893 [ERROR] AppliInfo:139 - Unknown STM32CubeMX version: 6.16.0
2025-12-07 19:30:44,893 [ERROR] AppliInfo:139 - Unknown STM32CubeMX version: 6.16.0
2025-12-07 19:30:44,893 [ERROR] AppliInfo:139 - Unknown STM32CubeMX version: 6.16.0
2025-12-07 19:30:44,894 [ERROR] AppliInfo:139 - Unknown STM32CubeMX version: 6.16.0
2025-12-07 19:30:44,904 [ERROR] AppliInfo:139 - Unknown STM32CubeMX version: 6.16.0
2025-12-07 19:30:44,905 [ERROR] AppliInfo:139 - Unknown STM32CubeMX version: 6.16.0
2025-12-07 19:30:44,905 [ERROR] AppliInfo:139 - Unknown STM32CubeMX version: 6.16.0
2025-12-07 19:30:44,905 [ERROR] AppliInfo:139 - Unknown STM32CubeMX version: 6.16.0
2025-12-07 19:30:44,906 [ERROR] AppliInfo:139 - Unknown STM32CubeMX version: 6.16.0
2025-12-07 19:30:44,906 [ERROR] AppliInfo:139 - Unknown STM32CubeMX version: 6.16.0
2025-12-07 19:30:44,906 [ERROR] AppliInfo:139 - Unknown STM32CubeMX version: 6.16.0
2025-12-07 19:30:44,907 [ERROR] AppliInfo:139 - Unknown STM32CubeMX version: 6.16.0
2025-12-07 19:30:44,907 [ERROR] AppliInfo:139 - Unknown STM32CubeMX version: 6.16.0
2025-12-07 19:30:44,907 [ERROR] AppliInfo:139 - Unknown STM32CubeMX version: 6.16.0
2025-12-07 19:30:44,908 [ERROR] AppliInfo:139 - Unknown STM32CubeMX version: 6.16.0
2025-12-07 19:30:44,908 [ERROR] AppliInfo:139 - Unknown STM32CubeMX version: 6.16.0
2025-12-07 19:30:44,909 [ERROR] AppliInfo:139 - Unknown STM32CubeMX version: 6.16.0
2025-12-07 19:30:44,909 [ERROR] AppliInfo:139 - Unknown STM32CubeMX version: 6.16.0
2025-12-07 19:30:44,910 [ERROR] AppliInfo:139 - Unknown STM32CubeMX version: 6.16.0
2025-12-07 19:30:44,910 [ERROR] AppliInfo:139 - Unknown STM32CubeMX version: 6.16.0
2025-12-07 19:30:44,910 [ERROR] AppliInfo:139 - Unknown STM32CubeMX version: 6.16.0
2025-12-07 19:30:44,911 [ERROR] AppliInfo:139 - Unknown STM32CubeMX version: 6.16.0
2025-12-07 19:30:44,911 [ERROR] AppliInfo:139 - Unknown STM32CubeMX version: 6.16.0
2025-12-07 19:30:44,911 [ERROR] AppliInfo:139 - Unknown STM32CubeMX version: 6.16.0
2025-12-07 19:30:44,912 [ERROR] AppliInfo:139 - Unknown STM32CubeMX version: 6.16.0
2025-12-07 19:30:44,952 [ERROR] AppliInfo:139 - Unknown STM32CubeMX version: 6.16.0
2025-12-07 19:30:44,953 [ERROR] AppliInfo:139 - Unknown STM32CubeMX version: 6.16.0
2025-12-07 19:30:44,954 [ERROR] AppliInfo:139 - Unknown STM32CubeMX version: 6.16.0
2025-12-07 19:30:44,954 [ERROR] AppliInfo:139 - Unknown STM32CubeMX version: 6.16.0
2025-12-07 19:30:44,955 [ERROR] AppliInfo:139 - Unknown STM32CubeMX version: 6.16.0
2025-12-07 19:30:44,955 [ERROR] AppliInfo:139 - Unknown STM32CubeMX version: 6.16.0
2025-12-07 19:30:44,956 [ERROR] AppliInfo:139 - Unknown STM32CubeMX version: 6.16.0
2025-12-07 19:30:44,956 [ERROR] AppliInfo:139 - Unknown STM32CubeMX version: 6.16.0
2025-12-07 19:30:44,956 [ERROR] AppliInfo:139 - Unknown STM32CubeMX version: 6.16.0
2025-12-07 19:30:44,958 [ERROR] AppliInfo:139 - Unknown STM32CubeMX version: 6.16.0
2025-12-07 19:30:44,959 [ERROR] AppliInfo:139 - Unknown STM32CubeMX version: 6.16.0
2025-12-07 19:30:44,959 [ERROR] AppliInfo:139 - Unknown STM32CubeMX version: 6.16.0
2025-12-07 19:30:44,959 [ERROR] AppliInfo:139 - Unknown STM32CubeMX version: 6.16.0
2025-12-07 19:30:44,960 [ERROR] AppliInfo:139 - Unknown STM32CubeMX version: 6.16.0
2025-12-07 19:30:44,960 [ERROR] AppliInfo:139 - Unknown STM32CubeMX version: 6.16.0
2025-12-07 19:30:44,962 [ERROR] AppliInfo:139 - Unknown STM32CubeMX version: 6.16.0
2025-12-07 19:30:44,963 [ERROR] AppliInfo:139 - Unknown STM32CubeMX version: 6.16.0
2025-12-07 19:30:44,963 [ERROR] AppliInfo:139 - Unknown STM32CubeMX version: 6.16.0
2025-12-07 19:30:44,964 [ERROR] AppliInfo:139 - Unknown STM32CubeMX version: 6.16.0
2025-12-07 19:30:44,964 [ERROR] AppliInfo:139 - Unknown STM32CubeMX version: 6.16.0
2025-12-07 19:30:44,964 [ERROR] AppliInfo:139 - Unknown STM32CubeMX version: 6.16.0
2025-12-07 19:30:44,965 [ERROR] AppliInfo:139 - Unknown STM32CubeMX version: 6.16.0
2025-12-07 19:30:44,965 [ERROR] AppliInfo:139 - Unknown STM32CubeMX version: 6.16.0
2025-12-07 19:30:44,969 [ERROR] AppliInfo:139 - Unknown STM32CubeMX version: 6.16.0
2025-12-07 19:30:44,969 [ERROR] AppliInfo:139 - Unknown STM32CubeMX version: 6.16.0
2025-12-07 19:30:44,970 [ERROR] AppliInfo:139 - Unknown STM32CubeMX version: 6.16.0
2025-12-07 19:30:44,971 [ERROR] AppliInfo:139 - Unknown STM32CubeMX version: 6.16.0
2025-12-07 19:30:44,971 [ERROR] AppliInfo:139 - Unknown STM32CubeMX version: 6.16.0
2025-12-07 19:30:44,971 [ERROR] AppliInfo:139 - Unknown STM32CubeMX version: 6.16.0
2025-12-07 19:30:44,971 [ERROR] AppliInfo:139 - Unknown STM32CubeMX version: 6.16.0
2025-12-07 19:30:44,972 [ERROR] AppliInfo:139 - Unknown STM32CubeMX version: 6.16.0
2025-12-07 19:30:44,973 [ERROR] AppliInfo:139 - Unknown STM32CubeMX version: 6.16.0
2025-12-07 19:30:44,973 [ERROR] AppliInfo:139 - Unknown STM32CubeMX version: 6.16.0
2025-12-07 19:30:44,973 [ERROR] AppliInfo:139 - Unknown STM32CubeMX version: 6.16.0
2025-12-07 19:30:44,974 [ERROR] AppliInfo:139 - Unknown STM32CubeMX version: 6.16.0
2025-12-07 19:30:44,975 [ERROR] AppliInfo:139 - Unknown STM32CubeMX version: 6.16.0
2025-12-07 19:30:44,975 [ERROR] AppliInfo:139 - Unknown STM32CubeMX version: 6.16.0
2025-12-07 19:30:44,976 [ERROR] AppliInfo:139 - Unknown STM32CubeMX version: 6.16.0
2025-12-07 19:30:44,976 [ERROR] AppliInfo:139 - Unknown STM32CubeMX version: 6.16.0
2025-12-07 19:30:44,977 [ERROR] AppliInfo:139 - Unknown STM32CubeMX version: 6.16.0
2025-12-07 19:30:44,977 [ERROR] AppliInfo:139 - Unknown STM32CubeMX version: 6.16.0
2025-12-07 19:30:44,977 [ERROR] AppliInfo:139 - Unknown STM32CubeMX version: 6.16.0
2025-12-07 19:30:44,978 [ERROR] AppliInfo:139 - Unknown STM32CubeMX version: 6.16.0
2025-12-07 19:30:44,979 [ERROR] AppliInfo:139 - Unknown STM32CubeMX version: 6.16.0
2025-12-07 19:30:44,980 [ERROR] AppliInfo:139 - Unknown STM32CubeMX version: 6.16.0
2025-12-07 19:30:44,980 [ERROR] AppliInfo:139 - Unknown STM32CubeMX version: 6.16.0
2025-12-07 19:30:44,981 [ERROR] AppliInfo:139 - Unknown STM32CubeMX version: 6.16.0
2025-12-07 19:30:44,983 [ERROR] AppliInfo:139 - Unknown STM32CubeMX version: 6.16.0
2025-12-07 19:30:44,984 [ERROR] AppliInfo:139 - Unknown STM32CubeMX version: 6.16.0
2025-12-07 19:30:44,985 [ERROR] AppliInfo:139 - Unknown STM32CubeMX version: 6.16.0
2025-12-07 19:30:44,985 [ERROR] AppliInfo:139 - Unknown STM32CubeMX version: 6.16.0
2025-12-07 19:30:44,986 [ERROR] AppliInfo:139 - Unknown STM32CubeMX version: 6.16.0
2025-12-07 19:30:44,986 [ERROR] AppliInfo:139 - Unknown STM32CubeMX version: 6.16.0
2025-12-07 19:30:44,987 [ERROR] AppliInfo:139 - Unknown STM32CubeMX version: 6.16.0
2025-12-07 19:30:44,987 [ERROR] AppliInfo:139 - Unknown STM32CubeMX version: 6.16.0
2025-12-07 19:30:44,988 [ERROR] AppliInfo:139 - Unknown STM32CubeMX version: 6.16.0
2025-12-07 19:30:44,988 [ERROR] AppliInfo:139 - Unknown STM32CubeMX version: 6.16.0
2025-12-07 19:30:44,989 [ERROR] AppliInfo:139 - Unknown STM32CubeMX version: 6.16.0
2025-12-07 19:30:44,989 [ERROR] AppliInfo:139 - Unknown STM32CubeMX version: 6.16.0
2025-12-07 19:30:44,990 [ERROR] AppliInfo:139 - Unknown STM32CubeMX version: 6.16.0
2025-12-07 19:30:44,991 [ERROR] AppliInfo:139 - Unknown STM32CubeMX version: 6.16.0
2025-12-07 19:30:44,991 [ERROR] AppliInfo:139 - Unknown STM32CubeMX version: 6.16.0
2025-12-07 19:30:44,992 [ERROR] AppliInfo:139 - Unknown STM32CubeMX version: 6.16.0
2025-12-07 19:30:44,992 [ERROR] AppliInfo:139 - Unknown STM32CubeMX version: 6.16.0
2025-12-07 19:30:44,993 [ERROR] AppliInfo:139 - Unknown STM32CubeMX version: 6.16.0
2025-12-07 19:30:44,993 [ERROR] AppliInfo:139 - Unknown STM32CubeMX version: 6.16.0
2025-12-07 19:30:45,007 [ERROR] AppliInfo:139 - Unknown STM32CubeMX version: 6.16.0
2025-12-07 19:30:45,010 [ERROR] AppliInfo:139 - Unknown STM32CubeMX version: 6.16.0
2025-12-07 19:30:45,031 [ERROR] AppliInfo:139 - Unknown STM32CubeMX version: 6.16.0
2025-12-07 19:30:45,031 [ERROR] AppliInfo:139 - Unknown STM32CubeMX version: 6.16.0
2025-12-07 19:30:45,032 [ERROR] AppliInfo:139 - Unknown STM32CubeMX version: 6.16.0
2025-12-07 19:30:45,032 [ERROR] AppliInfo:139 - Unknown STM32CubeMX version: 6.16.0
2025-12-07 19:30:45,033 [ERROR] AppliInfo:139 - Unknown STM32CubeMX version: 6.16.0
2025-12-07 19:30:45,033 [ERROR] AppliInfo:139 - Unknown STM32CubeMX version: 6.16.0
2025-12-07 19:30:45,034 [ERROR] AppliInfo:139 - Unknown STM32CubeMX version: 6.16.0
2025-12-07 19:30:45,035 [ERROR] AppliInfo:139 - Unknown STM32CubeMX version: 6.16.0
2025-12-07 19:30:45,035 [ERROR] AppliInfo:139 - Unknown STM32CubeMX version: 6.16.0
2025-12-07 19:30:45,037 [ERROR] AppliInfo:139 - Unknown STM32CubeMX version: 6.16.0
2025-12-07 19:30:45,040 [ERROR] AppliInfo:139 - Unknown STM32CubeMX version: 6.16.0
2025-12-07 19:30:45,040 [ERROR] AppliInfo:139 - Unknown STM32CubeMX version: 6.16.0
2025-12-07 19:30:45,041 [ERROR] AppliInfo:139 - Unknown STM32CubeMX version: 6.16.0
2025-12-07 19:30:45,041 [ERROR] AppliInfo:139 - Unknown STM32CubeMX version: 6.16.0
2025-12-07 19:30:45,042 [ERROR] AppliInfo:139 - Unknown STM32CubeMX version: 6.16.0
2025-12-07 19:30:45,043 [ERROR] AppliInfo:139 - Unknown STM32CubeMX version: 6.16.0
2025-12-07 19:30:45,044 [ERROR] AppliInfo:139 - Unknown STM32CubeMX version: 6.16.0
2025-12-07 19:30:45,044 [ERROR] AppliInfo:139 - Unknown STM32CubeMX version: 6.16.0
2025-12-07 19:30:45,045 [ERROR] AppliInfo:139 - Unknown STM32CubeMX version: 6.16.0
2025-12-07 19:30:45,045 [ERROR] AppliInfo:139 - Unknown STM32CubeMX version: 6.16.0
2025-12-07 19:30:45,045 [ERROR] AppliInfo:139 - Unknown STM32CubeMX version: 6.16.0
2025-12-07 19:30:45,046 [ERROR] AppliInfo:139 - Unknown STM32CubeMX version: 6.16.0
2025-12-07 19:30:45,046 [ERROR] AppliInfo:139 - Unknown STM32CubeMX version: 6.16.0
2025-12-07 19:30:45,046 [ERROR] AppliInfo:139 - Unknown STM32CubeMX version: 6.16.0
2025-12-07 19:30:45,047 [ERROR] AppliInfo:139 - Unknown STM32CubeMX version: 6.16.0
2025-12-07 19:30:45,047 [ERROR] AppliInfo:139 - Unknown STM32CubeMX version: 6.16.0
2025-12-07 19:30:45,047 [ERROR] AppliInfo:139 - Unknown STM32CubeMX version: 6.16.0
2025-12-07 19:30:45,048 [ERROR] AppliInfo:139 - Unknown STM32CubeMX version: 6.16.0
2025-12-07 19:30:45,048 [ERROR] AppliInfo:139 - Unknown STM32CubeMX version: 6.16.0
2025-12-07 19:30:45,049 [ERROR] AppliInfo:139 - Unknown STM32CubeMX version: 6.16.0
2025-12-07 19:30:45,049 [ERROR] AppliInfo:139 - Unknown STM32CubeMX version: 6.16.0
2025-12-07 19:30:45,049 [ERROR] AppliInfo:139 - Unknown STM32CubeMX version: 6.16.0
2025-12-07 19:30:45,050 [ERROR] AppliInfo:139 - Unknown STM32CubeMX version: 6.16.0
2025-12-07 19:30:45,050 [ERROR] AppliInfo:139 - Unknown STM32CubeMX version: 6.16.0
2025-12-07 19:30:45,052 [ERROR] AppliInfo:139 - Unknown STM32CubeMX version: 6.16.0
2025-12-07 19:30:45,053 [ERROR] AppliInfo:139 - Unknown STM32CubeMX version: 6.16.0
2025-12-07 19:30:45,054 [ERROR] AppliInfo:139 - Unknown STM32CubeMX version: 6.16.0
2025-12-07 19:30:45,054 [ERROR] AppliInfo:139 - Unknown STM32CubeMX version: 6.16.0
2025-12-07 19:30:45,054 [ERROR] AppliInfo:139 - Unknown STM32CubeMX version: 6.16.0
2025-12-07 19:30:45,056 [ERROR] AppliInfo:139 - Unknown STM32CubeMX version: 6.16.0
2025-12-07 19:30:45,059 [ERROR] AppliInfo:139 - Unknown STM32CubeMX version: 6.16.0
2025-12-07 19:30:45,059 [ERROR] AppliInfo:139 - Unknown STM32CubeMX version: 6.16.0
2025-12-07 19:30:45,059 [ERROR] AppliInfo:139 - Unknown STM32CubeMX version: 6.16.0
2025-12-07 19:30:45,060 [ERROR] AppliInfo:139 - Unknown STM32CubeMX version: 6.16.0
2025-12-07 19:30:45,060 [ERROR] AppliInfo:139 - Unknown STM32CubeMX version: 6.16.0
2025-12-07 19:30:45,061 [ERROR] AppliInfo:139 - Unknown STM32CubeMX version: 6.16.0
2025-12-07 19:30:45,061 [ERROR] AppliInfo:139 - Unknown STM32CubeMX version: 6.16.0
2025-12-07 19:30:45,062 [ERROR] AppliInfo:139 - Unknown STM32CubeMX version: 6.16.0
2025-12-07 19:30:45,062 [ERROR] AppliInfo:139 - Unknown STM32CubeMX version: 6.16.0
2025-12-07 19:30:45,062 [ERROR] AppliInfo:139 - Unknown STM32CubeMX version: 6.16.0
2025-12-07 19:30:45,063 [ERROR] AppliInfo:139 - Unknown STM32CubeMX version: 6.16.0
2025-12-07 19:30:45,063 [ERROR] AppliInfo:139 - Unknown STM32CubeMX version: 6.16.0
2025-12-07 19:30:45,063 [ERROR] AppliInfo:139 - Unknown STM32CubeMX version: 6.16.0
2025-12-07 19:30:45,064 [ERROR] AppliInfo:139 - Unknown STM32CubeMX version: 6.16.0
2025-12-07 19:30:45,064 [ERROR] AppliInfo:139 - Unknown STM32CubeMX version: 6.16.0
2025-12-07 19:30:45,065 [ERROR] AppliInfo:139 - Unknown STM32CubeMX version: 6.16.0
2025-12-07 19:30:45,065 [ERROR] AppliInfo:139 - Unknown STM32CubeMX version: 6.16.0
2025-12-07 19:30:45,065 [ERROR] AppliInfo:139 - Unknown STM32CubeMX version: 6.16.0
2025-12-07 19:30:45,066 [ERROR] AppliInfo:139 - Unknown STM32CubeMX version: 6.16.0
2025-12-07 19:30:45,066 [ERROR] AppliInfo:139 - Unknown STM32CubeMX version: 6.16.0
2025-12-07 19:30:45,066 [ERROR] AppliInfo:139 - Unknown STM32CubeMX version: 6.16.0
2025-12-07 19:30:45,068 [ERROR] AppliInfo:139 - Unknown STM32CubeMX version: 6.16.0
2025-12-07 19:30:45,069 [ERROR] AppliInfo:139 - Unknown STM32CubeMX version: 6.16.0
2025-12-07 19:30:45,069 [ERROR] AppliInfo:139 - Unknown STM32CubeMX version: 6.16.0
2025-12-07 19:30:45,070 [ERROR] AppliInfo:139 - Unknown STM32CubeMX version: 6.16.0
2025-12-07 19:30:45,070 [ERROR] AppliInfo:139 - Unknown STM32CubeMX version: 6.16.0
2025-12-07 19:30:45,070 [ERROR] AppliInfo:139 - Unknown STM32CubeMX version: 6.16.0
2025-12-07 19:30:45,071 [ERROR] AppliInfo:139 - Unknown STM32CubeMX version: 6.16.0
2025-12-07 19:30:45,071 [ERROR] AppliInfo:139 - Unknown STM32CubeMX version: 6.16.0
2025-12-07 19:30:45,072 [ERROR] AppliInfo:139 - Unknown STM32CubeMX version: 6.16.0
2025-12-07 19:30:45,072 [ERROR] AppliInfo:139 - Unknown STM32CubeMX version: 6.16.0
2025-12-07 19:30:45,073 [ERROR] AppliInfo:139 - Unknown STM32CubeMX version: 6.16.0
2025-12-07 19:30:45,073 [ERROR] AppliInfo:139 - Unknown STM32CubeMX version: 6.16.0
2025-12-07 19:30:45,073 [ERROR] AppliInfo:139 - Unknown STM32CubeMX version: 6.16.0
2025-12-07 19:30:45,074 [ERROR] AppliInfo:139 - Unknown STM32CubeMX version: 6.16.0
2025-12-07 19:30:45,074 [ERROR] AppliInfo:139 - Unknown STM32CubeMX version: 6.16.0
2025-12-07 19:30:45,074 [ERROR] AppliInfo:139 - Unknown STM32CubeMX version: 6.16.0
2025-12-07 19:30:45,075 [ERROR] AppliInfo:139 - Unknown STM32CubeMX version: 6.16.0
2025-12-07 19:30:45,075 [ERROR] AppliInfo:139 - Unknown STM32CubeMX version: 6.16.0
2025-12-07 19:30:45,076 [ERROR] AppliInfo:139 - Unknown STM32CubeMX version: 6.16.0
2025-12-07 19:30:45,077 [ERROR] AppliInfo:139 - Unknown STM32CubeMX version: 6.16.0
2025-12-07 19:30:45,078 [ERROR] AppliInfo:139 - Unknown STM32CubeMX version: 6.16.0
2025-12-07 19:30:45,078 [ERROR] AppliInfo:139 - Unknown STM32CubeMX version: 6.16.0
2025-12-07 19:30:45,078 [ERROR] AppliInfo:139 - Unknown STM32CubeMX version: 6.16.0
2025-12-07 19:30:45,079 [ERROR] AppliInfo:139 - Unknown STM32CubeMX version: 6.16.0
2025-12-07 19:30:45,079 [ERROR] AppliInfo:139 - Unknown STM32CubeMX version: 6.16.0
2025-12-07 19:30:45,079 [ERROR] AppliInfo:139 - Unknown STM32CubeMX version: 6.16.0
2025-12-07 19:30:45,080 [ERROR] AppliInfo:139 - Unknown STM32CubeMX version: 6.16.0
2025-12-07 19:30:45,080 [ERROR] AppliInfo:139 - Unknown STM32CubeMX version: 6.16.0
2025-12-07 19:30:45,080 [ERROR] AppliInfo:139 - Unknown STM32CubeMX version: 6.16.0
2025-12-07 19:30:45,081 [ERROR] AppliInfo:139 - Unknown STM32CubeMX version: 6.16.0
2025-12-07 19:30:45,081 [ERROR] AppliInfo:139 - Unknown STM32CubeMX version: 6.16.0
2025-12-07 19:30:45,081 [ERROR] AppliInfo:139 - Unknown STM32CubeMX version: 6.16.0
2025-12-07 19:30:45,082 [ERROR] AppliInfo:139 - Unknown STM32CubeMX version: 6.16.0
2025-12-07 19:30:45,082 [ERROR] AppliInfo:139 - Unknown STM32CubeMX version: 6.16.0
2025-12-07 19:30:45,083 [ERROR] AppliInfo:139 - Unknown STM32CubeMX version: 6.16.0
2025-12-07 19:30:45,084 [ERROR] AppliInfo:139 - Unknown STM32CubeMX version: 6.16.0
2025-12-07 19:30:45,089 [ERROR] AppliInfo:139 - Unknown STM32CubeMX version: 6.16.0
2025-12-07 19:30:45,090 [ERROR] AppliInfo:139 - Unknown STM32CubeMX version: 6.16.0
2025-12-07 19:30:45,090 [ERROR] AppliInfo:139 - Unknown STM32CubeMX version: 6.16.0
2025-12-07 19:30:45,090 [ERROR] AppliInfo:139 - Unknown STM32CubeMX version: 6.16.0
2025-12-07 19:30:45,091 [ERROR] AppliInfo:139 - Unknown STM32CubeMX version: 6.16.0
2025-12-07 19:30:45,091 [ERROR] AppliInfo:139 - Unknown STM32CubeMX version: 6.16.0
2025-12-07 19:30:45,092 [ERROR] AppliInfo:139 - Unknown STM32CubeMX version: 6.16.0
2025-12-07 19:30:45,093 [ERROR] AppliInfo:139 - Unknown STM32CubeMX version: 6.16.0
2025-12-07 19:30:45,093 [ERROR] AppliInfo:139 - Unknown STM32CubeMX version: 6.16.0
2025-12-07 19:30:45,093 [ERROR] AppliInfo:139 - Unknown STM32CubeMX version: 6.16.0
2025-12-07 19:30:45,102 [ERROR] AppliInfo:139 - Unknown STM32CubeMX version: 6.16.0
2025-12-07 19:30:45,103 [ERROR] AppliInfo:139 - Unknown STM32CubeMX version: 6.16.0
2025-12-07 19:30:45,103 [ERROR] AppliInfo:139 - Unknown STM32CubeMX version: 6.16.0
2025-12-07 19:30:45,104 [ERROR] AppliInfo:139 - Unknown STM32CubeMX version: 6.16.0
2025-12-07 19:30:45,104 [ERROR] AppliInfo:139 - Unknown STM32CubeMX version: 6.16.0
2025-12-07 19:30:45,104 [ERROR] AppliInfo:139 - Unknown STM32CubeMX version: 6.16.0
2025-12-07 19:30:45,105 [ERROR] AppliInfo:139 - Unknown STM32CubeMX version: 6.16.0
2025-12-07 19:30:45,105 [ERROR] AppliInfo:139 - Unknown STM32CubeMX version: 6.16.0
2025-12-07 19:30:45,106 [ERROR] AppliInfo:139 - Unknown STM32CubeMX version: 6.16.0
2025-12-07 19:30:45,106 [ERROR] AppliInfo:139 - Unknown STM32CubeMX version: 6.16.0
2025-12-07 19:30:45,106 [ERROR] AppliInfo:139 - Unknown STM32CubeMX version: 6.16.0
2025-12-07 19:30:45,107 [ERROR] AppliInfo:139 - Unknown STM32CubeMX version: 6.16.0
2025-12-07 19:30:45,107 [ERROR] AppliInfo:139 - Unknown STM32CubeMX version: 6.16.0
2025-12-07 19:30:45,107 [ERROR] AppliInfo:139 - Unknown STM32CubeMX version: 6.16.0
2025-12-07 19:30:45,109 [ERROR] AppliInfo:139 - Unknown STM32CubeMX version: 6.16.0
2025-12-07 19:30:45,110 [ERROR] AppliInfo:139 - Unknown STM32CubeMX version: 6.16.0
2025-12-07 19:30:45,110 [ERROR] AppliInfo:139 - Unknown STM32CubeMX version: 6.16.0
2025-12-07 19:30:45,111 [ERROR] AppliInfo:139 - Unknown STM32CubeMX version: 6.16.0
2025-12-07 19:30:45,112 [ERROR] AppliInfo:139 - Unknown STM32CubeMX version: 6.16.0
2025-12-07 19:30:45,112 [ERROR] AppliInfo:139 - Unknown STM32CubeMX version: 6.16.0
2025-12-07 19:30:45,112 [ERROR] AppliInfo:139 - Unknown STM32CubeMX version: 6.16.0
2025-12-07 19:30:45,113 [ERROR] AppliInfo:139 - Unknown STM32CubeMX version: 6.16.0
2025-12-07 19:30:45,114 [ERROR] AppliInfo:139 - Unknown STM32CubeMX version: 6.16.0
2025-12-07 19:30:45,116 [ERROR] AppliInfo:139 - Unknown STM32CubeMX version: 6.16.0
2025-12-07 19:30:45,116 [ERROR] AppliInfo:139 - Unknown STM32CubeMX version: 6.16.0
2025-12-07 19:30:45,117 [ERROR] AppliInfo:139 - Unknown STM32CubeMX version: 6.16.0
2025-12-07 19:30:45,118 [ERROR] AppliInfo:139 - Unknown STM32CubeMX version: 6.16.0
2025-12-07 19:30:45,120 [ERROR] AppliInfo:139 - Unknown STM32CubeMX version: 6.16.0
2025-12-07 19:30:45,120 [ERROR] AppliInfo:139 - Unknown STM32CubeMX version: 6.16.0
2025-12-07 19:30:45,121 [ERROR] AppliInfo:139 - Unknown STM32CubeMX version: 6.16.0
2025-12-07 19:30:45,122 [ERROR] AppliInfo:139 - Unknown STM32CubeMX version: 6.16.0
2025-12-07 19:30:45,122 [ERROR] AppliInfo:139 - Unknown STM32CubeMX version: 6.16.0
2025-12-07 19:30:45,122 [ERROR] AppliInfo:139 - Unknown STM32CubeMX version: 6.16.0
2025-12-07 19:30:45,123 [ERROR] AppliInfo:139 - Unknown STM32CubeMX version: 6.16.0
2025-12-07 19:30:45,123 [ERROR] AppliInfo:139 - Unknown STM32CubeMX version: 6.16.0
2025-12-07 19:30:45,124 [ERROR] AppliInfo:139 - Unknown STM32CubeMX version: 6.16.0
2025-12-07 19:30:45,124 [ERROR] AppliInfo:139 - Unknown STM32CubeMX version: 6.16.0
2025-12-07 19:30:45,125 [ERROR] AppliInfo:139 - Unknown STM32CubeMX version: 6.16.0
2025-12-07 19:30:45,125 [ERROR] AppliInfo:139 - Unknown STM32CubeMX version: 6.16.0
2025-12-07 19:30:45,125 [ERROR] AppliInfo:139 - Unknown STM32CubeMX version: 6.16.0
2025-12-07 19:30:45,126 [ERROR] AppliInfo:139 - Unknown STM32CubeMX version: 6.16.0
2025-12-07 19:30:45,126 [ERROR] AppliInfo:139 - Unknown STM32CubeMX version: 6.16.0
2025-12-07 19:30:45,126 [ERROR] AppliInfo:139 - Unknown STM32CubeMX version: 6.16.0
2025-12-07 19:30:45,127 [ERROR] AppliInfo:139 - Unknown STM32CubeMX version: 6.16.0
2025-12-07 19:30:45,127 [ERROR] AppliInfo:139 - Unknown STM32CubeMX version: 6.16.0
2025-12-07 19:30:45,128 [ERROR] AppliInfo:139 - Unknown STM32CubeMX version: 6.16.0
2025-12-07 19:30:45,183 [ERROR] AppliInfo:139 - Unknown STM32CubeMX version: 6.16.0
2025-12-07 19:30:45,184 [ERROR] AppliInfo:139 - Unknown STM32CubeMX version: 6.16.0
2025-12-07 19:30:45,185 [ERROR] AppliInfo:139 - Unknown STM32CubeMX version: 6.16.0
2025-12-07 19:30:45,185 [ERROR] AppliInfo:139 - Unknown STM32CubeMX version: 6.16.0
2025-12-07 19:30:45,186 [ERROR] AppliInfo:139 - Unknown STM32CubeMX version: 6.16.0
2025-12-07 19:30:45,186 [ERROR] AppliInfo:139 - Unknown STM32CubeMX version: 6.16.0
2025-12-07 19:30:45,186 [ERROR] AppliInfo:139 - Unknown STM32CubeMX version: 6.16.0
2025-12-07 19:30:45,187 [ERROR] AppliInfo:139 - Unknown STM32CubeMX version: 6.16.0
2025-12-07 19:30:45,187 [ERROR] AppliInfo:139 - Unknown STM32CubeMX version: 6.16.0
2025-12-07 19:30:45,188 [ERROR] AppliInfo:139 - Unknown STM32CubeMX version: 6.16.0
2025-12-07 19:30:45,188 [ERROR] AppliInfo:139 - Unknown STM32CubeMX version: 6.16.0
2025-12-07 19:30:45,188 [ERROR] AppliInfo:139 - Unknown STM32CubeMX version: 6.16.0
2025-12-07 19:30:45,188 [ERROR] AppliInfo:139 - Unknown STM32CubeMX version: 6.16.0
2025-12-07 19:30:45,189 [ERROR] AppliInfo:139 - Unknown STM32CubeMX version: 6.16.0
2025-12-07 19:30:45,189 [ERROR] AppliInfo:139 - Unknown STM32CubeMX version: 6.16.0
2025-12-07 19:30:45,189 [ERROR] AppliInfo:139 - Unknown STM32CubeMX version: 6.16.0
2025-12-07 19:30:45,191 [ERROR] AppliInfo:139 - Unknown STM32CubeMX version: 6.16.0
2025-12-07 19:30:45,191 [ERROR] AppliInfo:139 - Unknown STM32CubeMX version: 6.16.0
2025-12-07 19:30:45,191 [ERROR] AppliInfo:139 - Unknown STM32CubeMX version: 6.16.0
2025-12-07 19:30:45,235 [ERROR] AppliInfo:139 - Unknown STM32CubeMX version: 6.16.0
2025-12-07 19:30:45,236 [ERROR] AppliInfo:139 - Unknown STM32CubeMX version: 6.16.0
2025-12-07 19:30:45,236 [ERROR] AppliInfo:139 - Unknown STM32CubeMX version: 6.16.0
2025-12-07 19:30:45,237 [ERROR] AppliInfo:139 - Unknown STM32CubeMX version: 6.16.0
2025-12-07 19:30:45,237 [ERROR] AppliInfo:139 - Unknown STM32CubeMX version: 6.16.0
2025-12-07 19:30:45,237 [ERROR] AppliInfo:139 - Unknown STM32CubeMX version: 6.16.0
2025-12-07 19:30:45,238 [ERROR] AppliInfo:139 - Unknown STM32CubeMX version: 6.16.0
2025-12-07 19:30:45,238 [ERROR] AppliInfo:139 - Unknown STM32CubeMX version: 6.16.0
2025-12-07 19:30:45,238 [ERROR] AppliInfo:139 - Unknown STM32CubeMX version: 6.16.0
2025-12-07 19:30:45,239 [ERROR] AppliInfo:139 - Unknown STM32CubeMX version: 6.16.0
2025-12-07 19:30:45,239 [ERROR] AppliInfo:139 - Unknown STM32CubeMX version: 6.16.0
2025-12-07 19:30:45,239 [ERROR] AppliInfo:139 - Unknown STM32CubeMX version: 6.16.0
2025-12-07 19:30:45,240 [ERROR] AppliInfo:139 - Unknown STM32CubeMX version: 6.16.0
2025-12-07 19:30:45,240 [ERROR] AppliInfo:139 - Unknown STM32CubeMX version: 6.16.0
2025-12-07 19:30:45,240 [ERROR] AppliInfo:139 - Unknown STM32CubeMX version: 6.16.0
2025-12-07 19:30:45,241 [ERROR] AppliInfo:139 - Unknown STM32CubeMX version: 6.16.0
2025-12-07 19:30:45,241 [ERROR] AppliInfo:139 - Unknown STM32CubeMX version: 6.16.0
2025-12-07 19:30:45,241 [ERROR] AppliInfo:139 - Unknown STM32CubeMX version: 6.16.0
2025-12-07 19:30:45,242 [ERROR] AppliInfo:139 - Unknown STM32CubeMX version: 6.16.0
2025-12-07 19:30:45,244 [ERROR] AppliInfo:139 - Unknown STM32CubeMX version: 6.16.0
2025-12-07 19:30:45,245 [ERROR] AppliInfo:139 - Unknown STM32CubeMX version: 6.16.0
2025-12-07 19:30:45,260 [ERROR] AppliInfo:139 - Unknown STM32CubeMX version: 6.16.0
2025-12-07 19:30:45,261 [ERROR] AppliInfo:139 - Unknown STM32CubeMX version: 6.16.0
2025-12-07 19:30:45,262 [ERROR] AppliInfo:139 - Unknown STM32CubeMX version: 6.16.0
2025-12-07 19:30:45,289 [ERROR] AppliInfo:139 - Unknown STM32CubeMX version: 6.16.0
2025-12-07 19:30:45,290 [ERROR] AppliInfo:139 - Unknown STM32CubeMX version: 6.16.0
2025-12-07 19:30:45,290 [ERROR] AppliInfo:139 - Unknown STM32CubeMX version: 6.16.0
2025-12-07 19:30:45,291 [ERROR] AppliInfo:139 - Unknown STM32CubeMX version: 6.16.0
2025-12-07 19:30:45,291 [ERROR] AppliInfo:139 - Unknown STM32CubeMX version: 6.16.0
2025-12-07 19:30:45,291 [ERROR] AppliInfo:139 - Unknown STM32CubeMX version: 6.16.0
2025-12-07 19:30:45,291 [ERROR] AppliInfo:139 - Unknown STM32CubeMX version: 6.16.0
2025-12-07 19:30:45,292 [ERROR] AppliInfo:139 - Unknown STM32CubeMX version: 6.16.0
2025-12-07 19:30:45,292 [ERROR] AppliInfo:139 - Unknown STM32CubeMX version: 6.16.0
2025-12-07 19:30:45,293 [ERROR] AppliInfo:139 - Unknown STM32CubeMX version: 6.16.0
2025-12-07 19:30:45,294 [ERROR] AppliInfo:139 - Unknown STM32CubeMX version: 6.16.0
2025-12-07 19:30:45,294 [ERROR] AppliInfo:139 - Unknown STM32CubeMX version: 6.16.0
2025-12-07 19:30:45,294 [ERROR] AppliInfo:139 - Unknown STM32CubeMX version: 6.16.0
2025-12-07 19:30:45,295 [ERROR] AppliInfo:139 - Unknown STM32CubeMX version: 6.16.0
2025-12-07 19:30:45,295 [ERROR] AppliInfo:139 - Unknown STM32CubeMX version: 6.16.0
2025-12-07 19:30:45,295 [ERROR] AppliInfo:139 - Unknown STM32CubeMX version: 6.16.0
2025-12-07 19:30:45,295 [ERROR] AppliInfo:139 - Unknown STM32CubeMX version: 6.16.0
2025-12-07 19:30:45,296 [ERROR] AppliInfo:139 - Unknown STM32CubeMX version: 6.16.0
2025-12-07 19:30:45,296 [ERROR] AppliInfo:139 - Unknown STM32CubeMX version: 6.16.0
2025-12-07 19:30:45,297 [ERROR] AppliInfo:139 - Unknown STM32CubeMX version: 6.16.0
2025-12-07 19:30:45,298 [ERROR] AppliInfo:139 - Unknown STM32CubeMX version: 6.16.0
2025-12-07 19:30:45,298 [ERROR] AppliInfo:139 - Unknown STM32CubeMX version: 6.16.0
2025-12-07 19:30:45,298 [ERROR] AppliInfo:139 - Unknown STM32CubeMX version: 6.16.0
2025-12-07 19:30:45,298 [ERROR] AppliInfo:139 - Unknown STM32CubeMX version: 6.16.0
2025-12-07 19:30:45,299 [ERROR] AppliInfo:139 - Unknown STM32CubeMX version: 6.16.0
2025-12-07 19:30:45,299 [ERROR] AppliInfo:139 - Unknown STM32CubeMX version: 6.16.0
2025-12-07 19:30:45,300 [ERROR] AppliInfo:139 - Unknown STM32CubeMX version: 6.16.0
2025-12-07 19:30:45,302 [ERROR] AppliInfo:139 - Unknown STM32CubeMX version: 6.16.0
2025-12-07 19:30:45,302 [ERROR] AppliInfo:139 - Unknown STM32CubeMX version: 6.16.0
2025-12-07 19:30:45,303 [ERROR] AppliInfo:139 - Unknown STM32CubeMX version: 6.16.0
2025-12-07 19:30:45,303 [ERROR] AppliInfo:139 - Unknown STM32CubeMX version: 6.16.0
2025-12-07 19:30:45,303 [ERROR] AppliInfo:139 - Unknown STM32CubeMX version: 6.16.0
2025-12-07 19:30:45,304 [ERROR] AppliInfo:139 - Unknown STM32CubeMX version: 6.16.0
2025-12-07 19:30:45,304 [ERROR] AppliInfo:139 - Unknown STM32CubeMX version: 6.16.0
2025-12-07 19:30:45,304 [ERROR] AppliInfo:139 - Unknown STM32CubeMX version: 6.16.0
2025-12-07 19:30:45,304 [ERROR] AppliInfo:139 - Unknown STM32CubeMX version: 6.16.0
2025-12-07 19:30:45,305 [ERROR] AppliInfo:139 - Unknown STM32CubeMX version: 6.16.0
2025-12-07 19:30:45,305 [ERROR] AppliInfo:139 - Unknown STM32CubeMX version: 6.16.0
2025-12-07 19:30:45,305 [ERROR] AppliInfo:139 - Unknown STM32CubeMX version: 6.16.0
2025-12-07 19:30:45,306 [ERROR] AppliInfo:139 - Unknown STM32CubeMX version: 6.16.0
2025-12-07 19:30:45,306 [ERROR] AppliInfo:139 - Unknown STM32CubeMX version: 6.16.0
2025-12-07 19:30:45,307 [ERROR] AppliInfo:139 - Unknown STM32CubeMX version: 6.16.0
2025-12-07 19:30:45,307 [ERROR] AppliInfo:139 - Unknown STM32CubeMX version: 6.16.0
2025-12-07 19:30:45,307 [ERROR] AppliInfo:139 - Unknown STM32CubeMX version: 6.16.0
2025-12-07 19:30:45,307 [ERROR] AppliInfo:139 - Unknown STM32CubeMX version: 6.16.0
2025-12-07 19:30:45,308 [ERROR] AppliInfo:139 - Unknown STM32CubeMX version: 6.16.0
2025-12-07 19:30:45,308 [ERROR] AppliInfo:139 - Unknown STM32CubeMX version: 6.16.0
2025-12-07 19:30:45,308 [ERROR] AppliInfo:139 - Unknown STM32CubeMX version: 6.16.0
2025-12-07 19:30:45,309 [ERROR] AppliInfo:139 - Unknown STM32CubeMX version: 6.16.0
2025-12-07 19:30:45,309 [ERROR] AppliInfo:139 - Unknown STM32CubeMX version: 6.16.0
2025-12-07 19:30:45,309 [ERROR] AppliInfo:139 - Unknown STM32CubeMX version: 6.16.0
2025-12-07 19:30:45,309 [ERROR] AppliInfo:139 - Unknown STM32CubeMX version: 6.16.0
2025-12-07 19:30:45,310 [ERROR] AppliInfo:139 - Unknown STM32CubeMX version: 6.16.0
2025-12-07 19:30:45,310 [ERROR] AppliInfo:139 - Unknown STM32CubeMX version: 6.16.0
2025-12-07 19:30:45,310 [ERROR] AppliInfo:139 - Unknown STM32CubeMX version: 6.16.0
2025-12-07 19:30:45,311 [ERROR] AppliInfo:139 - Unknown STM32CubeMX version: 6.16.0
2025-12-07 19:30:45,311 [ERROR] AppliInfo:139 - Unknown STM32CubeMX version: 6.16.0
2025-12-07 19:30:45,311 [ERROR] AppliInfo:139 - Unknown STM32CubeMX version: 6.16.0
2025-12-07 19:30:45,312 [ERROR] AppliInfo:139 - Unknown STM32CubeMX version: 6.16.0
2025-12-07 19:30:45,312 [ERROR] AppliInfo:139 - Unknown STM32CubeMX version: 6.16.0
2025-12-07 19:30:45,802 [INFO] MultiScanPanel:728 - adjusting invalid saved split location: 1.85
2025-12-07 19:30:48,062 [INFO] MultiScanPanel:728 - adjusting invalid saved split location: 1.85
2025-12-07 19:30:48,064 [INFO] MultiScanPanel:728 - adjusting invalid saved split location: 1.85
2025-12-07 19:31:36,451 [INFO] MainUpdater:2872 - connection check result : 10
2025-12-07 19:31:36,452 [INFO] MainUpdater:2872 - connection check result : 10
2025-12-07 19:31:36,488 [INFO] MicroXplorer:468 - Change Database Path : 
2025-12-07 19:31:36,488 [INFO] MicroXplorer:498 - Change Database Version : DB.6.0.150
2025-12-07 19:31:36,496 [WARN] ThirdParty:871 - waiting for thirdparty lock release [close project]
2025-12-07 19:31:36,496 [INFO] ThirdParty:873 - entering critical section [close project]
2025-12-07 19:31:36,497 [INFO] ThirdParty:883 - exiting critical section [close project]
2025-12-07 19:31:36,500 [INFO] PinOutPanel:1589 - setPackage(No Configuration,No Configuration)
2025-12-07 19:31:36,502 [INFO] UtilMem:75 - Begin LoadConfig() Used Memory: 962148072 Bytes (1073741824)
2025-12-07 19:31:36,519 [INFO] MicroXplorer:468 - Change Database Path : C:/Users/Marom Keren/.stm32cubemx/databases/DB.6.0.130/db/
2025-12-07 19:31:36,519 [INFO] MicroXplorer:498 - Change Database Version : DB.6.0.130
2025-12-07 19:31:36,529 [INFO] MicroXplorer:468 - Change Database Path : 
2025-12-07 19:31:36,529 [INFO] MicroXplorer:498 - Change Database Version : DB.6.0.150
2025-12-07 19:31:36,529 [INFO] OpenFileManager:355 - Change cursor
2025-12-07 19:31:36,680 [INFO] Mcu:2029 - Initializing MCU STM32F756ZGTx STM32F756ZGTx STM32F756ZGT6
2025-12-07 19:31:41,019 [INFO] Context:786 - Trying to add GPIOservice into a context  which must be forbidden
2025-12-07 19:31:42,333 [INFO] Rule:233 - rule Adapt Old IOC before rework replace old CORTEX_M33/CORTEX_M55 attributes by the new one. is applicable
2025-12-07 19:31:42,333 [INFO] Rule:233 - rule Rename parametre of RCC RCC_APBDBG_DIV2 to RCC_TIMPRES_DIV2 is applicable
2025-12-07 19:31:42,333 [INFO] Rule:233 - rule Rename DIE493 pin PA10 [PA12] -> PA10 is applicable
2025-12-07 19:31:42,333 [INFO] Rule:233 - rule Rename DIE493 pin PA9 [PA11] -> PA9 is applicable
2025-12-07 19:31:42,333 [INFO] Rule:233 - rule Rename DIE492 PartNumber CPN STM32WBA5MJGHx -> STM32WBA5MMGHx is applicable
2025-12-07 19:31:42,333 [INFO] Rule:233 - rule Rename DIE492 PartNumber  Name STM32WBA5MJGHx -> STM32WBA5MMGHx is applicable
2025-12-07 19:31:42,333 [INFO] Rule:233 - rule Rename DIE492 PartNumber UserName STM32WBA5MJGHx -> STM32WBA5MMGHx is applicable
2025-12-07 19:31:42,333 [INFO] Rule:233 - rule Rename DIE492 PartNumber DeviceId STM32WBA5MJGHx -> STM32WBA5MMGHx is applicable
2025-12-07 19:31:42,333 [INFO] Rule:233 - rule Adapt Old IOC CSI. is applicable
2025-12-07 19:31:42,333 [INFO] Rule:233 - rule Adapt Old IOC DCMIPP. is applicable
2025-12-07 19:31:42,333 [INFO] Rule:233 - rule Adapt Old IOC DCMIPP Mode Parallel. is applicable
2025-12-07 19:31:42,333 [INFO] Rule:233 - rule Adapt Old IOC LTDC. is applicable
2025-12-07 19:31:42,334 [INFO] Rule:233 - rule Rename STM32MP2 RIF Peripheral LTDC RIF.RISUP.LTDC_L0L1.Privilege -> RIF.RISUP.LTDC_L1L2.Privilege is applicable
2025-12-07 19:31:42,334 [INFO] Rule:233 - rule Rename STM32MP2 RIF Peripheral LTDC RIF.RISUP.LTDC_L0L1.Privilege -> RIF.RISUP.LTDC_L1L2.Privilege is applicable
2025-12-07 19:31:42,334 [INFO] Rule:233 - rule Rename STM32MP2 RIF Peripheral LTDC RIF.RISUP.LTDC_L0L1.Lock -> RIF.RISUP.LTDC_L1L2.Lock is applicable
2025-12-07 19:31:42,334 [INFO] Rule:233 - rule Rename STM32MP2 RIF Peripheral LTDC RIF.RISUP.LTDC_L2.Lock -> RIF.RISUP.LTDC_L3.Lock is applicable
2025-12-07 19:31:42,334 [INFO] Rule:233 - rule Adapt the old IOC example for updating the SYS when it is misconfigured. is applicable
2025-12-07 19:31:42,334 [INFO] Rule:233 - rule Rename STM32C09 Mcu.Package LQFP64 -> LQFP48 is applicable
2025-12-07 19:31:42,334 [INFO] Rule:233 - rule Adapt the old IOC example for updating the SYS when it is misconfigured. is applicable
2025-12-07 19:31:42,334 [INFO] Rule:233 - rule Adapt the old IOC example for updating the SYS when it is misconfigured. is applicable
2025-12-07 19:31:42,336 [INFO] DbConfProperties:307 - Apply Compatibility (4/20 Rules)
2025-12-07 19:31:42,366 [INFO] ImportTextPane:234 - (OptionalMessage_ERROR) Pin32 (VP_RIF_VS_RIF1) cannot be retrieved for this MCU
2025-12-07 19:31:42,526 [INFO] RtosManager:558 - Registered RTOS mode: class=CMSIS, group=RTOS, mode=CMSIS_V1, owner=FREERTOS
2025-12-07 19:31:42,526 [INFO] RtosManager:558 - Registered RTOS mode: class=CMSIS, group=RTOS2, mode=CMSIS_V2, owner=FREERTOS
2025-12-07 19:31:42,526 [INFO] RtosManager:558 - Registered RTOS mode: class=RTOS, group=Core, mode=CMSIS_V1, owner=FREERTOS
2025-12-07 19:31:42,526 [INFO] RtosManager:558 - Registered RTOS mode: class=RTOS, group=Core, mode=CMSIS_V2, owner=FREERTOS
2025-12-07 19:31:42,526 [WARN] ModelIntegratedComponent:184 - Missing modes for component STMicroelectronics:FreeRTOS:0.0.1:STMicroelectronics:RTOS:FreeRTOS:Core:::10.2.0:
2025-12-07 19:31:42,538 [WARN] ModelIntegratedComponent:63 - No mode defined for component null
2025-12-07 19:31:42,538 [WARN] ModelIntegratedComponent:63 - No mode defined for component null
2025-12-07 19:31:42,538 [WARN] ModelIntegratedComponent:63 - No mode defined for component null
2025-12-07 19:31:42,538 [WARN] ModelIntegratedComponent:63 - No mode defined for component null
2025-12-07 19:31:42,538 [WARN] ModelIntegratedComponent:63 - No mode defined for component null
2025-12-07 19:31:42,539 [WARN] ModelIntegratedComponent:63 - No mode defined for component null
2025-12-07 19:31:42,539 [WARN] ModelIntegratedComponent:63 - No mode defined for component null
2025-12-07 19:31:42,539 [WARN] ModelIntegratedComponent:63 - No mode defined for component null
2025-12-07 19:31:42,539 [WARN] ModelIntegratedComponent:63 - No mode defined for component null
2025-12-07 19:31:42,539 [WARN] ModelIntegratedComponent:63 - No mode defined for component null
2025-12-07 19:31:42,540 [WARN] ModelIntegratedComponent:63 - No mode defined for component null
2025-12-07 19:31:42,540 [WARN] ModelIntegratedComponent:63 - No mode defined for component null
2025-12-07 19:31:42,540 [WARN] ModelIntegratedComponent:63 - No mode defined for component null
2025-12-07 19:31:42,540 [WARN] ModelIntegratedComponent:63 - No mode defined for component null
2025-12-07 19:31:42,540 [WARN] ModelIntegratedComponent:63 - No mode defined for component null
2025-12-07 19:31:42,540 [WARN] ModelIntegratedComponent:63 - No mode defined for component null
2025-12-07 19:31:42,540 [WARN] ModelIntegratedComponent:63 - No mode defined for component null
2025-12-07 19:31:42,540 [WARN] ModelIntegratedComponent:63 - No mode defined for component null
2025-12-07 19:31:42,541 [WARN] ModelIntegratedComponent:63 - No mode defined for component null
2025-12-07 19:31:42,541 [WARN] ModelIntegratedComponent:63 - No mode defined for component null
2025-12-07 19:31:42,541 [WARN] ModelIntegratedComponent:63 - No mode defined for component null
2025-12-07 19:31:42,541 [WARN] ModelIntegratedComponent:63 - No mode defined for component null
2025-12-07 19:31:42,541 [WARN] ModelIntegratedComponent:63 - No mode defined for component null
2025-12-07 19:31:42,541 [WARN] ModelIntegratedComponent:63 - No mode defined for component null
2025-12-07 19:31:42,541 [WARN] ModelIntegratedComponent:63 - No mode defined for component null
2025-12-07 19:31:42,541 [WARN] ModelIntegratedComponent:63 - No mode defined for component null
2025-12-07 19:31:42,541 [WARN] ModelIntegratedComponent:63 - No mode defined for component null
2025-12-07 19:31:42,541 [WARN] ModelIntegratedComponent:63 - No mode defined for component null
2025-12-07 19:31:42,541 [WARN] ModelIntegratedComponent:63 - No mode defined for component null
2025-12-07 19:31:42,541 [WARN] ModelIntegratedComponent:63 - No mode defined for component null
2025-12-07 19:31:42,541 [WARN] ModelIntegratedComponent:63 - No mode defined for component null
2025-12-07 19:31:42,541 [WARN] ModelIntegratedComponent:63 - No mode defined for component null
2025-12-07 19:31:42,541 [WARN] ModelIntegratedComponent:63 - No mode defined for component null
2025-12-07 19:31:42,542 [WARN] ModelIntegratedComponent:63 - No mode defined for component null
2025-12-07 19:31:42,542 [WARN] ModelIntegratedComponent:63 - No mode defined for component null
2025-12-07 19:31:42,542 [WARN] ModelPack:524 - Component already loaded: STMicroelectronics:HAL Drivers:0.0.0:STMicroelectronics:Device:STMicro_Driver:XSPI:HAL::0.0.1:HAL_XSPI
2025-12-07 19:31:42,899 [INFO] ThirdPartyModel:298 - Start build external matchings
2025-12-07 19:31:44,879 [INFO] ThirdPartyModel:316 - End build external matchings
2025-12-07 19:31:44,901 [WARN] IP:2250 - Warning not found: check if there is a RefParameter without a condition.
2025-12-07 19:31:44,901 [WARN] IP:2250 - RxBufferAddress not found: check if there is a RefParameter without a condition.
2025-12-07 19:31:44,901 [WARN] IP:2250 - DESC_SIZE_UNIT not found: check if there is a RefParameter without a condition.
2025-12-07 19:31:44,902 [INFO] ImportTextPane:234 - (OptionalMessage_ERROR) IP (ETH) : Invalid parameter (PHY_Name)
2025-12-07 19:31:44,902 [INFO] ImportTextPane:234 - (OptionalMessage_ERROR) IP (ETH) : Invalid parameter (PHY_Value)
2025-12-07 19:31:44,902 [INFO] ImportTextPane:234 - (OptionalMessage_ERROR) IP (ETH) : Invalid parameter (PhyAddress)
2025-12-07 19:31:44,905 [INFO] ImportTextPane:234 - (OptionalMessage_ERROR) IP (RCC) : Invalid parameter (48MHZClocksFreq_Value)
2025-12-07 19:31:44,906 [INFO] ImportTextPane:234 - (OptionalMessage_ERROR) IP (RCC) : Invalid parameter (ADC12outputFreq_Value)
2025-12-07 19:31:44,906 [INFO] ImportTextPane:234 - (OptionalMessage_ERROR) IP (RCC) : Invalid parameter (ADC34outputFreq_Value)
2025-12-07 19:31:44,907 [INFO] ImportTextPane:234 - (OptionalMessage_ERROR) IP (RCC) : Invalid parameter (FamilyName)
2025-12-07 19:31:44,907 [INFO] ImportTextPane:234 - (OptionalMessage_ERROR) IP (RCC) : Invalid parameter (I2SClocksFreq_Value)
2025-12-07 19:31:44,907 [INFO] ImportTextPane:234 - (OptionalMessage_ERROR) IP (RCC) : Parameter (LCDTFToutputFreq_Value) has invalid value (96000000)
2025-12-07 19:31:44,907 [INFO] ImportTextPane:234 - (OptionalMessage_ERROR) IP (RCC) : Invalid parameter (MCOFreq_Value)
2025-12-07 19:31:44,908 [INFO] ImportTextPane:234 - (OptionalMessage_ERROR) IP (RCC) : Invalid parameter (PLLMCOFreq_Value)
2025-12-07 19:31:44,908 [INFO] ImportTextPane:234 - (OptionalMessage_ERROR) IP (RCC) : Invalid parameter (PLLMUL)
2025-12-07 19:31:44,908 [INFO] ImportTextPane:234 - (OptionalMessage_ERROR) IP (RCC) : Invalid parameter (PRESCALERUSB)
2025-12-07 19:31:44,908 [INFO] ImportTextPane:234 - (OptionalMessage_ERROR) IP (RCC) : Invalid parameter (RTCHSEDivFreq_Value)
2025-12-07 19:31:44,908 [INFO] ImportTextPane:234 - (OptionalMessage_ERROR) IP (RCC) : Parameter (SDMMCFreq_Value) has invalid value (72000000)
2025-12-07 19:31:44,908 [INFO] ImportTextPane:234 - (OptionalMessage_ERROR) IP (RCC) : Invalid parameter (SYSCLKSourceVirtual)
2025-12-07 19:31:44,908 [INFO] ImportTextPane:234 - (OptionalMessage_ERROR) IP (RCC) : Invalid parameter (TIM15Freq_Value)
2025-12-07 19:31:44,909 [INFO] ImportTextPane:234 - (OptionalMessage_ERROR) IP (RCC) : Invalid parameter (TIM16Freq_Value)
2025-12-07 19:31:44,909 [INFO] ImportTextPane:234 - (OptionalMessage_ERROR) IP (RCC) : Invalid parameter (TIM17Freq_Value)
2025-12-07 19:31:44,909 [INFO] ImportTextPane:234 - (OptionalMessage_ERROR) IP (RCC) : Invalid parameter (TIM1Freq_Value)
2025-12-07 19:31:44,909 [INFO] ImportTextPane:234 - (OptionalMessage_ERROR) IP (RCC) : Invalid parameter (TIM20Freq_Value)
2025-12-07 19:31:44,909 [INFO] ImportTextPane:234 - (OptionalMessage_ERROR) IP (RCC) : Invalid parameter (TIM2Freq_Value)
2025-12-07 19:31:44,909 [INFO] ImportTextPane:234 - (OptionalMessage_ERROR) IP (RCC) : Invalid parameter (TIM3Freq_Value)
2025-12-07 19:31:44,909 [INFO] ImportTextPane:234 - (OptionalMessage_ERROR) IP (RCC) : Invalid parameter (TIM8Freq_Value)
2025-12-07 19:31:44,909 [INFO] ImportTextPane:234 - (OptionalMessage_ERROR) IP (RCC) : Invalid parameter (VCOOutput2Freq_Value)
2025-12-07 19:31:44,909 [INFO] ImportTextPane:234 - (OptionalMessage_ERROR) IP (RCC) : Invalid parameter (VcooutputI2S)
2025-12-07 19:31:45,810 [INFO] UtilMem:75 - End LoadConfig() Used Memory: 973726760 Bytes (1073741824)
2025-12-07 19:31:46,164 [WARN] ThirdParty:833 - waiting for thirdparty lock release [change project]
2025-12-07 19:31:46,165 [INFO] ThirdParty:835 - entering critical section [change project]
2025-12-07 19:31:46,165 [INFO] ThirdParty:1030 - CMSIS Pack Vendor :STMicroelectronics X-CUBE-PM33A1 1.0.0
2025-12-07 19:31:46,165 [INFO] ThirdParty:1030 - CMSIS Pack Vendor :STMicroelectronics USBPD 4.1
2025-12-07 19:31:46,165 [INFO] ThirdParty:1030 - CMSIS Pack Vendor :STMicroelectronics USB_HOST 2.0.0
2025-12-07 19:31:46,165 [INFO] ThirdParty:1030 - CMSIS Pack Vendor :STMicroelectronics FP-SNS-MOTENVWB1 1.4.0
2025-12-07 19:31:46,165 [INFO] ThirdParty:1030 - CMSIS Pack Vendor :STMicroelectronics X-CUBE-AZRTOS-F4 1.1.0
2025-12-07 19:31:46,165 [INFO] ThirdParty:1030 - CMSIS Pack Vendor :STMicroelectronics LIBJPEG 8.0.0
2025-12-07 19:31:46,166 [INFO] ThirdParty:1030 - CMSIS Pack Vendor :STMicroelectronics FP-ATR-ASTRA1 2.0.2
2025-12-07 19:31:46,166 [INFO] ThirdParty:1030 - CMSIS Pack Vendor :Avnet-IotConnect X-CUBE-IoTC-DA16k-PMOD 1.0.0
2025-12-07 19:31:46,166 [INFO] ThirdParty:1030 - CMSIS Pack Vendor :STMicroelectronics X-CUBE-SMBUS 2.1.0
2025-12-07 19:31:46,166 [INFO] ThirdParty:1030 - CMSIS Pack Vendor :STMicroelectronics X-CUBE-ISPU 2.1.0
2025-12-07 19:31:46,166 [INFO] ThirdParty:1030 - CMSIS Pack Vendor :STMicroelectronics X-CUBE-IPS 3.2.0
2025-12-07 19:31:46,166 [INFO] ThirdParty:1030 - CMSIS Pack Vendor :STMicroelectronics X-CUBE-ST60 1.0.0
2025-12-07 19:31:46,166 [INFO] ThirdParty:1030 - CMSIS Pack Vendor :STMicroelectronics X-CUBE-NFC12 1.0.0
2025-12-07 19:31:46,166 [INFO] ThirdParty:1030 - CMSIS Pack Vendor :STMicroelectronics X-CUBE-AZRTOS-F7 1.1.0
2025-12-07 19:31:46,166 [INFO] ThirdParty:1030 - CMSIS Pack Vendor :STMicroelectronics X-CUBE-AZRTOS-L5 2.0.0
2025-12-07 19:31:46,166 [INFO] ThirdParty:1030 - CMSIS Pack Vendor :STMicroelectronics USB_DEVICE 2.0.0
2025-12-07 19:31:46,166 [INFO] ThirdParty:1030 - CMSIS Pack Vendor :STMicroelectronics X-CUBE-NFC6 3.1.0
2025-12-07 19:31:46,166 [INFO] ThirdParty:1030 - CMSIS Pack Vendor :STMicroelectronics FP-SNS-MOTENV1 5.1.0
2025-12-07 19:31:46,167 [INFO] ThirdParty:1030 - CMSIS Pack Vendor :STMicroelectronics FreeRTOS 0.0.1
2025-12-07 19:31:46,167 [INFO] ThirdParty:1030 - CMSIS Pack Vendor :WES I-CUBE-Cesium 1.4.0
2025-12-07 19:31:46,167 [INFO] ThirdParty:1030 - CMSIS Pack Vendor :Infineon AIROC-Wi-Fi-Bluetooth-STM32 1.7.1
2025-12-07 19:31:46,167 [INFO] ThirdParty:1030 - CMSIS Pack Vendor :STMicroelectronics PDM2PCM 3.3.0
2025-12-07 19:31:46,167 [INFO] ThirdParty:1030 - CMSIS Pack Vendor :STMicroelectronics X-CUBE-AZRTOS-H7 3.4.0
2025-12-07 19:31:46,167 [INFO] ThirdParty:1030 - CMSIS Pack Vendor :STMicroelectronics X-CUBE-DISPLAY 3.0.0
2025-12-07 19:31:46,167 [INFO] ThirdParty:1030 - CMSIS Pack Vendor :STMicroelectronics X-CUBE-NFC10 1.0.0
2025-12-07 19:31:46,167 [INFO] ThirdParty:1030 - CMSIS Pack Vendor :STMicroelectronics X-CUBE-FREERTOS 1.3.1
2025-12-07 19:31:46,167 [INFO] ThirdParty:1030 - CMSIS Pack Vendor :STMicroelectronics HAL Drivers 0.0.0
2025-12-07 19:31:46,167 [INFO] ThirdParty:1030 - CMSIS Pack Vendor :STMicroelectronics X-CUBE-ST60 1.1.0
2025-12-07 19:31:46,167 [INFO] ThirdParty:1030 - CMSIS Pack Vendor :emotas I-CUBE-CANOPEN 1.3.0
2025-12-07 19:31:46,167 [INFO] ThirdParty:1030 - CMSIS Pack Vendor :STMicroelectronics MBEDTLS 2.14.1
2025-12-07 19:31:46,167 [INFO] ThirdParty:1030 - CMSIS Pack Vendor :STMicroelectronics X-CUBE-GNSS1 7.1.0
2025-12-07 19:31:46,168 [INFO] ThirdParty:1030 - CMSIS Pack Vendor :STMicroelectronics X-CUBE-TOUCHGFX 4.26.0
2025-12-07 19:31:46,168 [INFO] ThirdParty:1030 - CMSIS Pack Vendor :quantropi X-CUBE-qispace-sdk-base 2.0.0
2025-12-07 19:31:46,168 [INFO] ThirdParty:1030 - CMSIS Pack Vendor :STMicroelectronics FP-SNS-STBOX1 2.1.0
2025-12-07 19:31:46,168 [INFO] ThirdParty:1030 - CMSIS Pack Vendor :STMicroelectronics FP-SNS-STAIOTCFT 1.0.0
2025-12-07 19:31:46,168 [INFO] ThirdParty:1030 - CMSIS Pack Vendor :STMicroelectronics FP-SNS-SMARTAG2 1.2.0
2025-12-07 19:31:46,168 [INFO] ThirdParty:1030 - CMSIS Pack Vendor :STMicroelectronics FP-SNS-FLIGHT1 5.1.0
2025-12-07 19:31:46,168 [INFO] ThirdParty:1030 - CMSIS Pack Vendor :STMicroelectronics X-CUBE-AZRTOS-WL 2.0.0
2025-12-07 19:31:46,168 [INFO] ThirdParty:1030 - CMSIS Pack Vendor :STMicroelectronics X-CUBE-DPower 1.3.0
2025-12-07 19:31:46,168 [INFO] ThirdParty:1030 - CMSIS Pack Vendor :STMicroelectronics FP-SNS-MOTENV1 5.0.0
2025-12-07 19:31:46,169 [INFO] ThirdParty:1030 - CMSIS Pack Vendor :STMicroelectronics USB_DEVICE 1.0.0
2025-12-07 19:31:46,169 [INFO] ThirdParty:1030 - CMSIS Pack Vendor :STMicroelectronics X-CUBE-AZRTOS-H7RS 1.2.0
2025-12-07 19:31:46,169 [INFO] ThirdParty:1030 - CMSIS Pack Vendor :STMicroelectronics X-CUBE-AZRTOS-L4 2.0.0
2025-12-07 19:31:46,169 [INFO] ThirdParty:1030 - CMSIS Pack Vendor :STMicroelectronics ThreadX 0.0.2
2025-12-07 19:31:46,169 [INFO] ThirdParty:1030 - CMSIS Pack Vendor :WES I-CUBE-Cesium 1.3.0
2025-12-07 19:31:46,169 [INFO] ThirdParty:1030 - CMSIS Pack Vendor :STMicroelectronics lwIP 2.1.2
2025-12-07 19:31:46,169 [INFO] ThirdParty:1030 - CMSIS Pack Vendor :STMicroelectronics X-CUBE-SFXS2LP1 4.0.0
2025-12-07 19:31:46,169 [INFO] ThirdParty:1030 - CMSIS Pack Vendor :STMicroelectronics X-CUBE-BLE2 3.3.0
2025-12-07 19:31:46,169 [INFO] ThirdParty:1030 - CMSIS Pack Vendor :Avnet-IOTCONNECT X-CUBE-iotc-st67-sdk 1.0.0
2025-12-07 19:31:46,169 [INFO] ThirdParty:1030 - CMSIS Pack Vendor :Infineon AIROC-Wi-Fi-Bluetooth-STM32 1.8.0
2025-12-07 19:31:46,169 [INFO] ThirdParty:1030 - CMSIS Pack Vendor :STMicroelectronics PDM2PCM 3.2.0
2025-12-07 19:31:46,169 [INFO] ThirdParty:1030 - CMSIS Pack Vendor :STMicroelectronics X-CUBE-NFC9 1.0.0
2025-12-07 19:31:46,170 [INFO] ThirdParty:1030 - CMSIS Pack Vendor :wolfSSL I-CUBE-wolfSSL 5.8.0
2025-12-07 19:31:46,170 [INFO] ThirdParty:1030 - CMSIS Pack Vendor :STMicroelectronics X-CUBE-BLE1 7.1.0
2025-12-07 19:31:46,170 [INFO] ThirdParty:1030 - CMSIS Pack Vendor :wolfSSL I-CUBE-wolfMQTT 1.19.2
2025-12-07 19:31:46,170 [INFO] ThirdParty:1030 - CMSIS Pack Vendor :STMicroelectronics USB_DEVICE 3.0.0
2025-12-07 19:31:46,170 [INFO] ThirdParty:1030 - CMSIS Pack Vendor :STMicroelectronics X-CUBE-FREERTOS 1.4.0
2025-12-07 19:31:46,170 [INFO] ThirdParty:1030 - CMSIS Pack Vendor :STMicroelectronics X-CUBE-EEPRMA1 5.2.0
2025-12-07 19:31:46,170 [INFO] ThirdParty:1030 - CMSIS Pack Vendor :STMicroelectronics X-CUBE-BLEMGR 4.1.0
2025-12-07 19:31:46,170 [INFO] ThirdParty:1030 - CMSIS Pack Vendor :STMicroelectronics X-CUBE-AZRTOS-WB 2.0.0
2025-12-07 19:31:46,170 [INFO] ThirdParty:1030 - CMSIS Pack Vendor :wolfSSL I-CUBE-wolfSSL 5.8.4
2025-12-07 19:31:46,170 [INFO] ThirdParty:1030 - CMSIS Pack Vendor :Cesanta I-CUBE-Mongoose 7.20.0
2025-12-07 19:31:46,170 [INFO] ThirdParty:1030 - CMSIS Pack Vendor :STMicroelectronics X-CUBE-GNSS1 7.0.1
2025-12-07 19:31:46,170 [INFO] ThirdParty:1030 - CMSIS Pack Vendor :STMicroelectronics X-CUBE-TOUCHGFX 4.25.0
2025-12-07 19:31:46,170 [INFO] ThirdParty:1030 - CMSIS Pack Vendor :STMicroelectronics X-CUBE-ST67W61 1.1.0
2025-12-07 19:31:46,170 [INFO] ThirdParty:1030 - CMSIS Pack Vendor :STMicroelectronics X-CUBE-AI 10.1.0
2025-12-07 19:31:46,171 [INFO] ThirdParty:1030 - CMSIS Pack Vendor :STMicroelectronics FP-SNS-STBOX1 2.0.0
2025-12-07 19:31:46,171 [INFO] ThirdParty:1030 - CMSIS Pack Vendor :quantropi X-CUBE-qispace-sdk-base 2.1.0
2025-12-07 19:31:46,171 [INFO] ThirdParty:1030 - CMSIS Pack Vendor :STMicroelectronics X-CUBE-MEMS1 12.0.0
2025-12-07 19:31:46,171 [INFO] ThirdParty:1030 - CMSIS Pack Vendor :STMicroelectronics X-CUBE-AZRTOS-G0 1.1.0
2025-12-07 19:31:46,171 [INFO] ThirdParty:1030 - CMSIS Pack Vendor :STMicroelectronics X-CUBE-SAFEA1 1.2.2
2025-12-07 19:31:46,171 [INFO] ThirdParty:1030 - CMSIS Pack Vendor :STMicroelectronics X-CUBE-NFC4 3.0.0
2025-12-07 19:31:46,171 [INFO] ThirdParty:1030 - CMSIS Pack Vendor :STMicroelectronics X-CUBE-SUBG2 5.0.0
2025-12-07 19:31:46,171 [INFO] ThirdParty:1030 - CMSIS Pack Vendor :STMicroelectronics X-CUBE-AZRTOS-H7RS 1.1.0
2025-12-07 19:31:46,171 [INFO] ThirdParty:1030 - CMSIS Pack Vendor :STMicroelectronics STM32_WPAN 1.0.0
2025-12-07 19:31:46,171 [INFO] ThirdParty:1030 - CMSIS Pack Vendor :EmbeddedOffice I-CUBE-FS-RTOS 1.0.1
2025-12-07 19:31:46,171 [INFO] ThirdParty:1030 - CMSIS Pack Vendor :STMicroelectronics lwIP 2.0.3
2025-12-07 19:31:46,171 [INFO] ThirdParty:1030 - CMSIS Pack Vendor :Cesanta I-CUBE-Mongoose 7.13.0
2025-12-07 19:31:46,171 [INFO] ThirdParty:1030 - CMSIS Pack Vendor :STMicroelectronics USB_HOST 1.0.0
2025-12-07 19:31:46,171 [INFO] ThirdParty:1030 - CMSIS Pack Vendor :STMicroelectronics X-CUBE-AZRTOS-G4 2.0.0
2025-12-07 19:31:46,171 [INFO] ThirdParty:1030 - CMSIS Pack Vendor :STMicroelectronics X-CUBE-WB05N 2.0.0
2025-12-07 19:31:46,171 [INFO] ThirdParty:1030 - CMSIS Pack Vendor :STMicroelectronics PDM2PCM 3.1.0
2025-12-07 19:31:46,171 [INFO] ThirdParty:1030 - CMSIS Pack Vendor :wolfSSL I-CUBE-wolfTPM 3.8.0
2025-12-07 19:31:46,171 [INFO] ThirdParty:1030 - CMSIS Pack Vendor :wolfSSL I-CUBE-wolfSSH 1.4.20
2025-12-07 19:31:46,171 [INFO] ThirdParty:1030 - CMSIS Pack Vendor :STMicroelectronics X-CUBE-NFC7 2.0.0
2025-12-07 19:31:46,171 [INFO] ThirdParty:1030 - CMSIS Pack Vendor :STMicroelectronics X-CUBE-TCPP 4.2.0
2025-12-07 19:31:46,172 [INFO] ThirdParty:1030 - CMSIS Pack Vendor :RealThread X-CUBE-RT-Thread_Nano 4.1.1
2025-12-07 19:31:46,172 [INFO] ThirdParty:1030 - CMSIS Pack Vendor :STMicroelectronics FP-ATR-SIGFOX1 3.2.0
2025-12-07 19:31:46,172 [INFO] ThirdParty:1030 - CMSIS Pack Vendor :STMicroelectronics MBEDTLS 2.16.2
2025-12-07 19:31:46,172 [INFO] ThirdParty:1030 - CMSIS Pack Vendor :STMicroelectronics X-CUBE-IPS 3.1.0
2025-12-07 19:31:46,172 [INFO] ThirdParty:1030 - CMSIS Pack Vendor :STMicroelectronics X-CUBE-ALS 1.0.2
2025-12-07 19:31:46,172 [INFO] ThirdParty:1030 - CMSIS Pack Vendor :ITTIA_DB I-CUBE-ITTIADB 8.9.0
2025-12-07 19:31:46,173 [INFO] ThirdParty:1030 - CMSIS Pack Vendor :STMicroelectronics X-CUBE-STSE01 1.0.0
2025-12-07 19:31:46,173 [INFO] ThirdParty:1030 - CMSIS Pack Vendor :portGmbH I-Cube-SoM-uGOAL 1.1.0
2025-12-07 19:31:46,173 [INFO] ThirdParty:1030 - CMSIS Pack Vendor :STMicroelectronics X-CUBE-ST67W61 1.0.0
2025-12-07 19:31:46,173 [INFO] ThirdParty:1030 - CMSIS Pack Vendor :STMicroelectronics X-CUBE-AI 10.2.0
2025-12-07 19:31:46,173 [INFO] ThirdParty:1030 - CMSIS Pack Vendor :STMicroelectronics ThreadX 1.0.0
2025-12-07 19:31:46,173 [INFO] ThirdParty:1030 - CMSIS Pack Vendor :SEGGER I-CUBE-embOS 1.3.1
2025-12-07 19:31:46,173 [INFO] ThirdParty:1030 - CMSIS Pack Vendor :STMicroelectronics X-CUBE-ALGOBUILD 1.4.0
2025-12-07 19:31:46,173 [INFO] ThirdParty:1030 - CMSIS Pack Vendor :STMicroelectronics X-CUBE-MEMS1 11.3.0
2025-12-07 19:31:46,173 [INFO] ThirdParty:1030 - CMSIS Pack Vendor :STMicroelectronics X-CUBE-TOF1 3.4.3
2025-12-07 19:31:46,174 [INFO] ThirdParty:841 - exiting critical section [change project]
2025-12-07 19:31:47,128 [INFO] PinOutPanel:1589 - setPackage(No Configuration,No Configuration)
2025-12-07 19:31:47,132 [INFO] PinOutPanel:1589 - setPackage(STM32F756ZGTx,LQFP144)
2025-12-07 19:31:48,525 [INFO] UtilMem:75 - Before build in PCC Used Memory: 1002963472 Bytes (1073741824)
2025-12-07 19:31:50,399 [INFO] UtilMem:75 - After build in PCC Used Memory: 977052632 Bytes (1073741824)
2025-12-07 19:31:50,499 [INFO] IPUIPlugin:80 - create IPUIPlugin
2025-12-07 19:31:50,499 [INFO] IPUIPlugin:80 - create IPUIPlugin
2025-12-07 19:31:50,499 [INFO] IPUIPlugin:80 - create IPUIPlugin
2025-12-07 19:31:50,499 [INFO] IPUIPlugin:80 - create IPUIPlugin
2025-12-07 19:31:50,499 [INFO] IPUIPlugin:80 - create IPUIPlugin
2025-12-07 19:31:50,500 [INFO] IPUIPlugin:80 - create IPUIPlugin
2025-12-07 19:31:50,500 [INFO] IPUIPlugin:80 - create IPUIPlugin
2025-12-07 19:31:50,501 [INFO] IPUIPlugin:80 - create IPUIPlugin
2025-12-07 19:31:50,501 [INFO] IPUIPlugin:80 - create IPUIPlugin
2025-12-07 19:31:50,501 [INFO] IPUIPlugin:80 - create IPUIPlugin
2025-12-07 19:31:50,501 [INFO] IPUIPlugin:80 - create IPUIPlugin
2025-12-07 19:31:50,502 [INFO] IPUIPlugin:80 - create IPUIPlugin
2025-12-07 19:31:50,502 [INFO] IPUIPlugin:80 - create IPUIPlugin
2025-12-07 19:31:50,502 [INFO] IPUIPlugin:80 - create IPUIPlugin
2025-12-07 19:31:50,503 [INFO] IPUIPlugin:80 - create IPUIPlugin
2025-12-07 19:31:50,503 [INFO] IPUIPlugin:80 - create IPUIPlugin
2025-12-07 19:31:50,503 [INFO] IPUIPlugin:80 - create IPUIPlugin
2025-12-07 19:31:50,503 [INFO] IPUIPlugin:80 - create IPUIPlugin
2025-12-07 19:31:50,504 [INFO] IPUIPlugin:80 - create IPUIPlugin
2025-12-07 19:31:50,504 [INFO] IPUIPlugin:80 - create IPUIPlugin
2025-12-07 19:31:50,504 [INFO] IPUIPlugin:80 - create IPUIPlugin
2025-12-07 19:31:50,505 [INFO] IPUIPlugin:80 - create IPUIPlugin
2025-12-07 19:31:50,505 [INFO] IPUIPlugin:80 - create IPUIPlugin
2025-12-07 19:31:50,505 [INFO] IPUIPlugin:80 - create IPUIPlugin
2025-12-07 19:31:50,506 [INFO] IPUIPlugin:80 - create IPUIPlugin
2025-12-07 19:31:50,506 [INFO] IPUIPlugin:80 - create IPUIPlugin
2025-12-07 19:31:50,507 [INFO] IPUIPlugin:80 - create IPUIPlugin
2025-12-07 19:31:50,507 [INFO] IPUIPlugin:80 - create IPUIPlugin
2025-12-07 19:31:50,508 [INFO] IPUIPlugin:80 - create IPUIPlugin
2025-12-07 19:31:50,508 [INFO] IPUIPlugin:80 - create IPUIPlugin
2025-12-07 19:31:50,509 [INFO] IPUIPlugin:80 - create IPUIPlugin
2025-12-07 19:31:50,510 [INFO] IPUIPlugin:80 - create IPUIPlugin
2025-12-07 19:31:50,510 [INFO] IPUIPlugin:80 - create IPUIPlugin
2025-12-07 19:31:50,510 [INFO] IPUIPlugin:80 - create IPUIPlugin
2025-12-07 19:31:50,511 [INFO] IPUIPlugin:80 - create IPUIPlugin
2025-12-07 19:31:50,512 [INFO] IPUIPlugin:80 - create IPUIPlugin
2025-12-07 19:31:50,512 [INFO] IPUIPlugin:80 - create IPUIPlugin
2025-12-07 19:31:50,513 [INFO] IPUIPlugin:80 - create IPUIPlugin
2025-12-07 19:31:50,513 [INFO] IPUIPlugin:80 - create IPUIPlugin
2025-12-07 19:31:50,514 [INFO] IPUIPlugin:80 - create IPUIPlugin
2025-12-07 19:31:50,515 [INFO] IPUIPlugin:80 - create IPUIPlugin
2025-12-07 19:31:50,515 [INFO] IPUIPlugin:80 - create IPUIPlugin
2025-12-07 19:31:50,516 [INFO] IPUIPlugin:80 - create IPUIPlugin
2025-12-07 19:31:50,517 [INFO] IPUIPlugin:80 - create IPUIPlugin
2025-12-07 19:31:50,517 [INFO] IPUIPlugin:80 - create IPUIPlugin
2025-12-07 19:31:50,518 [INFO] IPUIPlugin:80 - create IPUIPlugin
2025-12-07 19:31:50,518 [INFO] IPUIPlugin:80 - create IPUIPlugin
2025-12-07 19:31:50,519 [INFO] IPUIPlugin:80 - create IPUIPlugin
2025-12-07 19:31:50,520 [INFO] IPUIPlugin:80 - create IPUIPlugin
2025-12-07 19:31:50,521 [INFO] IPUIPlugin:80 - create IPUIPlugin
2025-12-07 19:31:50,521 [INFO] IPUIPlugin:80 - create IPUIPlugin
2025-12-07 19:31:50,522 [INFO] IPUIPlugin:80 - create IPUIPlugin
2025-12-07 19:31:50,523 [INFO] IPUIPlugin:80 - create IPUIPlugin
2025-12-07 19:31:50,524 [INFO] IPUIPlugin:80 - create IPUIPlugin
2025-12-07 19:31:50,524 [INFO] IPUIPlugin:80 - create IPUIPlugin
2025-12-07 19:31:50,525 [INFO] IPUIPlugin:80 - create IPUIPlugin
2025-12-07 19:31:50,525 [INFO] IPUIPlugin:80 - create IPUIPlugin
2025-12-07 19:31:50,526 [INFO] IPUIPlugin:80 - create IPUIPlugin
2025-12-07 19:31:50,526 [INFO] IPUIPlugin:80 - create IPUIPlugin
2025-12-07 19:31:50,527 [INFO] IPUIPlugin:80 - create IPUIPlugin
2025-12-07 19:31:50,527 [INFO] IPUIPlugin:80 - create IPUIPlugin
2025-12-07 19:31:50,528 [INFO] IPUIPlugin:80 - create IPUIPlugin
2025-12-07 19:31:50,529 [INFO] IPUIPlugin:80 - create IPUIPlugin
2025-12-07 19:31:50,529 [INFO] IPUIPlugin:80 - create IPUIPlugin
2025-12-07 19:31:50,530 [INFO] IPUIPlugin:80 - create IPUIPlugin
2025-12-07 19:31:50,531 [INFO] IPUIPlugin:80 - create IPUIPlugin
2025-12-07 19:31:50,532 [INFO] IPUIPlugin:80 - create IPUIPlugin
2025-12-07 19:31:50,533 [INFO] IPUIPlugin:80 - create IPUIPlugin
2025-12-07 19:31:50,534 [INFO] IPUIPlugin:80 - create IPUIPlugin
2025-12-07 19:31:50,535 [INFO] IPUIPlugin:80 - create IPUIPlugin
2025-12-07 19:31:50,535 [INFO] IPUIPlugin:80 - create IPUIPlugin
2025-12-07 19:31:50,536 [INFO] IPUIPlugin:80 - create IPUIPlugin
2025-12-07 19:31:50,547 [INFO] IPUIPlugin:80 - create IPUIPlugin
2025-12-07 19:31:50,548 [INFO] IPUIPlugin:80 - create IPUIPlugin
2025-12-07 19:31:50,549 [INFO] IPUIPlugin:80 - create IPUIPlugin
2025-12-07 19:31:50,551 [INFO] IPUIPlugin:80 - create IPUIPlugin
2025-12-07 19:31:50,860 [INFO] ApiDbMcu:532 - Load IP Config File for PDM2PCM
2025-12-07 19:31:51,239 [INFO] CADModel:165 - CPN selected for project levelSTM32F756ZGT6
2025-12-07 19:31:51,239 [INFO] CADModel:114 - Register for checkConnection events
2025-12-07 19:31:51,299 [INFO] OpenFileManager:386 - Restore cursor
2025-12-07 19:31:51,751 [WARN] IP:2250 - Warning not found: check if there is a RefParameter without a condition.
2025-12-07 19:31:51,752 [WARN] IP:2250 - RxBufferAddress not found: check if there is a RefParameter without a condition.
2025-12-07 19:31:51,752 [WARN] IP:2250 - DESC_SIZE_UNIT not found: check if there is a RefParameter without a condition.
2025-12-07 19:31:51,755 [WARN] IP:2250 - Warning not found: check if there is a RefParameter without a condition.
2025-12-07 19:31:51,756 [WARN] IP:2250 - RxBufferAddress not found: check if there is a RefParameter without a condition.
2025-12-07 19:31:51,756 [WARN] IP:2250 - DESC_SIZE_UNIT not found: check if there is a RefParameter without a condition.
2025-12-07 19:31:53,320 [INFO] UtilMem:75 - End SaveConfig() Used Memory: 970154368 Bytes (1073741824)
2025-12-07 19:32:17,588 [INFO] McuFinderGlobals:76 - Set McuFinderConnectedMode to true
2025-12-07 19:32:17,597 [INFO] ApiDb:448 - Save user favorites file C:\Users\Marom Keren/.stm32cubeide/favorites.mcus.txt: 0 item(s)
2025-12-07 19:32:17,597 [INFO] ApiDb:452 - User favorites MCUs=[]
2025-12-07 19:32:17,603 [INFO] ApiDb:448 - Save user favorites file C:\Users\Marom Keren/.stm32cubeide/favorites.boards.txt: 1 item(s)
2025-12-07 19:32:17,603 [INFO] ApiDb:452 - User favorites Boards=[NUCLEO-F756ZG]
2025-12-07 19:32:17,613 [INFO] ApiDb:448 - Save user favorites file C:\Users\Marom Keren/.stm32cubeide/favorites.examples.txt: 0 item(s)
2025-12-07 19:32:17,613 [INFO] ApiDb:452 - User favorites Examples=[]
2025-12-07 19:32:18,377 [ERROR] LogOutputStream:75 - [STDERR_REDIRECT] Exception in thread "AWT-EventQueue-0" java.awt.IllegalComponentStateException: Native resources unavailable
2025-12-07 19:32:18,381 [ERROR] LogOutputStream:75 - [STDERR_REDIRECT] 	at java.desktop/sun.awt.windows.WWindowPeer.getScreenImOn(Native Method)
2025-12-07 19:32:18,388 [ERROR] LogOutputStream:75 - [STDERR_REDIRECT] 	at java.desktop/sun.awt.windows.WWindowPeer.updateGC(WWindowPeer.java:566)
2025-12-07 19:32:18,391 [ERROR] LogOutputStream:75 - [STDERR_REDIRECT] 	at java.desktop/java.awt.event.InvocationEvent.dispatch(InvocationEvent.java:318)
2025-12-07 19:32:18,395 [ERROR] LogOutputStream:75 - [STDERR_REDIRECT] 	at java.desktop/java.awt.EventQueue.dispatchEventImpl(EventQueue.java:773)
2025-12-07 19:32:18,402 [ERROR] LogOutputStream:75 - [STDERR_REDIRECT] 	at java.desktop/java.awt.EventQueue$4.run(EventQueue.java:720)
2025-12-07 19:32:18,409 [ERROR] LogOutputStream:75 - [STDERR_REDIRECT] 	at java.desktop/java.awt.EventQueue$4.run(EventQueue.java:714)
2025-12-07 19:32:18,427 [ERROR] LogOutputStream:75 - [STDERR_REDIRECT] 	at java.base/java.security.AccessController.doPrivileged(AccessController.java:400)
2025-12-07 19:32:18,433 [ERROR] LogOutputStream:75 - [STDERR_REDIRECT] 	at java.base/java.security.ProtectionDomain$JavaSecurityAccessImpl.doIntersectionPrivilege(ProtectionDomain.java:87)
2025-12-07 19:32:18,438 [ERROR] LogOutputStream:75 - [STDERR_REDIRECT] 	at java.base/java.security.ProtectionDomain$JavaSecurityAccessImpl.doIntersectionPrivilege(ProtectionDomain.java:98)
2025-12-07 19:32:18,441 [ERROR] LogOutputStream:75 - [STDERR_REDIRECT] 	at java.desktop/java.awt.EventQueue$5.run(EventQueue.java:747)
2025-12-07 19:32:18,443 [ERROR] LogOutputStream:75 - [STDERR_REDIRECT] 	at java.desktop/java.awt.EventQueue$5.run(EventQueue.java:745)
2025-12-07 19:32:18,448 [ERROR] LogOutputStream:75 - [STDERR_REDIRECT] 	at java.base/java.security.AccessController.doPrivileged(AccessController.java:400)
2025-12-07 19:32:18,453 [ERROR] LogOutputStream:75 - [STDERR_REDIRECT] 	at java.base/java.security.ProtectionDomain$JavaSecurityAccessImpl.doIntersectionPrivilege(ProtectionDomain.java:87)
2025-12-07 19:32:18,457 [ERROR] LogOutputStream:75 - [STDERR_REDIRECT] 	at java.desktop/java.awt.EventQueue.dispatchEvent(EventQueue.java:744)
2025-12-07 19:32:18,461 [ERROR] LogOutputStream:75 - [STDERR_REDIRECT] 	at java.desktop/java.awt.EventDispatchThread.pumpOneEventForFilters(EventDispatchThread.java:203)
2025-12-07 19:32:18,465 [ERROR] LogOutputStream:75 - [STDERR_REDIRECT] 	at java.desktop/java.awt.EventDispatchThread.pumpEventsForFilter(EventDispatchThread.java:124)
2025-12-07 19:32:18,469 [ERROR] LogOutputStream:75 - [STDERR_REDIRECT] 	at java.desktop/java.awt.EventDispatchThread.pumpEventsForHierarchy(EventDispatchThread.java:113)
2025-12-07 19:32:18,471 [ERROR] LogOutputStream:75 - [STDERR_REDIRECT] 	at java.desktop/java.awt.EventDispatchThread.pumpEvents(EventDispatchThread.java:109)
2025-12-07 19:32:18,474 [ERROR] LogOutputStream:75 - [STDERR_REDIRECT] 	at java.desktop/java.awt.EventDispatchThread.pumpEvents(EventDispatchThread.java:101)
2025-12-07 19:32:18,477 [ERROR] LogOutputStream:75 - [STDERR_REDIRECT] 	at java.desktop/java.awt.EventDispatchThread.run(EventDispatchThread.java:90)
2025-12-07 19:32:23,110 [INFO] McuFinderGlobals:63 - Set McuFinder mode to 2 (CubeIDE integrated)
2025-12-07 19:32:23,110 [INFO] UserAuth:171 - activating auth plugin
2025-12-07 19:32:23,115 [INFO] UserAuth:487 - Internet connection configuration mode: 1
2025-12-07 19:32:51,635 [INFO] WebApp:650 - userauth.ini created with success
2025-12-07 19:32:57,758 [INFO] I2cTimingTraitement:330 - 0x00808CD2
2025-12-07 19:33:06,708 [INFO] I2cTimingTraitement:330 - 0x00808CD2
2025-12-07 19:33:08,747 [INFO] UtilMem:75 - End SaveConfig() Used Memory: 736447752 Bytes (1073741824)
2025-12-07 19:33:11,054 [INFO] UtilMem:75 - End SaveConfig() Used Memory: 786132720 Bytes (1073741824)
