2025-12-31 12:29:43,342 [INFO] Activator:176 - 


2025-12-31 12:29:43,455 [INFO] Activator:177 - !SESSION log4j initialized
2025-12-31 12:29:46,384 [INFO] ApplicationProperties:184 - Using Application install path: C:\ST\STM32CubeIDE_1.19.0\STM32CubeIDE\plugins\com.st.stm32cube.common.mx_6.15.0.202507011659
2025-12-31 12:29:46,405 [INFO] DbMcusXml:78 - Set database path to: C:\ST\STM32CubeIDE_1.19.0\STM32CubeIDE\plugins\com.st.stm32cube.common.mx_6.15.0.202507011659\\db\/mcu/
2025-12-31 12:29:46,405 [INFO] ApiDb:274 - Set plugin database path to: C:\ST\STM32CubeIDE_1.19.0\STM32CubeIDE\plugins\com.st.stm32cube.common.mx_6.15.0.202507011659\\db\/plugins/boardmanager/
2025-12-31 12:29:46,406 [WARN] ApiDb:259 - Overriding images path with different value:  => C:\ST\STM32CubeIDE_1.19.0\STM32CubeIDE\plugins\com.st.stm32cube.common.mx_6.15.0.202507011659\\db\/plugins/mcufinder/images/
2025-12-31 12:29:46,415 [INFO] ApiDb:250 - Set database path to: C:\Users\Marom Keren\.stmcufinder\plugins\mcufinder//mcu/
2025-12-31 12:29:46,416 [INFO] DbMcusAds:125 - Set database path to: C:\Users\Marom Keren\.stmcufinder\plugins\mcufinder//mcu/
2025-12-31 12:29:46,473 [INFO] CrossReferenceDbSqlite:203 - Set database path to: C:\Users\Marom Keren\.stmcufinder\plugins\mcufinder//mcu/cs/
2025-12-31 12:29:46,625 [INFO] RulesReader:64 - Compatibility file has been processed (317 Rules)
2025-12-31 12:29:46,779 [INFO] DbMcusXml:78 - Set database path to: C:\ST\STM32CubeIDE_1.19.0\STM32CubeIDE\plugins\com.st.stm32cube.common.mx_6.15.0.202507011659\\db\/mcu/
2025-12-31 12:29:46,779 [INFO] ApiDb:274 - Set plugin database path to: C:\ST\STM32CubeIDE_1.19.0\STM32CubeIDE\plugins\com.st.stm32cube.common.mx_6.15.0.202507011659\\db\/plugins/boardmanager/
2025-12-31 12:29:46,779 [INFO] ApiDb:261 - Set plugin images path to: C:\ST\STM32CubeIDE_1.19.0\STM32CubeIDE\plugins\com.st.stm32cube.common.mx_6.15.0.202507011659\\db\/plugins/mcufinder/images/
2025-12-31 12:29:46,779 [WARN] DbFile:41 - Overriding database path with different value: C:\Users\Marom Keren\.stmcufinder\plugins\mcufinder/ => C:\Users\Marom Keren\.stmcufinder\plugins\mcufinder
2025-12-31 12:29:46,779 [INFO] ApiDb:250 - Set database path to: C:\Users\Marom Keren\.stmcufinder\plugins\mcufinder//mcu/
2025-12-31 12:29:46,779 [WARN] DbFile:41 - Overriding database path with different value: C:\Users\Marom Keren\.stmcufinder\plugins\mcufinder/ => C:\Users\Marom Keren\.stmcufinder\plugins\mcufinder
2025-12-31 12:29:46,779 [INFO] DbMcusAds:125 - Set database path to: C:\Users\Marom Keren\.stmcufinder\plugins\mcufinder//mcu/
2025-12-31 12:29:46,781 [WARN] DbFile:41 - Overriding database path with different value: C:\Users\Marom Keren\.stmcufinder\plugins\mcufinder/ => C:\Users\Marom Keren\.stmcufinder\plugins\mcufinder
2025-12-31 12:29:46,781 [WARN] DbFile:41 - Overriding database path with different value: C:\Users\Marom Keren\.stmcufinder\plugins\mcufinder/ => C:\Users\Marom Keren\.stmcufinder\plugins\mcufinder
2025-12-31 12:29:46,781 [INFO] CrossReferenceDbSqlite:203 - Set database path to: C:\Users\Marom Keren\.stmcufinder\plugins\mcufinder//mcu/cs/
2025-12-31 12:29:46,893 [INFO] MainPanel:274 - HeapMemory: 268435456
2025-12-31 12:29:47,079 [INFO] DbMcusXml:78 - Set database path to: C:\ST\STM32CubeIDE_1.19.0\STM32CubeIDE\plugins\com.st.stm32cube.common.mx_6.15.0.202507011659\\db\/mcu/
2025-12-31 12:29:47,079 [INFO] ApiDb:274 - Set plugin database path to: C:\ST\STM32CubeIDE_1.19.0\STM32CubeIDE\plugins\com.st.stm32cube.common.mx_6.15.0.202507011659\\db\/plugins/boardmanager/
2025-12-31 12:29:47,079 [INFO] ApiDb:261 - Set plugin images path to: C:\ST\STM32CubeIDE_1.19.0\STM32CubeIDE\plugins\com.st.stm32cube.common.mx_6.15.0.202507011659\\db\/plugins/mcufinder/images/
2025-12-31 12:29:47,079 [WARN] DbFile:41 - Overriding database path with different value: C:\Users\Marom Keren\.stmcufinder\plugins\mcufinder/ => C:\Users\Marom Keren\.stmcufinder\plugins\mcufinder
2025-12-31 12:29:47,079 [INFO] ApiDb:250 - Set database path to: C:\Users\Marom Keren\.stmcufinder\plugins\mcufinder//mcu/
2025-12-31 12:29:47,079 [WARN] DbFile:41 - Overriding database path with different value: C:\Users\Marom Keren\.stmcufinder\plugins\mcufinder/ => C:\Users\Marom Keren\.stmcufinder\plugins\mcufinder
2025-12-31 12:29:47,079 [INFO] DbMcusAds:125 - Set database path to: C:\Users\Marom Keren\.stmcufinder\plugins\mcufinder//mcu/
2025-12-31 12:29:47,079 [WARN] DbFile:41 - Overriding database path with different value: C:\Users\Marom Keren\.stmcufinder\plugins\mcufinder/ => C:\Users\Marom Keren\.stmcufinder\plugins\mcufinder
2025-12-31 12:29:47,079 [WARN] DbFile:41 - Overriding database path with different value: C:\Users\Marom Keren\.stmcufinder\plugins\mcufinder/ => C:\Users\Marom Keren\.stmcufinder\plugins\mcufinder
2025-12-31 12:29:47,079 [INFO] CrossReferenceDbSqlite:203 - Set database path to: C:\Users\Marom Keren\.stmcufinder\plugins\mcufinder//mcu/cs/
2025-12-31 12:29:47,109 [INFO] ApplicationProperties:184 - Using Application install path: C:\ST\STM32CubeIDE_1.19.0\STM32CubeIDE\plugins\com.st.stm32cube.common.mx_6.15.0.202507011659
2025-12-31 12:29:47,109 [INFO] PluginManage:196 - Search for loadable plugins [exclusion list=, ]
2025-12-31 12:29:47,109 [INFO] PluginManage:310 - Check plugin analytics
2025-12-31 12:29:47,515 [INFO] AnalyticsPlugin:253 - Accepted Software Licenses: STM32CubeMX.6.13.0
2025-12-31 12:29:47,515 [INFO] AnalyticsPlugin:255 - Accepted CMSIS Pack Licenses: STMicroelectronics.X-CUBE-AZRTOS-F7.1.1.0,STMicroelectronics.X-CUBE-AZRTOS-F7.1.0.0
2025-12-31 12:29:47,515 [INFO] AnalyticsPlugin:257 - Accepted Firmware Licenses: FW.F7.1.17.0
2025-12-31 12:29:47,522 [INFO] PluginManage:359 - Loaded plugin analytics (category:tool,tabindex:-1)
2025-12-31 12:29:47,522 [INFO] PluginManage:310 - Check plugin cadmodel
2025-12-31 12:29:47,535 [INFO] CADModel:105 - Init CAD model plugin
2025-12-31 12:29:47,535 [INFO] PluginManage:359 - Loaded plugin cadmodel (category:power,tabindex:5)
2025-12-31 12:29:47,535 [INFO] PluginManage:310 - Check plugin clock
2025-12-31 12:29:47,556 [INFO] PluginManage:359 - Loaded plugin clock (category:base,tabindex:2)
2025-12-31 12:29:47,556 [INFO] PluginManage:310 - Check plugin ddr
2025-12-31 12:29:47,556 [INFO] PluginManage:359 - Loaded plugin ddr (category:tool,tabindex:6)
2025-12-31 12:29:47,556 [INFO] PluginManage:310 - Check plugin filemanager
2025-12-31 12:29:47,848 [INFO] PluginManage:359 - Loaded plugin filemanager (category:base,tabindex:10)
2025-12-31 12:29:47,848 [INFO] PluginManage:310 - Check plugin ipmanager
2025-12-31 12:29:47,866 [INFO] PluginManage:359 - Loaded plugin ipmanager (category:base,tabindex:5)
2025-12-31 12:29:47,868 [INFO] PluginManage:310 - Check plugin lpbam
2025-12-31 12:29:47,884 [INFO] PluginManage:359 - Loaded plugin lpbam (category:base,tabindex:0)
2025-12-31 12:29:47,884 [INFO] PluginManage:310 - Check plugin memorymap
2025-12-31 12:29:47,914 [INFO] PluginManage:359 - Loaded plugin memorymap (category:base,tabindex:4)
2025-12-31 12:29:47,914 [INFO] PluginManage:310 - Check plugin pinoutandconfiguration
2025-12-31 12:29:47,931 [INFO] PluginManage:359 - Loaded plugin pinoutandconfiguration (category:base,tabindex:1)
2025-12-31 12:29:47,935 [INFO] PluginManage:310 - Check plugin pinoutconfig
2025-12-31 12:29:48,057 [WARN] SupportedApi:132 - Cannot load RTOS API schema: s4s-elt-must-match.1: The content of 'definitions' must match (annotation?, (simpleType | complexType)?, (unique | key | keyref)*)). A problem was found starting at: attribute.
2025-12-31 12:29:48,209 [INFO] PluginManage:359 - Loaded plugin pinoutconfig (category:base,tabindex:0)
2025-12-31 12:29:48,209 [INFO] PluginManage:310 - Check plugin power
2025-12-31 12:29:48,230 [INFO] PluginManage:359 - Loaded plugin power (category:power,tabindex:4)
2025-12-31 12:29:48,230 [INFO] PluginManage:310 - Check plugin projectmanager
2025-12-31 12:29:48,251 [INFO] PluginManage:359 - Loaded plugin projectmanager (category:projectmanager,tabindex:4)
2025-12-31 12:29:48,251 [INFO] PluginManage:310 - Check plugin rif
2025-12-31 12:29:48,261 [INFO] PluginManage:359 - Loaded plugin rif (category:base,tabindex:3)
2025-12-31 12:29:48,261 [INFO] PluginManage:310 - Check plugin thirdparty
2025-12-31 12:29:48,488 [WARN] IntegrityCheckThread:84 - waiting for thirdparty lock release [integrity check]
2025-12-31 12:29:48,488 [INFO] IntegrityCheckThread:86 - entering critical section [integrity check]
2025-12-31 12:29:48,488 [INFO] ThirdPartyUpdaterWithRetryManager:70 - Updater plugin not ready yet. [1/15]
2025-12-31 12:29:48,488 [INFO] PluginManage:359 - Loaded plugin thirdparty (category:base,tabindex:-1)
2025-12-31 12:29:48,488 [INFO] PluginManage:310 - Check plugin tools
2025-12-31 12:29:48,499 [INFO] PluginManage:359 - Loaded plugin tools (category:base,tabindex:7)
2025-12-31 12:29:48,499 [INFO] PluginManage:310 - Check plugin tutovideos
2025-12-31 12:29:48,878 [INFO] PluginManage:359 - Loaded plugin tutovideos (category:base,tabindex:-1)
2025-12-31 12:29:48,878 [INFO] PluginManage:310 - Check plugin updater
2025-12-31 12:29:48,904 [INFO] PluginManage:359 - Loaded plugin updater (category:base,tabindex:12)
2025-12-31 12:29:48,909 [INFO] PluginManage:310 - Check plugin userauth
2025-12-31 12:29:48,909 [INFO] UserAuth:118 - Init User Auth plugin
2025-12-31 12:29:48,909 [INFO] PluginManage:359 - Loaded plugin userauth (category:base,tabindex:14)
2025-12-31 12:29:48,909 [INFO] PluginManage:283 - PluginManage : Loaded plugins [18]
2025-12-31 12:29:49,233 [INFO] PinOutPanel:1589 - setPackage(No Configuration,No Configuration)
2025-12-31 12:29:49,338 [INFO] CADModel:165 - CPN selected for project level
2025-12-31 12:29:49,338 [INFO] CADModel:114 - Register for checkConnection events
2025-12-31 12:29:49,356 [INFO] IPUIPlugin:80 - create IPUIPlugin
2025-12-31 12:29:49,356 [INFO] PluginManager:220 - loadIPPluginJar : add adc
2025-12-31 12:29:49,366 [INFO] IPUIPlugin:80 - create IPUIPlugin
2025-12-31 12:29:49,366 [INFO] PluginManager:220 - loadIPPluginJar : add aes
2025-12-31 12:29:49,369 [INFO] IPUIPlugin:80 - create IPUIPlugin
2025-12-31 12:29:49,369 [INFO] PluginManager:220 - loadIPPluginJar : add can
2025-12-31 12:29:49,369 [INFO] IPUIPlugin:80 - create IPUIPlugin
2025-12-31 12:29:49,369 [INFO] PluginManager:220 - loadIPPluginJar : add comp
2025-12-31 12:29:49,369 [INFO] IPUIPlugin:80 - create IPUIPlugin
2025-12-31 12:29:49,369 [INFO] PluginManager:220 - loadIPPluginJar : add cryp
2025-12-31 12:29:49,376 [INFO] IPUIPlugin:80 - create IPUIPlugin
2025-12-31 12:29:49,376 [INFO] PluginManager:220 - loadIPPluginJar : add ddr_ctrl_phy
2025-12-31 12:29:49,376 [INFO] IPUIPlugin:80 - create IPUIPlugin
2025-12-31 12:29:49,376 [INFO] PluginManager:220 - loadIPPluginJar : add dfsdm
2025-12-31 12:29:49,388 [INFO] IPUIPlugin:80 - create IPUIPlugin
2025-12-31 12:29:49,388 [INFO] PluginManager:220 - loadIPPluginJar : add dma
2025-12-31 12:29:49,397 [INFO] IPUIPlugin:80 - create IPUIPlugin
2025-12-31 12:29:49,397 [INFO] PluginManager:220 - loadIPPluginJar : add dma3
2025-12-31 12:29:49,401 [INFO] IPUIPlugin:80 - create IPUIPlugin
2025-12-31 12:29:49,401 [INFO] PluginManager:220 - loadIPPluginJar : add extmemmanager
2025-12-31 12:29:49,403 [INFO] IPUIPlugin:80 - create IPUIPlugin
2025-12-31 12:29:49,403 [INFO] PluginManager:220 - loadIPPluginJar : add fatfs
2025-12-31 12:29:49,407 [INFO] IPUIPlugin:80 - create IPUIPlugin
2025-12-31 12:29:49,407 [INFO] PluginManager:220 - loadIPPluginJar : add fmc
2025-12-31 12:29:49,419 [INFO] IPUIPlugin:80 - create IPUIPlugin
2025-12-31 12:29:49,419 [INFO] PluginManager:220 - loadIPPluginJar : add freertos
2025-12-31 12:29:49,419 [INFO] IPUIPlugin:80 - create IPUIPlugin
2025-12-31 12:29:49,419 [INFO] PluginManager:220 - loadIPPluginJar : add genericplugin
2025-12-31 12:29:49,419 [INFO] IPUIPlugin:80 - create IPUIPlugin
2025-12-31 12:29:49,419 [INFO] PluginManager:220 - loadIPPluginJar : add gfxmmu
2025-12-31 12:29:49,428 [INFO] IPUIPlugin:80 - create IPUIPlugin
2025-12-31 12:29:49,428 [INFO] PluginManager:220 - loadIPPluginJar : add gic
2025-12-31 12:29:49,428 [INFO] IPUIPlugin:80 - create IPUIPlugin
2025-12-31 12:29:49,428 [INFO] PluginManager:220 - loadIPPluginJar : add gpio
2025-12-31 12:29:49,437 [INFO] IPUIPlugin:80 - create IPUIPlugin
2025-12-31 12:29:49,437 [INFO] PluginManager:220 - loadIPPluginJar : add gtzc
2025-12-31 12:29:49,439 [INFO] IPUIPlugin:80 - create IPUIPlugin
2025-12-31 12:29:49,441 [INFO] PluginManager:220 - loadIPPluginJar : add hash
2025-12-31 12:29:49,443 [INFO] IPUIPlugin:80 - create IPUIPlugin
2025-12-31 12:29:49,443 [INFO] PluginManager:220 - loadIPPluginJar : add i2c
2025-12-31 12:29:49,447 [INFO] IPUIPlugin:80 - create IPUIPlugin
2025-12-31 12:29:49,447 [INFO] PluginManager:220 - loadIPPluginJar : add i2s
2025-12-31 12:29:49,451 [INFO] IPUIPlugin:80 - create IPUIPlugin
2025-12-31 12:29:49,451 [INFO] PluginManager:220 - loadIPPluginJar : add i3c
2025-12-31 12:29:49,455 [INFO] IPUIPlugin:80 - create IPUIPlugin
2025-12-31 12:29:49,455 [INFO] PluginManager:220 - loadIPPluginJar : add ipddr
2025-12-31 12:29:49,457 [INFO] IPUIPlugin:80 - create IPUIPlugin
2025-12-31 12:29:49,457 [INFO] PluginManager:220 - loadIPPluginJar : add linkedlist
2025-12-31 12:29:49,457 [INFO] IPUIPlugin:80 - create IPUIPlugin
2025-12-31 12:29:49,457 [INFO] PluginManager:220 - loadIPPluginJar : add lorawan
2025-12-31 12:29:49,468 [INFO] IPUIPlugin:80 - create IPUIPlugin
2025-12-31 12:29:49,468 [INFO] PluginManager:220 - loadIPPluginJar : add ltdc
2025-12-31 12:29:49,473 [INFO] IPUIPlugin:80 - create IPUIPlugin
2025-12-31 12:29:49,473 [INFO] PluginManager:220 - loadIPPluginJar : add mdma
2025-12-31 12:29:49,477 [INFO] IPUIPlugin:80 - create IPUIPlugin
2025-12-31 12:29:49,477 [INFO] PluginManager:220 - loadIPPluginJar : add nvic
2025-12-31 12:29:49,481 [INFO] IPUIPlugin:80 - create IPUIPlugin
2025-12-31 12:29:49,481 [INFO] PluginManager:220 - loadIPPluginJar : add opamp
2025-12-31 12:29:49,487 [INFO] IPUIPlugin:80 - create IPUIPlugin
2025-12-31 12:29:49,487 [INFO] PluginManager:220 - loadIPPluginJar : add openamp
2025-12-31 12:29:49,487 [INFO] IPUIPlugin:80 - create IPUIPlugin
2025-12-31 12:29:49,487 [INFO] PluginManager:220 - loadIPPluginJar : add pdm2pcm
2025-12-31 12:29:49,497 [INFO] IPUIPlugin:80 - create IPUIPlugin
2025-12-31 12:29:49,497 [INFO] PluginManager:220 - loadIPPluginJar : add plateformsettings
2025-12-31 12:29:49,497 [INFO] IPUIPlugin:80 - create IPUIPlugin
2025-12-31 12:29:49,497 [INFO] PluginManager:220 - loadIPPluginJar : add quadspi
2025-12-31 12:29:49,508 [INFO] IPUIPlugin:80 - create IPUIPlugin
2025-12-31 12:29:49,508 [INFO] PluginManager:220 - loadIPPluginJar : add radio
2025-12-31 12:29:49,508 [INFO] IPUIPlugin:80 - create IPUIPlugin
2025-12-31 12:29:49,517 [INFO] PluginManager:220 - loadIPPluginJar : add resmgrutility
2025-12-31 12:29:49,522 [INFO] IPUIPlugin:80 - create IPUIPlugin
2025-12-31 12:29:49,522 [INFO] PluginManager:220 - loadIPPluginJar : add sai
2025-12-31 12:29:49,528 [INFO] IPUIPlugin:80 - create IPUIPlugin
2025-12-31 12:29:49,528 [INFO] PluginManager:220 - loadIPPluginJar : add spi
2025-12-31 12:29:49,528 [INFO] IPUIPlugin:80 - create IPUIPlugin
2025-12-31 12:29:49,528 [INFO] PluginManager:220 - loadIPPluginJar : add stm32_wpan
2025-12-31 12:29:49,528 [INFO] IPUIPlugin:80 - create IPUIPlugin
2025-12-31 12:29:49,528 [INFO] PluginManager:220 - loadIPPluginJar : add tim
2025-12-31 12:29:49,539 [INFO] IPUIPlugin:80 - create IPUIPlugin
2025-12-31 12:29:49,539 [INFO] PluginManager:220 - loadIPPluginJar : add touchsensing
2025-12-31 12:29:49,539 [INFO] IPUIPlugin:80 - create IPUIPlugin
2025-12-31 12:29:49,539 [INFO] PluginManager:220 - loadIPPluginJar : add tracer_emb
2025-12-31 12:29:49,549 [INFO] IPUIPlugin:80 - create IPUIPlugin
2025-12-31 12:29:49,549 [INFO] PluginManager:220 - loadIPPluginJar : add ts
2025-12-31 12:29:49,549 [INFO] IPUIPlugin:80 - create IPUIPlugin
2025-12-31 12:29:49,549 [INFO] PluginManager:220 - loadIPPluginJar : add tsc
2025-12-31 12:29:49,549 [INFO] IPUIPlugin:80 - create IPUIPlugin
2025-12-31 12:29:49,549 [INFO] PluginManager:220 - loadIPPluginJar : add ucpd
2025-12-31 12:29:49,559 [INFO] IPUIPlugin:80 - create IPUIPlugin
2025-12-31 12:29:49,559 [INFO] PluginManager:220 - loadIPPluginJar : add usart
2025-12-31 12:29:49,564 [INFO] IPUIPlugin:80 - create IPUIPlugin
2025-12-31 12:29:49,564 [INFO] PluginManager:220 - loadIPPluginJar : add usbx
2025-12-31 12:29:49,716 [FATAL] Updater:351 - Updater called before beeing initialized
2025-12-31 12:29:49,765 [INFO] RulesReader:64 - Compatibility file has been processed (317 Rules)
2025-12-31 12:29:49,786 [INFO] RulesReader:64 - Compatibility file has been processed (317 Rules)
2025-12-31 12:29:49,803 [INFO] CADModel:165 - CPN selected for project level
2025-12-31 12:29:49,803 [INFO] CADModel:114 - Register for checkConnection events
2025-12-31 12:29:49,803 [FATAL] Updater:351 - Updater called before beeing initialized
2025-12-31 12:29:49,803 [ERROR] CADModel:125 - Updater not yet initialized, retry later 
2025-12-31 12:29:50,016 [FATAL] Updater:351 - Updater called before beeing initialized
2025-12-31 12:29:50,029 [INFO] CADModel:165 - CPN selected for project level
2025-12-31 12:29:50,029 [INFO] CADModel:114 - Register for checkConnection events
2025-12-31 12:29:50,029 [FATAL] Updater:351 - Updater called before beeing initialized
2025-12-31 12:29:50,029 [ERROR] CADModel:125 - Updater not yet initialized, retry later 
2025-12-31 12:29:50,029 [FATAL] Updater:351 - Updater called before beeing initialized
2025-12-31 12:29:50,212 [FATAL] Updater:351 - Updater called before beeing initialized
2025-12-31 12:29:50,212 [INFO] DbMcusAds:53 - JSON generation date=Fri Dec 05 04:13:14 EST 2025 (1764925994673)
2025-12-31 12:29:50,212 [FATAL] Updater:351 - Updater called before beeing initialized
2025-12-31 12:29:50,275 [WARN] DetailPanel:346 - Failed to get advertising image, set to default
2025-12-31 12:29:50,427 [FATAL] Updater:351 - Updater called before beeing initialized
2025-12-31 12:29:50,429 [FATAL] Updater:351 - Updater called before beeing initialized
2025-12-31 12:29:50,429 [FATAL] Updater:351 - Updater called before beeing initialized
2025-12-31 12:29:50,429 [WARN] DetailPanel:346 - Failed to get advertising image, set to default
2025-12-31 12:29:50,429 [FATAL] Updater:351 - Updater called before beeing initialized
2025-12-31 12:29:50,503 [ERROR] Updater:1198 - MainUpdater not yet initialized. External WinMGr cannot be set.
2025-12-31 12:29:50,503 [INFO] Updater:1134 - Updater Version found : 6.15.0
2025-12-31 12:29:50,534 [INFO] ApplicationProperties:184 - Using Application install path: C:\ST\STM32CubeIDE_1.19.0\STM32CubeIDE\plugins\com.st.stm32cube.common.mx_6.15.0.202507011659
2025-12-31 12:29:51,101 [INFO] MainUpdater:2872 - connection check result : 10
2025-12-31 12:29:51,101 [INFO] MainUpdater:3604 - Updater definition file requires update
2025-12-31 12:29:51,101 [INFO] MainUpdater:289 - Updater Check For Update Now.
2025-12-31 12:29:51,101 [INFO] MicroXplorer:498 - Change Database Version : DB.6.0.150
2025-12-31 12:29:51,140 [INFO] ServerAccessManage:452 - Complete download http(s) 200
2025-12-31 12:29:51,142 [INFO] ServerAccessManage:509 - Download File updaters.zip
2025-12-31 12:29:51,389 [INFO] FileExtend:248 - Unzip File : updaters.zip
2025-12-31 12:29:51,389 [INFO] FileExtend:263 - Standard Zip Deflate
2025-12-31 12:29:51,491 [WARN] MainUpdater:1193 - Updater busy. Cannot search thirdparties
2025-12-31 12:29:51,491 [INFO] ThirdPartyUpdaterWithRetryManager:96 - Updater plugin is busy. [1/15]
2025-12-31 12:29:52,092 [INFO] ServerAccessManage:452 - Complete download http(s) 200
2025-12-31 12:29:52,092 [INFO] ServerAccessManage:509 - Download File PacksControlFlags.xml
2025-12-31 12:29:52,287 [INFO] ServerAccessManage:452 - Complete download http(s) 200
2025-12-31 12:29:52,287 [INFO] ServerAccessManage:509 - Download File cubemx.pidx
2025-12-31 12:29:52,485 [INFO] LoadServerUpdatesThread:375 - End of LoadServerUpdate Thread
2025-12-31 12:29:52,743 [INFO] CheckServerUpdateThread:120 - End of CheckServer Thread
2025-12-31 12:29:52,805 [INFO] MainUpdater:2872 - connection check result : 10
2025-12-31 12:29:52,805 [INFO] MainUpdater:2872 - connection check result : 10
2025-12-31 12:29:52,934 [INFO] MicroXplorer:468 - Change Database Path : 
2025-12-31 12:29:52,934 [INFO] MicroXplorer:498 - Change Database Version : DB.6.0.150
2025-12-31 12:29:52,978 [WARN] ThirdParty:871 - waiting for thirdparty lock release [close project]
2025-12-31 12:29:56,590 [WARN] PackLoader:240 - Cannot read IP mode file for STMicroelectronics.FP-SNS-MOTENVWB1.1.4.0
2025-12-31 12:29:56,622 [WARN] PackLoader:240 - Cannot read IP mode file for STMicroelectronics.FP-ATR-ASTRA1.2.0.2
2025-12-31 12:29:56,648 [WARN] PackLoader:240 - Cannot read IP mode file for STMicroelectronics.X-CUBE-SMBUS.2.1.0
2025-12-31 12:29:56,660 [WARN] PackLoader:240 - Cannot read IP mode file for STMicroelectronics.X-CUBE-ST60.1.0.0
2025-12-31 12:29:56,744 [WARN] PackLoader:240 - Cannot read IP mode file for STMicroelectronics.X-CUBE-AZRTOS-F7.1.1.0
2025-12-31 12:29:57,267 [WARN] PackLoader:240 - Cannot read IP mode file for STMicroelectronics.FP-SNS-MOTENV1.5.1.0
2025-12-31 12:29:57,406 [WARN] PackLoader:240 - Cannot read IP mode file for WES.I-CUBE-Cesium.1.4.0
2025-12-31 12:29:57,734 [WARN] PackLoader:240 - Cannot read IP mode file for Infineon.AIROC-Wi-Fi-Bluetooth-STM32.1.7.1
2025-12-31 12:29:57,898 [WARN] PackLoader:240 - Cannot read IP mode file for STMicroelectronics.X-CUBE-AZRTOS-H7.3.4.0
2025-12-31 12:29:57,928 [WARN] PackLoader:240 - Cannot read IP mode file for STMicroelectronics.X-CUBE-DISPLAY.3.0.0
2025-12-31 12:29:57,958 [WARN] PackLoader:240 - Cannot read IP mode file for STMicroelectronics.X-CUBE-NFC10.1.0.0
2025-12-31 12:29:57,964 [WARN] PackLoader:240 - Cannot read IP mode file for STMicroelectronics.X-CUBE-ST60.1.1.0
2025-12-31 12:29:57,985 [WARN] PackLoader:240 - Cannot read IP mode file for emotas.I-CUBE-CANOPEN.1.3.0
2025-12-31 12:29:57,999 [WARN] PackLoader:240 - Cannot read IP mode file for STMicroelectronics.X-CUBE-GNSS1.7.1.0
2025-12-31 12:29:58,011 [WARN] ConditionMgr:438 - getConditionDescription Invalid condition id : Cortex-A Device cause : null
2025-12-31 12:29:58,031 [WARN] ConditionMgr:1044 - genDependencies : Invalid condition id : Cortex-A Device cause : null
2025-12-31 12:29:58,031 [WARN] ConditionMgr:1044 - genDependencies : Invalid condition id : Cortex-A Device cause : null
2025-12-31 12:29:58,031 [WARN] ConditionMgr:1044 - genDependencies : Invalid condition id : Cortex-A Device cause : null
2025-12-31 12:29:58,048 [WARN] PackLoader:240 - Cannot read IP mode file for STMicroelectronics.FP-SNS-STBOX1.2.1.0
2025-12-31 12:29:58,058 [WARN] PackLoader:240 - Cannot read IP mode file for STMicroelectronics.FP-SNS-SMARTAG2.1.2.0
2025-12-31 12:29:58,075 [WARN] PackLoader:240 - Cannot read IP mode file for STMicroelectronics.FP-SNS-FLIGHT1.5.1.0
2025-12-31 12:29:58,097 [INFO] LogOutputStream:77 - [STDOUT_REDIRECT] 1 : Invalid condition id : UX_CORESTACK_Condition cause : null
2025-12-31 12:29:58,097 [INFO] LogOutputStream:77 - [STDOUT_REDIRECT] 1 : Invalid condition id : UX_CORESTACK_Condition cause : null
2025-12-31 12:29:58,100 [INFO] LogOutputStream:77 - [STDOUT_REDIRECT] 1 : Invalid condition id : UX_CORESTACK_Condition cause : null
2025-12-31 12:29:58,102 [INFO] LogOutputStream:77 - [STDOUT_REDIRECT] 1 : Invalid condition id : UX_CORESTACK_Condition cause : null
2025-12-31 12:29:58,107 [INFO] LogOutputStream:77 - [STDOUT_REDIRECT] 1 : Invalid condition id : UX_CORESTACK_Condition cause : null
2025-12-31 12:29:58,115 [WARN] PackLoader:240 - Cannot read IP mode file for STMicroelectronics.X-CUBE-AZRTOS-WL.2.0.0
2025-12-31 12:29:58,127 [WARN] PackLoader:240 - Cannot read IP mode file for STMicroelectronics.FP-SNS-MOTENV1.5.0.0
2025-12-31 12:29:58,168 [WARN] PackLoader:240 - Cannot read IP mode file for STMicroelectronics.X-CUBE-AZRTOS-H7RS.1.2.0
2025-12-31 12:29:58,184 [WARN] PackLoader:240 - Cannot read IP mode file for WES.I-CUBE-Cesium.1.3.0
2025-12-31 12:29:58,199 [WARN] PackLoader:240 - Cannot read IP mode file for STMicroelectronics.X-CUBE-BLE2.3.3.0
2025-12-31 12:29:58,416 [WARN] PackLoader:240 - Cannot read IP mode file for Infineon.AIROC-Wi-Fi-Bluetooth-STM32.1.8.0
2025-12-31 12:29:58,444 [WARN] PackLoader:240 - Cannot read IP mode file for STMicroelectronics.X-CUBE-NFC9.1.0.0
2025-12-31 12:29:58,462 [WARN] PackLoader:240 - Cannot read IP mode file for wolfSSL.I-CUBE-wolfSSL.5.8.0
2025-12-31 12:29:58,473 [WARN] PackLoader:240 - Cannot read IP mode file for STMicroelectronics.X-CUBE-BLE1.7.1.0
2025-12-31 12:29:58,482 [WARN] PackLoader:240 - Cannot read IP mode file for wolfSSL.I-CUBE-wolfMQTT.1.19.2
2025-12-31 12:29:58,498 [WARN] PackLoader:240 - Cannot read IP mode file for STMicroelectronics.X-CUBE-FREERTOS.1.4.0
2025-12-31 12:29:58,512 [WARN] PackLoader:240 - Cannot read IP mode file for STMicroelectronics.X-CUBE-EEPRMA1.5.2.0
2025-12-31 12:29:58,522 [WARN] PackLoader:240 - Cannot read IP mode file for wolfSSL.I-CUBE-wolfSSL.5.8.4
2025-12-31 12:29:58,534 [WARN] PackLoader:240 - Cannot read IP mode file for Cesanta.I-CUBE-Mongoose.7.20.0
2025-12-31 12:29:58,546 [WARN] PackLoader:240 - Cannot read IP mode file for STMicroelectronics.X-CUBE-ST67W61.1.1.0
2025-12-31 12:29:58,562 [WARN] PackLoader:240 - Cannot read IP mode file for STMicroelectronics.X-CUBE-AI.10.1.0
2025-12-31 12:29:58,662 [WARN] PackLoader:240 - Cannot read IP mode file for STMicroelectronics.X-CUBE-MEMS1.12.0.0
2025-12-31 12:29:58,920 [WARN] PackLoader:240 - Cannot read IP mode file for STMicroelectronics.X-CUBE-AZRTOS-G0.1.1.0
2025-12-31 12:29:58,936 [WARN] PackLoader:240 - Cannot read IP mode file for STMicroelectronics.X-CUBE-SAFEA1.1.2.2
2025-12-31 12:29:58,949 [WARN] PackLoader:240 - Cannot read IP mode file for STMicroelectronics.X-CUBE-NFC4.3.0.0
2025-12-31 12:29:58,972 [WARN] PackLoader:240 - Cannot read IP mode file for EmbeddedOffice.I-CUBE-FS-RTOS.1.0.1
2025-12-31 12:29:59,043 [WARN] PackLoader:240 - Cannot read IP mode file for STMicroelectronics.X-CUBE-WB05N.2.0.0
2025-12-31 12:29:59,097 [WARN] PackLoader:240 - Cannot read IP mode file for wolfSSL.I-CUBE-wolfTPM.3.8.0
2025-12-31 12:29:59,122 [WARN] PackLoader:240 - Cannot read IP mode file for STMicroelectronics.X-CUBE-TCPP.4.2.0
2025-12-31 12:29:59,154 [WARN] PackLoader:240 - Cannot read IP mode file for RealThread.X-CUBE-RT-Thread_Nano.4.1.1
2025-12-31 12:29:59,162 [WARN] PackLoader:240 - Cannot read IP mode file for STMicroelectronics.FP-ATR-SIGFOX1.3.2.0
2025-12-31 12:29:59,182 [WARN] PackLoader:240 - Cannot read IP mode file for ITTIA_DB.I-CUBE-ITTIADB.8.9.0
2025-12-31 12:29:59,192 [WARN] PackLoader:240 - Cannot read IP mode file for STMicroelectronics.X-CUBE-ST67W61.1.0.0
2025-12-31 12:29:59,200 [WARN] PackLoader:240 - Cannot read IP mode file for STMicroelectronics.X-CUBE-AI.10.2.0
2025-12-31 12:29:59,251 [WARN] PackLoader:240 - Cannot read IP mode file for SEGGER.I-CUBE-embOS.1.3.1
2025-12-31 12:29:59,337 [WARN] PackLoader:240 - Cannot read IP mode file for STMicroelectronics.X-CUBE-ALGOBUILD.1.4.0
2025-12-31 12:29:59,421 [WARN] PackLoader:240 - Cannot read IP mode file for STMicroelectronics.X-CUBE-MEMS1.11.3.0
2025-12-31 12:29:59,613 [WARN] PackLoader:240 - Cannot read IP mode file for STMicroelectronics.X-CUBE-PM33A1.1.0.0
2025-12-31 12:29:59,647 [WARN] PackLoader:240 - Cannot read IP mode file for STMicroelectronics.X-CUBE-AZRTOS-F4.1.1.0
2025-12-31 12:29:59,664 [WARN] PackLoader:240 - Cannot read IP mode file for Avnet-IotConnect.X-CUBE-IoTC-DA16k-PMOD.1.0.0
2025-12-31 12:29:59,668 [WARN] PackLoader:240 - Cannot read IP mode file for STMicroelectronics.X-CUBE-ISPU.2.1.0
2025-12-31 12:29:59,689 [WARN] PackLoader:240 - Cannot read IP mode file for STMicroelectronics.X-CUBE-IPS.3.2.0
2025-12-31 12:29:59,709 [WARN] PackLoader:240 - Cannot read IP mode file for STMicroelectronics.X-CUBE-NFC12.1.0.0
2025-12-31 12:29:59,730 [WARN] PackLoader:240 - Cannot read IP mode file for STMicroelectronics.X-CUBE-AZRTOS-L5.2.0.0
2025-12-31 12:29:59,746 [WARN] PackLoader:240 - Cannot read IP mode file for STMicroelectronics.X-CUBE-NFC6.3.1.0
2025-12-31 12:29:59,758 [WARN] PackLoader:240 - Cannot read IP mode file for STMicroelectronics.X-CUBE-FREERTOS.1.3.1
2025-12-31 12:29:59,768 [WARN] PackLoader:240 - Cannot read IP mode file for STMicroelectronics.X-CUBE-TOUCHGFX.4.26.0
2025-12-31 12:29:59,778 [WARN] PackLoader:240 - Cannot read IP mode file for STMicroelectronics.FP-SNS-STAIOTCFT.1.0.0
2025-12-31 12:29:59,786 [WARN] PackLoader:240 - Cannot read IP mode file for STMicroelectronics.X-CUBE-DPower.1.3.0
2025-12-31 12:29:59,815 [WARN] ConditionMgr:438 - getConditionDescription Invalid condition id : LAN8742 Phy interface Condition cause : null
2025-12-31 12:29:59,815 [WARN] PackLoader:240 - Cannot read IP mode file for STMicroelectronics.X-CUBE-AZRTOS-L4.2.0.0
2025-12-31 12:29:59,817 [WARN] ConditionMgr:1044 - genDependencies : Invalid condition id : LAN8742 Phy interface Condition cause : null
2025-12-31 12:29:59,817 [WARN] ConditionMgr:1044 - genDependencies : Invalid condition id : LAN8742 Phy interface Condition cause : null
2025-12-31 12:29:59,817 [WARN] ConditionMgr:1044 - genDependencies : Invalid condition id : LAN8742 Phy interface Condition cause : null
2025-12-31 12:29:59,829 [WARN] PackLoader:240 - Cannot read IP mode file for STMicroelectronics.X-CUBE-SFXS2LP1.4.0.0
2025-12-31 12:29:59,841 [WARN] PackLoader:240 - Cannot read IP mode file for STMicroelectronics.X-CUBE-BLEMGR.4.1.0
2025-12-31 12:29:59,872 [WARN] ConditionMgr:438 - getConditionDescription Invalid condition id : UX DEVICE CLASS RTOS Condition cause : null
2025-12-31 12:29:59,872 [WARN] ConditionMgr:438 - getConditionDescription Invalid condition id : UX DEVICE CLASS RTOS Condition cause : null
2025-12-31 12:29:59,872 [WARN] PackLoader:240 - Cannot read IP mode file for STMicroelectronics.X-CUBE-AZRTOS-WB.2.0.0
2025-12-31 12:29:59,872 [WARN] ConditionMgr:1044 - genDependencies : Invalid condition id : UX DEVICE CLASS RTOS Condition cause : null
2025-12-31 12:29:59,877 [WARN] ConditionMgr:1044 - genDependencies : Invalid condition id : UX DEVICE CLASS RTOS Condition cause : null
2025-12-31 12:29:59,877 [WARN] ConditionMgr:1044 - genDependencies : Invalid condition id : UX DEVICE CLASS RTOS Condition cause : null
2025-12-31 12:29:59,877 [WARN] ConditionMgr:1044 - genDependencies : Invalid condition id : UX DEVICE CLASS RTOS Condition cause : null
2025-12-31 12:29:59,877 [WARN] ConditionMgr:1044 - genDependencies : Invalid condition id : UX DEVICE CLASS RTOS Condition cause : null
2025-12-31 12:29:59,882 [WARN] PackLoader:240 - Cannot read IP mode file for STMicroelectronics.X-CUBE-GNSS1.7.0.1
2025-12-31 12:29:59,892 [WARN] PackLoader:240 - Cannot read IP mode file for STMicroelectronics.X-CUBE-TOUCHGFX.4.25.0
2025-12-31 12:29:59,903 [WARN] PackLoader:240 - Cannot read IP mode file for STMicroelectronics.FP-SNS-STBOX1.2.0.0
2025-12-31 12:29:59,903 [WARN] ConditionMgr:438 - getConditionDescription Invalid condition id : Cortex-A Device cause : null
2025-12-31 12:29:59,913 [WARN] ConditionMgr:1044 - genDependencies : Invalid condition id : Cortex-A Device cause : null
2025-12-31 12:29:59,913 [WARN] ConditionMgr:1044 - genDependencies : Invalid condition id : Cortex-A Device cause : null
2025-12-31 12:29:59,913 [WARN] ConditionMgr:1044 - genDependencies : Invalid condition id : Cortex-A Device cause : null
2025-12-31 12:29:59,937 [WARN] PackLoader:240 - Cannot read IP mode file for STMicroelectronics.X-CUBE-SUBG2.5.0.0
2025-12-31 12:29:59,973 [WARN] PackLoader:240 - Cannot read IP mode file for STMicroelectronics.X-CUBE-AZRTOS-H7RS.1.1.0
2025-12-31 12:29:59,984 [WARN] PackLoader:240 - Cannot read IP mode file for Cesanta.I-CUBE-Mongoose.7.13.0
2025-12-31 12:30:00,008 [WARN] PackLoader:240 - Cannot read IP mode file for STMicroelectronics.X-CUBE-AZRTOS-G4.2.0.0
2025-12-31 12:30:00,022 [WARN] PackLoader:240 - Cannot read IP mode file for wolfSSL.I-CUBE-wolfSSH.1.4.20
2025-12-31 12:30:00,034 [WARN] PackLoader:240 - Cannot read IP mode file for STMicroelectronics.X-CUBE-NFC7.2.0.0
2025-12-31 12:30:00,056 [WARN] PackLoader:240 - Cannot read IP mode file for STMicroelectronics.X-CUBE-IPS.3.1.0
2025-12-31 12:30:00,074 [WARN] PackLoader:240 - Cannot read IP mode file for STMicroelectronics.X-CUBE-ALS.1.0.2
2025-12-31 12:30:00,087 [WARN] PackLoader:240 - Cannot read IP mode file for STMicroelectronics.X-CUBE-STSE01.1.0.0
2025-12-31 12:30:00,095 [WARN] PackLoader:240 - Cannot read IP mode file for portGmbH.I-Cube-SoM-uGOAL.1.1.0
2025-12-31 12:30:00,116 [WARN] PackLoader:240 - Cannot read IP mode file for STMicroelectronics.X-CUBE-TOF1.3.4.3
2025-12-31 12:30:00,116 [INFO] ThirdParty:978 - Integrity check success = true
2025-12-31 12:30:00,116 [INFO] IntegrityCheckThread:100 - exiting critical section [integrity check]
2025-12-31 12:30:00,116 [INFO] IntegrityCheckThread:103 - End integrity checks thread
2025-12-31 12:30:00,116 [INFO] ThirdParty:873 - entering critical section [close project]
2025-12-31 12:30:00,126 [INFO] ThirdParty:883 - exiting critical section [close project]
2025-12-31 12:30:00,131 [INFO] PinOutPanel:1589 - setPackage(No Configuration,No Configuration)
2025-12-31 12:30:00,131 [INFO] UtilMem:75 - Begin LoadConfig() Used Memory: 241391552 Bytes (688914432)
2025-12-31 12:30:00,134 [INFO] MicroXplorer:468 - Change Database Path : 
2025-12-31 12:30:00,134 [INFO] MicroXplorer:498 - Change Database Version : DB.6.0.150
2025-12-31 12:30:00,136 [INFO] OpenFileManager:355 - Change cursor
2025-12-31 12:30:00,177 [INFO] Mcu:2029 - Initializing MCU STM32F756ZGTx STM32F756ZGTx STM32F756ZGT6
2025-12-31 12:30:04,882 [INFO] Context:786 - Trying to add GPIOservice into a context  which must be forbidden
2025-12-31 12:30:06,122 [INFO] ImportTextPane:234 - (OptionalMessage_ERROR) Pin32 (VP_RIF_VS_RIF1) cannot be retrieved for this MCU
2025-12-31 12:30:06,358 [INFO] RtosManager:558 - Registered RTOS mode: class=CMSIS, group=RTOS, mode=CMSIS_V1, owner=FREERTOS
2025-12-31 12:30:06,358 [INFO] RtosManager:558 - Registered RTOS mode: class=CMSIS, group=RTOS2, mode=CMSIS_V2, owner=FREERTOS
2025-12-31 12:30:06,358 [INFO] RtosManager:558 - Registered RTOS mode: class=RTOS, group=Core, mode=CMSIS_V1, owner=FREERTOS
2025-12-31 12:30:06,358 [INFO] RtosManager:558 - Registered RTOS mode: class=RTOS, group=Core, mode=CMSIS_V2, owner=FREERTOS
2025-12-31 12:30:06,366 [WARN] ModelIntegratedComponent:184 - Missing modes for component STMicroelectronics:FreeRTOS:0.0.1:STMicroelectronics:RTOS:FreeRTOS:Core:::10.2.0:
2025-12-31 12:30:06,384 [WARN] ModelIntegratedComponent:63 - No mode defined for component null
2025-12-31 12:30:06,384 [WARN] ModelIntegratedComponent:63 - No mode defined for component null
2025-12-31 12:30:06,384 [WARN] ModelIntegratedComponent:63 - No mode defined for component null
2025-12-31 12:30:06,384 [WARN] ModelIntegratedComponent:63 - No mode defined for component null
2025-12-31 12:30:06,384 [WARN] ModelIntegratedComponent:63 - No mode defined for component null
2025-12-31 12:30:06,386 [WARN] ModelIntegratedComponent:63 - No mode defined for component null
2025-12-31 12:30:06,386 [WARN] ModelIntegratedComponent:63 - No mode defined for component null
2025-12-31 12:30:06,386 [WARN] ModelIntegratedComponent:63 - No mode defined for component null
2025-12-31 12:30:06,386 [WARN] ModelIntegratedComponent:63 - No mode defined for component null
2025-12-31 12:30:06,386 [WARN] ModelIntegratedComponent:63 - No mode defined for component null
2025-12-31 12:30:06,386 [WARN] ModelIntegratedComponent:63 - No mode defined for component null
2025-12-31 12:30:06,386 [WARN] ModelIntegratedComponent:63 - No mode defined for component null
2025-12-31 12:30:06,386 [WARN] ModelIntegratedComponent:63 - No mode defined for component null
2025-12-31 12:30:06,386 [WARN] ModelIntegratedComponent:63 - No mode defined for component null
2025-12-31 12:30:06,386 [WARN] ModelIntegratedComponent:63 - No mode defined for component null
2025-12-31 12:30:06,386 [WARN] ModelIntegratedComponent:63 - No mode defined for component null
2025-12-31 12:30:06,386 [WARN] ModelIntegratedComponent:63 - No mode defined for component null
2025-12-31 12:30:06,386 [WARN] ModelIntegratedComponent:63 - No mode defined for component null
2025-12-31 12:30:06,386 [WARN] ModelIntegratedComponent:63 - No mode defined for component null
2025-12-31 12:30:06,386 [WARN] ModelIntegratedComponent:63 - No mode defined for component null
2025-12-31 12:30:06,386 [WARN] ModelIntegratedComponent:63 - No mode defined for component null
2025-12-31 12:30:06,386 [WARN] ModelIntegratedComponent:63 - No mode defined for component null
2025-12-31 12:30:06,386 [WARN] ModelIntegratedComponent:63 - No mode defined for component null
2025-12-31 12:30:06,388 [WARN] ModelIntegratedComponent:63 - No mode defined for component null
2025-12-31 12:30:06,388 [WARN] ModelIntegratedComponent:63 - No mode defined for component null
2025-12-31 12:30:06,388 [WARN] ModelIntegratedComponent:63 - No mode defined for component null
2025-12-31 12:30:06,388 [WARN] ModelIntegratedComponent:63 - No mode defined for component null
2025-12-31 12:30:06,388 [WARN] ModelIntegratedComponent:63 - No mode defined for component null
2025-12-31 12:30:06,388 [WARN] ModelIntegratedComponent:63 - No mode defined for component null
2025-12-31 12:30:06,388 [WARN] ModelIntegratedComponent:63 - No mode defined for component null
2025-12-31 12:30:06,388 [WARN] ModelIntegratedComponent:63 - No mode defined for component null
2025-12-31 12:30:06,388 [WARN] ModelIntegratedComponent:63 - No mode defined for component null
2025-12-31 12:30:06,388 [WARN] ModelIntegratedComponent:63 - No mode defined for component null
2025-12-31 12:30:06,388 [WARN] ModelIntegratedComponent:63 - No mode defined for component null
2025-12-31 12:30:06,388 [WARN] ModelIntegratedComponent:63 - No mode defined for component null
2025-12-31 12:30:06,390 [WARN] ModelPack:524 - Component already loaded: STMicroelectronics:HAL Drivers:0.0.0:STMicroelectronics:Device:STMicro_Driver:XSPI:HAL::0.0.1:HAL_XSPI
2025-12-31 12:30:06,864 [INFO] ThirdPartyModel:298 - Start build external matchings
2025-12-31 12:30:08,045 [INFO] ThirdPartyModel:316 - End build external matchings
2025-12-31 12:30:08,069 [WARN] IP:2250 - Warning not found: check if there is a RefParameter without a condition.
2025-12-31 12:30:08,069 [WARN] IP:2250 - RxBufferAddress not found: check if there is a RefParameter without a condition.
2025-12-31 12:30:08,069 [WARN] IP:2250 - DESC_SIZE_UNIT not found: check if there is a RefParameter without a condition.
2025-12-31 12:30:08,069 [INFO] ImportTextPane:234 - (OptionalMessage_ERROR) IP (ETH) : Invalid parameter (PHY_Name)
2025-12-31 12:30:08,069 [INFO] ImportTextPane:234 - (OptionalMessage_ERROR) IP (ETH) : Invalid parameter (PHY_Value)
2025-12-31 12:30:08,069 [INFO] ImportTextPane:234 - (OptionalMessage_ERROR) IP (ETH) : Invalid parameter (PhyAddress)
2025-12-31 12:30:08,079 [INFO] ImportTextPane:234 - (OptionalMessage_ERROR) IP (RCC) : Invalid parameter (48MHZClocksFreq_Value)
2025-12-31 12:30:08,079 [INFO] ImportTextPane:234 - (OptionalMessage_ERROR) IP (RCC) : Invalid parameter (ADC12outputFreq_Value)
2025-12-31 12:30:08,079 [INFO] ImportTextPane:234 - (OptionalMessage_ERROR) IP (RCC) : Invalid parameter (ADC34outputFreq_Value)
2025-12-31 12:30:08,079 [INFO] ImportTextPane:234 - (OptionalMessage_ERROR) IP (RCC) : Invalid parameter (FamilyName)
2025-12-31 12:30:08,079 [INFO] ImportTextPane:234 - (OptionalMessage_ERROR) IP (RCC) : Invalid parameter (I2SClocksFreq_Value)
2025-12-31 12:30:08,079 [INFO] ImportTextPane:234 - (OptionalMessage_ERROR) IP (RCC) : Parameter (LCDTFToutputFreq_Value) has invalid value (96000000)
2025-12-31 12:30:08,079 [INFO] ImportTextPane:234 - (OptionalMessage_ERROR) IP (RCC) : Invalid parameter (MCOFreq_Value)
2025-12-31 12:30:08,079 [INFO] ImportTextPane:234 - (OptionalMessage_ERROR) IP (RCC) : Invalid parameter (PLLMCOFreq_Value)
2025-12-31 12:30:08,079 [INFO] ImportTextPane:234 - (OptionalMessage_ERROR) IP (RCC) : Invalid parameter (PLLMUL)
2025-12-31 12:30:08,079 [INFO] ImportTextPane:234 - (OptionalMessage_ERROR) IP (RCC) : Invalid parameter (PRESCALERUSB)
2025-12-31 12:30:08,079 [INFO] ImportTextPane:234 - (OptionalMessage_ERROR) IP (RCC) : Invalid parameter (RTCHSEDivFreq_Value)
2025-12-31 12:30:08,079 [INFO] ImportTextPane:234 - (OptionalMessage_ERROR) IP (RCC) : Parameter (SDMMCFreq_Value) has invalid value (72000000)
2025-12-31 12:30:08,079 [INFO] ImportTextPane:234 - (OptionalMessage_ERROR) IP (RCC) : Invalid parameter (SYSCLKSourceVirtual)
2025-12-31 12:30:08,079 [INFO] ImportTextPane:234 - (OptionalMessage_ERROR) IP (RCC) : Invalid parameter (TIM15Freq_Value)
2025-12-31 12:30:08,079 [INFO] ImportTextPane:234 - (OptionalMessage_ERROR) IP (RCC) : Invalid parameter (TIM16Freq_Value)
2025-12-31 12:30:08,079 [INFO] ImportTextPane:234 - (OptionalMessage_ERROR) IP (RCC) : Invalid parameter (TIM17Freq_Value)
2025-12-31 12:30:08,079 [INFO] ImportTextPane:234 - (OptionalMessage_ERROR) IP (RCC) : Invalid parameter (TIM1Freq_Value)
2025-12-31 12:30:08,079 [INFO] ImportTextPane:234 - (OptionalMessage_ERROR) IP (RCC) : Invalid parameter (TIM20Freq_Value)
2025-12-31 12:30:08,079 [INFO] ImportTextPane:234 - (OptionalMessage_ERROR) IP (RCC) : Invalid parameter (TIM2Freq_Value)
2025-12-31 12:30:08,079 [INFO] ImportTextPane:234 - (OptionalMessage_ERROR) IP (RCC) : Invalid parameter (TIM3Freq_Value)
2025-12-31 12:30:08,079 [INFO] ImportTextPane:234 - (OptionalMessage_ERROR) IP (RCC) : Invalid parameter (TIM8Freq_Value)
2025-12-31 12:30:08,079 [INFO] ImportTextPane:234 - (OptionalMessage_ERROR) IP (RCC) : Invalid parameter (VCOOutput2Freq_Value)
2025-12-31 12:30:08,079 [INFO] ImportTextPane:234 - (OptionalMessage_ERROR) IP (RCC) : Invalid parameter (VcooutputI2S)
2025-12-31 12:30:09,209 [INFO] ApiDb:581 - Connected to CubeFinder SQLite database (C:\Users\Marom Keren\.stmcufinder\plugins\mcufinder\mcu\cube-finder-db.db)
2025-12-31 12:30:09,410 [INFO] ApiDb:668 - CubeFinder database Data Model version=2.1
2025-12-31 12:30:09,412 [INFO] ApiDb:669 - CubeFinder database Configuration version=3.0.39
2025-12-31 12:30:09,412 [INFO] ApiDb:670 - CubeFinder database generation date=2025-11-05 (1762334721)
2025-12-31 12:30:09,412 [INFO] ApiDb:671 - CubeFinder database FW Pack versions=[FP-ATR-ASTRA1_V2.0.0, FP-SNS-FLIGHT1_V5.1.0, FP-SNS-MOTENV1_V5.1.0, FP-SNS-MOTENVWB1_V1.4.0, FP-SNS-SMARTAG2_V1.2.0, FP-SNS-STBOX1_V2.1.0, STM32Cube_FW_C0_V1.4.0, STM32Cube_FW_F4_V1.28.3, STM32Cube_FW_F7_V1.17.4, STM32Cube_FW_G0_V1.6.2, STM32Cube_FW_G4_V1.6.1, STM32Cube_FW_H5_V1.5.1, STM32Cube_FW_H7RS_V1.3.0, STM32Cube_FW_H7_V1.12.1, STM32Cube_FW_L0_V1.12.2, STM32Cube_FW_L4_V1.18.1, STM32Cube_FW_L5_V1.6.0, STM32Cube_FW_N6_V1.3.0, STM32Cube_FW_U0_V1.3.0, STM32Cube_FW_U3_V1.2.1, STM32Cube_FW_U5_V1.8.0, STM32Cube_FW_WB0_V1.4.0, STM32Cube_FW_WBA_V1.8.0, STM32Cube_FW_WB_V1.24.0, STM32Cube_FW_WL3_V1.3.0, STM32Cube_FW_WL_V1.4.0, X-CUBE-ALGOBUILD_V1.4.0, X-CUBE-ALS_V1.0.2, X-CUBE-AZRTOS-F4_V1.1.0, X-CUBE-AZRTOS-F7_V1.1.0, X-CUBE-AZRTOS-G0_V1.1.0, X-CUBE-AZRTOS-G4_V2.0.0, X-CUBE-AZRTOS-H7RS_V1.1.0, X-CUBE-AZRTOS-H7_V3.4.0, X-CUBE-AZRTOS-L4_V2.0.0, X-CUBE-AZRTOS-L5_V2.0.0, X-CUBE-AZRTOS-WB_V2.0.0, X-CUBE-AZRTOS-WL_V2.0.0, X-CUBE-BLE1_V7.1.0, X-CUBE-BLE2_V3.3.0, X-CUBE-BLEMGR_V4.1.0, X-CUBE-EEPRMA1_V5.2.0, X-CUBE-FREERTOS_V1.3.1, X-CUBE-GNSS1_V6.0.0, X-CUBE-MEMS1_V11.3.0, X-CUBE-NFC4_V3.0.0, X-CUBE-NFC7_V2.0.0, X-CUBE-SFXS2LP1_V4.0.0, X-CUBE-ST67W61_V1.1.0, X-CUBE-SUBG2_V5.0.0, X-CUBE-TOF1_V3.4.3]
2025-12-31 12:30:09,648 [INFO] DbBoardsSqlite:226 - include board P-NUCLEO-WB55-NUCLEO as a kit item of type 'Nucleo-64'
2025-12-31 12:30:09,648 [INFO] DbBoardsSqlite:226 - include board P-NUCLEO-WB55-USBDONGLE as a kit item of type 'Nucleo USB Dongle'
2025-12-31 12:30:09,648 [INFO] DbBoardsSqlite:226 - include board STEVAL-IDP005V1 as a kit item of type 'Evaluation Board'
2025-12-31 12:30:09,648 [INFO] DbBoardsSqlite:226 - include board STEVAL-IDP005V2 as a kit item of type 'Evaluation Board'
2025-12-31 12:30:10,449 [INFO] ApiDb:240 - Found 880 in-development CPN: [B-G473E-ZEST1S, B-WB1M-WPAN1, B-WBA5M-WPAN, B-WL5M-SUBG1, NUCLEO-C031C6, NUCLEO-C051C8, NUCLEO-C071RB, NUCLEO-C092RC, NUCLEO-H503RB, NUCLEO-H533RE, NUCLEO-H563ZI, NUCLEO-H7S3L8, NUCLEO-N657X0-Q, NUCLEO-U031R8, NUCLEO-U083RC, NUCLEO-U385RG-Q, NUCLEO-U545RE-Q, NUCLEO-U5A5ZJ-Q, NUCLEO-WB05KZ, NUCLEO-WB07CC, NUCLEO-WB09KE, NUCLEO-WBA52CG, NUCLEO-WBA55CG, NUCLEO-WL33CC1, NUCLEO-WL33CC2, STEVAL-PROTEUS1, STEVAL-SMARTAG2, STEVAL-STWINBX1, STM320518-EVAL, STM32C0116-DK, STM32C011D6Y3TR, STM32C011D6Y6TR, STM32C011F4P3, STM32C011F4P6, STM32C011F4U3, STM32C011F4U6TR, STM32C011F6P3, STM32C011F6P6, STM32C011F6U3, STM32C011F6U6TR, STM32C011J4M3, STM32C011J4M6, STM32C011J6M3, STM32C011J6M6, STM32C0316-DK, STM32C031C4T3, STM32C031C4T6, STM32C031C4U3, STM32C031C4U6, STM32C031C6T3, STM32C031C6T6, STM32C031C6U3, STM32C031C6U6, STM32C031F4P3, STM32C031F4P6, STM32C031F6P3, STM32C031F6P6, STM32C031G4U3, STM32C031G4U6, STM32C031G6U3, STM32C031G6U6, STM32C031K4T3, STM32C031K4T6, STM32C031K4U3, STM32C031K4U6, STM32C031K6T3, STM32C031K6T6, STM32C031K6U3, STM32C031K6U6, STM32C051C6T6, STM32C051C6U6, STM32C051C8T6, STM32C051C8U6, STM32C051D8Y6TR, STM32C051F6P6, STM32C051F8P6, STM32C051G6U6, STM32C051G8U6, STM32C051K6T6, STM32C051K6U6, STM32C051K8T6, STM32C071C8T6, STM32C071C8T6N, STM32C071C8U6, STM32C071C8U6N, STM32C071CBT6, STM32C071CBT6N, STM32C071CBU6, STM32C071CBU6N, STM32C071F8P6, STM32C071F8P6N, STM32C071FBP6, STM32C071FBP6N, STM32C071FBY6TR, STM32C071G8U6, STM32C071G8U6N, STM32C071GBU6, STM32C071GBU6N, STM32C071K8T6, STM32C071K8T6N, STM32C071K8U6, STM32C071K8U6N, STM32C071KBT6, STM32C071KBT6N, STM32C071KBU6, STM32C071KBU6N, STM32C071R8T6, STM32C071R8T6N, STM32C071RBI6N, STM32C071RBT6, STM32C071RBT6N, STM32C091CBT6, STM32C091CBU6, STM32C091CCT6, STM32C091CCU6, STM32C091ECY6TR, STM32C091FBP6, STM32C091FCP6, STM32C091GBU6, STM32C091GCU6, STM32C091KBT6, STM32C091KBU6, STM32C091KCT6, STM32C091KCU6, STM32C091RBT6, STM32C091RCI6, STM32C091RCT6, STM32C092CBT6, STM32C092CBU6, STM32C092CCT6, STM32C092CCU6, STM32C092ECY6TR, STM32C092FBP6, STM32C092FCP6, STM32C092GBU6, STM32C092GCU6, STM32C092KBT6, STM32C092KBU6, STM32C092KCT6, STM32C092KCU6, STM32C092RBT6, STM32C092RCI6, STM32C092RCT6, STM32G071K8TXN, STM32G071K8UXN, STM32G081GBU6N, STM32G081KBT6N, STM32G081KBUXN, STM32G0B1CCT6N, STM32G0B1KCT6, STM32G0B1NEY6TR, STM32G0B1RCT6N, STM32G0C1CCT6, STM32G0C1CCT6N, STM32G0C1CCU6N, STM32G0C1CET6N, STM32G0C1CEU6N, STM32G0C1KCT6, STM32G0C1NEY6TR, STM32G0C1RCI6N, STM32G0C1RCT6N, STM32G0C1REI6N, STM32G0C1RET6N, STM32G0C1VCI6, STM32G0C1VEI6, STM32G411C6T3, STM32G411C6T6, STM32G411C6U3, STM32G411C6U6, STM32G411C8T3, STM32G411C8T6, STM32G411C8U3, STM32G411C8U6, STM32G411CBT3, STM32G411CBT6, STM32G411CBU3, STM32G411CBU6, STM32G411K6T3, STM32G411K6T6, STM32G411K6U3, STM32G411K6U6, STM32G411K8T3, STM32G411K8T6, STM32G411K8U3, STM32G411K8U6, STM32G411KBT3, STM32G411KBT6, STM32G411KBU3, STM32G411KBU6, STM32G411M6T3, STM32G411M6T6, STM32G411M8T3, STM32G411M8T6, STM32G411MBT3, STM32G411MBT6, STM32G411R6T3, STM32G411R6T6, STM32G411R8T3, STM32G411R8T6, STM32G411RBT3, STM32G411RBT6, STM32G414CBT3, STM32G414CBT6, STM32G414CBU3, STM32G414CBU6, STM32G414CCT3, STM32G414CCT6, STM32G414CCU3, STM32G414CCU6, STM32G414MBT3, STM32G414MBT6, STM32G414MCT3, STM32G414MCT6, STM32G414RBT3, STM32G414RBT6, STM32G414RCT3, STM32G414RCT6, STM32G414VBT3, STM32G414VBT6, STM32G414VCT3, STM32G414VCT6, STM32G431CBT3Z, STM32G431RBT3Z, STM32G471CCT6, STM32G471CCU6, STM32G471CET3, STM32G471CET6, STM32G471CEU3, STM32G471CEU6, STM32G471MCT6, STM32G471MET3, STM32G471MET6, STM32G471MEY6TR, STM32G471QCT6, STM32G471QET3, STM32G471RCT6, STM32G471RET3, STM32G471RET6, STM32G471VCH6, STM32G471VCI6, STM32G471VCT6, STM32G471VEH3, STM32G471VEH6, STM32G471VEI3, STM32G471VEI6, STM32G471VET3, STM32G471VET6, STM32G473QET3Z, STM32G473RET3Z, STM32G474CCT6, STM32G491RET3Z, STM32H503CBT6, STM32H503CBU6, STM32H503EBY6TR, STM32H503KBU6, STM32H503RBT6, STM32H523CCT6, STM32H523CCU6, STM32H523CET6, STM32H523CEU6, STM32H523HEY6TR, STM32H523RCT6, STM32H523RET6, STM32H523VCI6, STM32H523VCT6, STM32H523VEI6, STM32H523VET6, STM32H523ZCJ6, STM32H523ZCT6, STM32H523ZEJ6, STM32H523ZET6, STM32H533CET6, STM32H533CEU6, STM32H533HEY6TR, STM32H533RET6, STM32H533VEI6, STM32H533VET6, STM32H533ZEJ6, STM32H533ZET6, STM32H562AGI6, STM32H562AII6, STM32H562IGK6, STM32H562IGT6, STM32H562IIK6, STM32H562IIT6, STM32H562RGT6, STM32H562RGV6, STM32H562RIT6, STM32H562RIV6, STM32H562VGT6, STM32H562VIT6, STM32H562ZGT6, STM32H562ZIT6, STM32H563AGI6, STM32H563AII3Q, STM32H563AII6, STM32H563IGK6, STM32H563IGT6, STM32H563IIK3Q, STM32H563IIK6, STM32H563IIT3Q, STM32H563IIT6, STM32H563MIY3QTR, STM32H563RGT6, STM32H563RGV6, STM32H563RIT6, STM32H563RIV6, STM32H563VGT6, STM32H563VIT3Q, STM32H563VIT6, STM32H563ZGT6, STM32H563ZIT3Q, STM32H563ZIT6, STM32H573AII3Q, STM32H573AII6, STM32H573I-DK, STM32H573IIK3Q, STM32H573IIK6, STM32H573IIT3Q, STM32H573IIT6, STM32H573MIY3QTR, STM32H573RIT6, STM32H573RIV6, STM32H573VIT3Q, STM32H573VIT6, STM32H573ZIT3Q, STM32H573ZIT6, STM32H7R3A8I6, STM32H7R3I8K6, STM32H7R3I8T6, STM32H7R3L8H6, STM32H7R3L8H6H, STM32H7R3R8V6, STM32H7R3V8H6, STM32H7R3V8T6, STM32H7R3V8Y6TR, STM32H7R3Z8J6, STM32H7R3Z8T6, STM32H7R7A8I6, STM32H7R7I8K6, STM32H7R7I8T6, STM32H7R7L8H6, STM32H7R7L8H6H, STM32H7R7Z8J6, STM32H7S3A8I6, STM32H7S3I8K6, STM32H7S3I8T6, STM32H7S3L8H6, STM32H7S3L8H6H, STM32H7S3R8V6, STM32H7S3V8H6, STM32H7S3V8T6, STM32H7S3V8Y6TR, STM32H7S3Z8J6, STM32H7S3Z8T6, STM32H7S78-DK, STM32H7S7A8I6, STM32H7S7I8K6, STM32H7S7I8T6, STM32H7S7L8H6, STM32H7S7L8H6H, STM32H7S7Z8J6, STM32L4R5QGI6STR, STM32MP131AAE3, STM32MP131AAF3, STM32MP131AAG3, STM32MP131CAE3, STM32MP131CAF3, STM32MP131CAG3, STM32MP131DAE7, STM32MP131DAF7, STM32MP131DAG7, STM32MP131FAE7, STM32MP131FAF7, STM32MP131FAG7, STM32MP133AAE3, STM32MP133AAF3, STM32MP133AAG3, STM32MP133CAE3, STM32MP133CAF3, STM32MP133CAG3, STM32MP133DAE7, STM32MP133DAF7, STM32MP133DAG7, STM32MP133FAE7, STM32MP133FAF7, STM32MP133FAG7, STM32MP135AAE3, STM32MP135AAF3, STM32MP135AAG3, STM32MP135CAE3, STM32MP135CAF3, STM32MP135CAG3, STM32MP135DAE7, STM32MP135DAF7, STM32MP135DAG7, STM32MP135F-DK, STM32MP135FAE7, STM32MP135FAF7, STM32MP135FAF7T, STM32MP135FAF7U, STM32MP135FAG7, STM32MP211AAL3, STM32MP211AAM3, STM32MP211AAN3, STM32MP211AAO3, STM32MP211CAL3, STM32MP211CAM3, STM32MP211CAN3, STM32MP211CAO3, STM32MP211DAL3, STM32MP211DAM3, STM32MP211DAN3, STM32MP211DAO3, STM32MP211FAL3, STM32MP211FAM3, STM32MP211FAN3, STM32MP211FAO3, STM32MP213AAL3, STM32MP213AAM3, STM32MP213AAN3, STM32MP213AAO3, STM32MP213CAL3, STM32MP213CAM3, STM32MP213CAN3, STM32MP213CAO3, STM32MP213DAL3, STM32MP213DAM3, STM32MP213DAN3, STM32MP213DAO3, STM32MP213FAL3, STM32MP213FAM3, STM32MP213FAN3, STM32MP213FAO3, STM32MP215AAL3, STM32MP215AAM3, STM32MP215AAN3, STM32MP215AAO3, STM32MP215CAL3, STM32MP215CAM3, STM32MP215CAN3, STM32MP215CAO3, STM32MP215DAL3, STM32MP215DAM3, STM32MP215DAN3, STM32MP215DAO3, STM32MP215F-DK, STM32MP215FAL3, STM32MP215FAM3, STM32MP215FAN3, STM32MP215FAO3, STM32MP231AAJ3, STM32MP231AAK3, STM32MP231AAL3, STM32MP231CAJ3, STM32MP231CAK3, STM32MP231CAL3, STM32MP231DAJ3, STM32MP231DAK3, STM32MP231DAL3, STM32MP231FAJ3, STM32MP231FAK3, STM32MP231FAL3, STM32MP233AAJ3, STM32MP233AAK3, STM32MP233AAL3, STM32MP233CAJ3, STM32MP233CAK3, STM32MP233CAL3, STM32MP233DAJ3, STM32MP233DAK3, STM32MP233DAL3, STM32MP233FAJ3, STM32MP233FAK3, STM32MP233FAL3, STM32MP235AAJ3, STM32MP235AAK3, STM32MP235AAL3, STM32MP235CAJ3, STM32MP235CAK3, STM32MP235CAL3, STM32MP235DAJ3, STM32MP235DAK3, STM32MP235DAL3, STM32MP235FAJ3, STM32MP235FAK3, STM32MP235FAL3, STM32MP251AAI3, STM32MP251AAK3, STM32MP251AAL3, STM32MP251CAI3, STM32MP251CAK3, STM32MP251CAL3, STM32MP251DAI3, STM32MP251DAK3, STM32MP251DAL3, STM32MP251FAI3, STM32MP251FAK3, STM32MP251FAL3, STM32MP253AAI3, STM32MP253AAK3, STM32MP253AAL3, STM32MP253CAI3, STM32MP253CAK3, STM32MP253CAL3, STM32MP253DAI3, STM32MP253DAK3, STM32MP253DAL3, STM32MP253FAI3, STM32MP253FAK3, STM32MP253FAL3, STM32MP255AAI3, STM32MP255AAK3, STM32MP255AAL3, STM32MP255CAI3, STM32MP255CAK3, STM32MP255CAL3, STM32MP255DAI3, STM32MP255DAK3, STM32MP255DAL3, STM32MP255FAI3, STM32MP255FAK3, STM32MP255FAL3, STM32MP257AAI3, STM32MP257AAK3, STM32MP257AAL3, STM32MP257CAI3, STM32MP257CAK3, STM32MP257CAL3, STM32MP257DAI3, STM32MP257DAK3, STM32MP257DAL3, STM32MP257F-DK, STM32MP257F-EV1, STM32MP257FAI3, STM32MP257FAK3, STM32MP257FAL3, STM32N645A0H3Q, STM32N645B0H3Q, STM32N645I0H3Q, STM32N645L0H3Q, STM32N645X0H3Q, STM32N645Z0H3Q, STM32N647A0H3Q, STM32N647B0H3Q, STM32N647I0H3Q, STM32N647L0H3Q, STM32N647X0H3Q, STM32N647Z0H3Q, STM32N655A0H3Q, STM32N655B0H3Q, STM32N655I0H3Q, STM32N655L0H3Q, STM32N655X0H3Q, STM32N655Z0H3Q, STM32N6570-DK, STM32N657A0H3Q, STM32N657B0H3Q, STM32N657I0H3Q, STM32N657L0H3Q, STM32N657X0H3Q, STM32N657Z0H3Q, STM32U031C6T6, STM32U031C6U6, STM32U031C8T6, STM32U031C8U6, STM32U031F4P6, STM32U031F6P6, STM32U031F8P6, STM32U031G6Y6TR, STM32U031G8Y6TR, STM32U031K4U6, STM32U031K6U6, STM32U031K8U6, STM32U031R6I6, STM32U031R6T6, STM32U031R8I6, STM32U031R8T6, STM32U073C8T6, STM32U073C8U6, STM32U073CBT6, STM32U073CBU6, STM32U073CCT6, STM32U073CCU6, STM32U073H8Y6TR, STM32U073HBY6TR, STM32U073HCY6TR, STM32U073K8U6, STM32U073KBU6, STM32U073KCU6, STM32U073M8I6, STM32U073M8T6, STM32U073MBI6, STM32U073MBT6, STM32U073MCI6, STM32U073MCT6, STM32U073R8I6, STM32U073R8T6, STM32U073RBI6, STM32U073RBT6, STM32U073RCI6, STM32U073RCT6, STM32U083C-DK, STM32U083CCT6, STM32U083CCU6, STM32U083HCY6TR, STM32U083KCU6, STM32U083MCI6, STM32U083MCT6, STM32U083RCI6, STM32U083RCT6, STM32U375CET6, STM32U375CET6Q, STM32U375CEU6, STM32U375CEU6Q, STM32U375CEY6QTR, STM32U375CGT6, STM32U375CGT6Q, STM32U375CGU6, STM32U375CGU6Q, STM32U375CGY6QTR, STM32U375KEU6, STM32U375KGU6, STM32U375REI6, STM32U375REI6Q, STM32U375RET6, STM32U375RET6Q, STM32U375REY6GTR, STM32U375REY6QTR, STM32U375RGI6, STM32U375RGI6Q, STM32U375RGT6, STM32U375RGT6Q, STM32U375RGY6GTR, STM32U375RGY6QTR, STM32U375VEI6, STM32U375VEI6Q, STM32U375VET6, STM32U375VET6Q, STM32U375VGI6, STM32U375VGI6Q, STM32U375VGT6, STM32U375VGT6Q, STM32U385CGT6, STM32U385CGT6Q, STM32U385CGU6, STM32U385CGU6Q, STM32U385CGY6QTR, STM32U385KGU6, STM32U385RGI6, STM32U385RGI6Q, STM32U385RGT6, STM32U385RGT6Q, STM32U385RGY6GTR, STM32U385RGY6QTR, STM32U385VGI6, STM32U385VGI6Q, STM32U385VGT6, STM32U385VGT6Q, STM32U535CBT6, STM32U535CBT6Q, STM32U535CBU6, STM32U535CBU6Q, STM32U535CCT6, STM32U535CCT6Q, STM32U535CCU6, STM32U535CCU6Q, STM32U535CET6, STM32U535CET6Q, STM32U535CEU6, STM32U535CEU6Q, STM32U535JEY6QTR, STM32U535NCY6QTR, STM32U535NEY6QTR, STM32U535RBI6, STM32U535RBI6Q, STM32U535RBT6, STM32U535RBT6Q, STM32U535RCI6, STM32U535RCI6Q, STM32U535RCT6, STM32U535RCT6Q, STM32U535REI6, STM32U535REI6Q, STM32U535RET6, STM32U535RET6Q, STM32U535VCI6, STM32U535VCI6Q, STM32U535VCT6, STM32U535VCT6Q, STM32U535VEI6, STM32U535VEI6Q, STM32U535VET6, STM32U535VET6Q, STM32U545CET6, STM32U545CET6Q, STM32U545CEU6, STM32U545CEU6Q, STM32U545JEY6QTR, STM32U545NEY6QTR, STM32U545REI6, STM32U545REI6Q, STM32U545RET6, STM32U545RET6Q, STM32U545VEI6, STM32U545VEI6Q, STM32U545VET6, STM32U545VET6Q, STM32U595AIH6, STM32U595AIH6Q, STM32U595AJH6, STM32U595AJH6Q, STM32U595QII6, STM32U595QII6Q, STM32U595QJI6, STM32U595QJI6Q, STM32U595RIT6, STM32U595RIT6Q, STM32U595RJT6, STM32U595RJT6Q, STM32U595VIT6, STM32U595VIT6Q, STM32U595VJT6, STM32U595VJT6Q, STM32U595ZIT6, STM32U595ZIT6Q, STM32U595ZIY6QTR, STM32U595ZJT6, STM32U595ZJT6Q, STM32U595ZJY6QTR, STM32U599BJY6QTR, STM32U599NIH6Q, STM32U599NJH6Q, STM32U599VIT6Q, STM32U599VJT6, STM32U599VJT6Q, STM32U599ZIT6Q, STM32U599ZIY6QTR, STM32U599ZJT6Q, STM32U599ZJY6QTR, STM32U5A5AJH6, STM32U5A5AJH6Q, STM32U5A5QII3Q , STM32U5A5QJI6, STM32U5A5QJI6Q, STM32U5A5RJT6, STM32U5A5RJT6Q, STM32U5A5VJT6, STM32U5A5VJT6Q, STM32U5A5ZJT6, STM32U5A5ZJT6Q, STM32U5A5ZJY6QTR, STM32U5A9BJY6QTR, STM32U5A9J-DK, STM32U5A9NJH6Q, STM32U5A9VJT6Q, STM32U5A9ZJT6Q, STM32U5A9ZJY6QTR, STM32U5F7VIT6, STM32U5F7VIT6Q, STM32U5F7VJT6, STM32U5F7VJT6Q, STM32U5F9BJY6QTR, STM32U5F9NJH6Q, STM32U5F9VIT6Q, STM32U5F9VJT6Q, STM32U5F9ZIJ6QTR, STM32U5F9ZIT6Q, STM32U5F9ZJJ6QTR, STM32U5F9ZJT6Q, STM32U5G7VJT6, STM32U5G7VJT6Q, STM32U5G9BJY6QTR, STM32U5G9J-DK1, STM32U5G9J-DK2, STM32U5G9NJH6Q, STM32U5G9VJT6Q, STM32U5G9ZJJ6QTR, STM32U5G9ZJT6Q, STM32WB05KZV6TR, STM32WB05KZV7TR, STM32WB05TZF6TR, STM32WB05TZF7TR, STM32WB06CCF6TR, STM32WB06CCF7TR, STM32WB06CCV6TR, STM32WB06CCV7TR, STM32WB06KCV6TR, STM32WB06KCV7TR, STM32WB07CCF6TR, STM32WB07CCF7TR, STM32WB07CCV6TR, STM32WB07CCV7TR, STM32WB07KCV6TR, STM32WB07KCV7TR, STM32WB09KEV6TR, STM32WB09KEV7TR, STM32WB09TEF6TR, STM32WB09TEF7TR, STM32WB1MMCH6, STM32WBA50KGU6, STM32WBA50KGU6TR, STM32WBA52CEU6, STM32WBA52CEU6TR, STM32WBA52CEU7, STM32WBA52CEU7TR, STM32WBA52CGU6, STM32WBA52CGU6TR, STM32WBA52CGU6U, STM32WBA52CGU7, STM32WBA52CGU7TR, STM32WBA52KEU6, STM32WBA52KEU6TR, STM32WBA52KGU6, STM32WBA52KGU6TR, STM32WBA54CEU6, STM32WBA54CEU6TR, STM32WBA54CEU7, STM32WBA54CEU7TR, STM32WBA54CGU6, STM32WBA54CGU6TR, STM32WBA54CGU7, STM32WBA54CGU7TR, STM32WBA54KEU6, STM32WBA54KEU6TR, STM32WBA54KEU7, STM32WBA54KEU7TR, STM32WBA54KGU6, STM32WBA54KGU6TR, STM32WBA54KGU7, STM32WBA54KGU7TR, STM32WBA55CEU6, STM32WBA55CEU6TR, STM32WBA55CEU7, STM32WBA55CEU7TR, STM32WBA55CGU6, STM32WBA55CGU6TR, STM32WBA55CGU6U, STM32WBA55CGU7, STM32WBA55CGU7TR, STM32WBA55G-DK1, STM32WBA55HEF6, STM32WBA55HEF7, STM32WBA55HGF6, STM32WBA55HGF7, STM32WBA55UEI6, STM32WBA55UEI6TR, STM32WBA55UEI7, STM32WBA55UEI7TR, STM32WBA55UGI6, STM32WBA55UGI6TR, STM32WBA55UGI7, STM32WBA55UGI7TR, STM32WBA5MMGH6TR, STM32WBA62MGF6, STM32WBA62MIF6, STM32WBA65MGF7, STM32WBA65MIF6, STM32WBA65MIF7, STM32WL30K8V6, STM32WL30KBV6, STM32WL31C8V6, STM32WL31CBV6, STM32WL31K8V6, STM32WL31KBV6, STM32WL33C8V6, STM32WL33C8V6X, STM32WL33CBV6, STM32WL33CBV6X, STM32WL33CCV6, STM32WL33CCV6A, STM32WL33CCV6X, STM32WL33K8V7, STM32WL33K8V7X, STM32WL33KBV7 , STM32WL33KBV7X, STM32WL33KCV7, STM32WL33KCV7X, STM32WL5MOCH6, STM32WL5MOCH6TR]
2025-12-31 12:30:10,458 [INFO] ApiDb:668 - CubeFinder database Data Model version=2.1
2025-12-31 12:30:10,458 [INFO] ApiDb:669 - CubeFinder database Configuration version=3.0.39
2025-12-31 12:30:10,458 [INFO] ApiDb:670 - CubeFinder database generation date=2025-11-05 (1762334721)
2025-12-31 12:30:10,458 [INFO] ApiDb:671 - CubeFinder database FW Pack versions=[FP-ATR-ASTRA1_V2.0.0, FP-SNS-FLIGHT1_V5.1.0, FP-SNS-MOTENV1_V5.1.0, FP-SNS-MOTENVWB1_V1.4.0, FP-SNS-SMARTAG2_V1.2.0, FP-SNS-STBOX1_V2.1.0, STM32Cube_FW_C0_V1.4.0, STM32Cube_FW_F4_V1.28.3, STM32Cube_FW_F7_V1.17.4, STM32Cube_FW_G0_V1.6.2, STM32Cube_FW_G4_V1.6.1, STM32Cube_FW_H5_V1.5.1, STM32Cube_FW_H7RS_V1.3.0, STM32Cube_FW_H7_V1.12.1, STM32Cube_FW_L0_V1.12.2, STM32Cube_FW_L4_V1.18.1, STM32Cube_FW_L5_V1.6.0, STM32Cube_FW_N6_V1.3.0, STM32Cube_FW_U0_V1.3.0, STM32Cube_FW_U3_V1.2.1, STM32Cube_FW_U5_V1.8.0, STM32Cube_FW_WB0_V1.4.0, STM32Cube_FW_WBA_V1.8.0, STM32Cube_FW_WB_V1.24.0, STM32Cube_FW_WL3_V1.3.0, STM32Cube_FW_WL_V1.4.0, X-CUBE-ALGOBUILD_V1.4.0, X-CUBE-ALS_V1.0.2, X-CUBE-AZRTOS-F4_V1.1.0, X-CUBE-AZRTOS-F7_V1.1.0, X-CUBE-AZRTOS-G0_V1.1.0, X-CUBE-AZRTOS-G4_V2.0.0, X-CUBE-AZRTOS-H7RS_V1.1.0, X-CUBE-AZRTOS-H7_V3.4.0, X-CUBE-AZRTOS-L4_V2.0.0, X-CUBE-AZRTOS-L5_V2.0.0, X-CUBE-AZRTOS-WB_V2.0.0, X-CUBE-AZRTOS-WL_V2.0.0, X-CUBE-BLE1_V7.1.0, X-CUBE-BLE2_V3.3.0, X-CUBE-BLEMGR_V4.1.0, X-CUBE-EEPRMA1_V5.2.0, X-CUBE-FREERTOS_V1.3.1, X-CUBE-GNSS1_V6.0.0, X-CUBE-MEMS1_V11.3.0, X-CUBE-NFC4_V3.0.0, X-CUBE-NFC7_V2.0.0, X-CUBE-SFXS2LP1_V4.0.0, X-CUBE-ST67W61_V1.1.0, X-CUBE-SUBG2_V5.0.0, X-CUBE-TOF1_V3.4.3]
2025-12-31 12:30:13,295 [INFO] ApiDb:240 - Found 880 in-development CPN: [B-G473E-ZEST1S, B-WB1M-WPAN1, B-WBA5M-WPAN, B-WL5M-SUBG1, NUCLEO-C031C6, NUCLEO-C051C8, NUCLEO-C071RB, NUCLEO-C092RC, NUCLEO-H503RB, NUCLEO-H533RE, NUCLEO-H563ZI, NUCLEO-H7S3L8, NUCLEO-N657X0-Q, NUCLEO-U031R8, NUCLEO-U083RC, NUCLEO-U385RG-Q, NUCLEO-U545RE-Q, NUCLEO-U5A5ZJ-Q, NUCLEO-WB05KZ, NUCLEO-WB07CC, NUCLEO-WB09KE, NUCLEO-WBA52CG, NUCLEO-WBA55CG, NUCLEO-WL33CC1, NUCLEO-WL33CC2, STEVAL-PROTEUS1, STEVAL-SMARTAG2, STEVAL-STWINBX1, STM320518-EVAL, STM32C0116-DK, STM32C011D6Y3TR, STM32C011D6Y6TR, STM32C011F4P3, STM32C011F4P6, STM32C011F4U3, STM32C011F4U6TR, STM32C011F6P3, STM32C011F6P6, STM32C011F6U3, STM32C011F6U6TR, STM32C011J4M3, STM32C011J4M6, STM32C011J6M3, STM32C011J6M6, STM32C0316-DK, STM32C031C4T3, STM32C031C4T6, STM32C031C4U3, STM32C031C4U6, STM32C031C6T3, STM32C031C6T6, STM32C031C6U3, STM32C031C6U6, STM32C031F4P3, STM32C031F4P6, STM32C031F6P3, STM32C031F6P6, STM32C031G4U3, STM32C031G4U6, STM32C031G6U3, STM32C031G6U6, STM32C031K4T3, STM32C031K4T6, STM32C031K4U3, STM32C031K4U6, STM32C031K6T3, STM32C031K6T6, STM32C031K6U3, STM32C031K6U6, STM32C051C6T6, STM32C051C6U6, STM32C051C8T6, STM32C051C8U6, STM32C051D8Y6TR, STM32C051F6P6, STM32C051F8P6, STM32C051G6U6, STM32C051G8U6, STM32C051K6T6, STM32C051K6U6, STM32C051K8T6, STM32C071C8T6, STM32C071C8T6N, STM32C071C8U6, STM32C071C8U6N, STM32C071CBT6, STM32C071CBT6N, STM32C071CBU6, STM32C071CBU6N, STM32C071F8P6, STM32C071F8P6N, STM32C071FBP6, STM32C071FBP6N, STM32C071FBY6TR, STM32C071G8U6, STM32C071G8U6N, STM32C071GBU6, STM32C071GBU6N, STM32C071K8T6, STM32C071K8T6N, STM32C071K8U6, STM32C071K8U6N, STM32C071KBT6, STM32C071KBT6N, STM32C071KBU6, STM32C071KBU6N, STM32C071R8T6, STM32C071R8T6N, STM32C071RBI6N, STM32C071RBT6, STM32C071RBT6N, STM32C091CBT6, STM32C091CBU6, STM32C091CCT6, STM32C091CCU6, STM32C091ECY6TR, STM32C091FBP6, STM32C091FCP6, STM32C091GBU6, STM32C091GCU6, STM32C091KBT6, STM32C091KBU6, STM32C091KCT6, STM32C091KCU6, STM32C091RBT6, STM32C091RCI6, STM32C091RCT6, STM32C092CBT6, STM32C092CBU6, STM32C092CCT6, STM32C092CCU6, STM32C092ECY6TR, STM32C092FBP6, STM32C092FCP6, STM32C092GBU6, STM32C092GCU6, STM32C092KBT6, STM32C092KBU6, STM32C092KCT6, STM32C092KCU6, STM32C092RBT6, STM32C092RCI6, STM32C092RCT6, STM32G071K8TXN, STM32G071K8UXN, STM32G081GBU6N, STM32G081KBT6N, STM32G081KBUXN, STM32G0B1CCT6N, STM32G0B1KCT6, STM32G0B1NEY6TR, STM32G0B1RCT6N, STM32G0C1CCT6, STM32G0C1CCT6N, STM32G0C1CCU6N, STM32G0C1CET6N, STM32G0C1CEU6N, STM32G0C1KCT6, STM32G0C1NEY6TR, STM32G0C1RCI6N, STM32G0C1RCT6N, STM32G0C1REI6N, STM32G0C1RET6N, STM32G0C1VCI6, STM32G0C1VEI6, STM32G411C6T3, STM32G411C6T6, STM32G411C6U3, STM32G411C6U6, STM32G411C8T3, STM32G411C8T6, STM32G411C8U3, STM32G411C8U6, STM32G411CBT3, STM32G411CBT6, STM32G411CBU3, STM32G411CBU6, STM32G411K6T3, STM32G411K6T6, STM32G411K6U3, STM32G411K6U6, STM32G411K8T3, STM32G411K8T6, STM32G411K8U3, STM32G411K8U6, STM32G411KBT3, STM32G411KBT6, STM32G411KBU3, STM32G411KBU6, STM32G411M6T3, STM32G411M6T6, STM32G411M8T3, STM32G411M8T6, STM32G411MBT3, STM32G411MBT6, STM32G411R6T3, STM32G411R6T6, STM32G411R8T3, STM32G411R8T6, STM32G411RBT3, STM32G411RBT6, STM32G414CBT3, STM32G414CBT6, STM32G414CBU3, STM32G414CBU6, STM32G414CCT3, STM32G414CCT6, STM32G414CCU3, STM32G414CCU6, STM32G414MBT3, STM32G414MBT6, STM32G414MCT3, STM32G414MCT6, STM32G414RBT3, STM32G414RBT6, STM32G414RCT3, STM32G414RCT6, STM32G414VBT3, STM32G414VBT6, STM32G414VCT3, STM32G414VCT6, STM32G431CBT3Z, STM32G431RBT3Z, STM32G471CCT6, STM32G471CCU6, STM32G471CET3, STM32G471CET6, STM32G471CEU3, STM32G471CEU6, STM32G471MCT6, STM32G471MET3, STM32G471MET6, STM32G471MEY6TR, STM32G471QCT6, STM32G471QET3, STM32G471RCT6, STM32G471RET3, STM32G471RET6, STM32G471VCH6, STM32G471VCI6, STM32G471VCT6, STM32G471VEH3, STM32G471VEH6, STM32G471VEI3, STM32G471VEI6, STM32G471VET3, STM32G471VET6, STM32G473QET3Z, STM32G473RET3Z, STM32G474CCT6, STM32G491RET3Z, STM32H503CBT6, STM32H503CBU6, STM32H503EBY6TR, STM32H503KBU6, STM32H503RBT6, STM32H523CCT6, STM32H523CCU6, STM32H523CET6, STM32H523CEU6, STM32H523HEY6TR, STM32H523RCT6, STM32H523RET6, STM32H523VCI6, STM32H523VCT6, STM32H523VEI6, STM32H523VET6, STM32H523ZCJ6, STM32H523ZCT6, STM32H523ZEJ6, STM32H523ZET6, STM32H533CET6, STM32H533CEU6, STM32H533HEY6TR, STM32H533RET6, STM32H533VEI6, STM32H533VET6, STM32H533ZEJ6, STM32H533ZET6, STM32H562AGI6, STM32H562AII6, STM32H562IGK6, STM32H562IGT6, STM32H562IIK6, STM32H562IIT6, STM32H562RGT6, STM32H562RGV6, STM32H562RIT6, STM32H562RIV6, STM32H562VGT6, STM32H562VIT6, STM32H562ZGT6, STM32H562ZIT6, STM32H563AGI6, STM32H563AII3Q, STM32H563AII6, STM32H563IGK6, STM32H563IGT6, STM32H563IIK3Q, STM32H563IIK6, STM32H563IIT3Q, STM32H563IIT6, STM32H563MIY3QTR, STM32H563RGT6, STM32H563RGV6, STM32H563RIT6, STM32H563RIV6, STM32H563VGT6, STM32H563VIT3Q, STM32H563VIT6, STM32H563ZGT6, STM32H563ZIT3Q, STM32H563ZIT6, STM32H573AII3Q, STM32H573AII6, STM32H573I-DK, STM32H573IIK3Q, STM32H573IIK6, STM32H573IIT3Q, STM32H573IIT6, STM32H573MIY3QTR, STM32H573RIT6, STM32H573RIV6, STM32H573VIT3Q, STM32H573VIT6, STM32H573ZIT3Q, STM32H573ZIT6, STM32H7R3A8I6, STM32H7R3I8K6, STM32H7R3I8T6, STM32H7R3L8H6, STM32H7R3L8H6H, STM32H7R3R8V6, STM32H7R3V8H6, STM32H7R3V8T6, STM32H7R3V8Y6TR, STM32H7R3Z8J6, STM32H7R3Z8T6, STM32H7R7A8I6, STM32H7R7I8K6, STM32H7R7I8T6, STM32H7R7L8H6, STM32H7R7L8H6H, STM32H7R7Z8J6, STM32H7S3A8I6, STM32H7S3I8K6, STM32H7S3I8T6, STM32H7S3L8H6, STM32H7S3L8H6H, STM32H7S3R8V6, STM32H7S3V8H6, STM32H7S3V8T6, STM32H7S3V8Y6TR, STM32H7S3Z8J6, STM32H7S3Z8T6, STM32H7S78-DK, STM32H7S7A8I6, STM32H7S7I8K6, STM32H7S7I8T6, STM32H7S7L8H6, STM32H7S7L8H6H, STM32H7S7Z8J6, STM32L4R5QGI6STR, STM32MP131AAE3, STM32MP131AAF3, STM32MP131AAG3, STM32MP131CAE3, STM32MP131CAF3, STM32MP131CAG3, STM32MP131DAE7, STM32MP131DAF7, STM32MP131DAG7, STM32MP131FAE7, STM32MP131FAF7, STM32MP131FAG7, STM32MP133AAE3, STM32MP133AAF3, STM32MP133AAG3, STM32MP133CAE3, STM32MP133CAF3, STM32MP133CAG3, STM32MP133DAE7, STM32MP133DAF7, STM32MP133DAG7, STM32MP133FAE7, STM32MP133FAF7, STM32MP133FAG7, STM32MP135AAE3, STM32MP135AAF3, STM32MP135AAG3, STM32MP135CAE3, STM32MP135CAF3, STM32MP135CAG3, STM32MP135DAE7, STM32MP135DAF7, STM32MP135DAG7, STM32MP135F-DK, STM32MP135FAE7, STM32MP135FAF7, STM32MP135FAF7T, STM32MP135FAF7U, STM32MP135FAG7, STM32MP211AAL3, STM32MP211AAM3, STM32MP211AAN3, STM32MP211AAO3, STM32MP211CAL3, STM32MP211CAM3, STM32MP211CAN3, STM32MP211CAO3, STM32MP211DAL3, STM32MP211DAM3, STM32MP211DAN3, STM32MP211DAO3, STM32MP211FAL3, STM32MP211FAM3, STM32MP211FAN3, STM32MP211FAO3, STM32MP213AAL3, STM32MP213AAM3, STM32MP213AAN3, STM32MP213AAO3, STM32MP213CAL3, STM32MP213CAM3, STM32MP213CAN3, STM32MP213CAO3, STM32MP213DAL3, STM32MP213DAM3, STM32MP213DAN3, STM32MP213DAO3, STM32MP213FAL3, STM32MP213FAM3, STM32MP213FAN3, STM32MP213FAO3, STM32MP215AAL3, STM32MP215AAM3, STM32MP215AAN3, STM32MP215AAO3, STM32MP215CAL3, STM32MP215CAM3, STM32MP215CAN3, STM32MP215CAO3, STM32MP215DAL3, STM32MP215DAM3, STM32MP215DAN3, STM32MP215DAO3, STM32MP215F-DK, STM32MP215FAL3, STM32MP215FAM3, STM32MP215FAN3, STM32MP215FAO3, STM32MP231AAJ3, STM32MP231AAK3, STM32MP231AAL3, STM32MP231CAJ3, STM32MP231CAK3, STM32MP231CAL3, STM32MP231DAJ3, STM32MP231DAK3, STM32MP231DAL3, STM32MP231FAJ3, STM32MP231FAK3, STM32MP231FAL3, STM32MP233AAJ3, STM32MP233AAK3, STM32MP233AAL3, STM32MP233CAJ3, STM32MP233CAK3, STM32MP233CAL3, STM32MP233DAJ3, STM32MP233DAK3, STM32MP233DAL3, STM32MP233FAJ3, STM32MP233FAK3, STM32MP233FAL3, STM32MP235AAJ3, STM32MP235AAK3, STM32MP235AAL3, STM32MP235CAJ3, STM32MP235CAK3, STM32MP235CAL3, STM32MP235DAJ3, STM32MP235DAK3, STM32MP235DAL3, STM32MP235FAJ3, STM32MP235FAK3, STM32MP235FAL3, STM32MP251AAI3, STM32MP251AAK3, STM32MP251AAL3, STM32MP251CAI3, STM32MP251CAK3, STM32MP251CAL3, STM32MP251DAI3, STM32MP251DAK3, STM32MP251DAL3, STM32MP251FAI3, STM32MP251FAK3, STM32MP251FAL3, STM32MP253AAI3, STM32MP253AAK3, STM32MP253AAL3, STM32MP253CAI3, STM32MP253CAK3, STM32MP253CAL3, STM32MP253DAI3, STM32MP253DAK3, STM32MP253DAL3, STM32MP253FAI3, STM32MP253FAK3, STM32MP253FAL3, STM32MP255AAI3, STM32MP255AAK3, STM32MP255AAL3, STM32MP255CAI3, STM32MP255CAK3, STM32MP255CAL3, STM32MP255DAI3, STM32MP255DAK3, STM32MP255DAL3, STM32MP255FAI3, STM32MP255FAK3, STM32MP255FAL3, STM32MP257AAI3, STM32MP257AAK3, STM32MP257AAL3, STM32MP257CAI3, STM32MP257CAK3, STM32MP257CAL3, STM32MP257DAI3, STM32MP257DAK3, STM32MP257DAL3, STM32MP257F-DK, STM32MP257F-EV1, STM32MP257FAI3, STM32MP257FAK3, STM32MP257FAL3, STM32N645A0H3Q, STM32N645B0H3Q, STM32N645I0H3Q, STM32N645L0H3Q, STM32N645X0H3Q, STM32N645Z0H3Q, STM32N647A0H3Q, STM32N647B0H3Q, STM32N647I0H3Q, STM32N647L0H3Q, STM32N647X0H3Q, STM32N647Z0H3Q, STM32N655A0H3Q, STM32N655B0H3Q, STM32N655I0H3Q, STM32N655L0H3Q, STM32N655X0H3Q, STM32N655Z0H3Q, STM32N6570-DK, STM32N657A0H3Q, STM32N657B0H3Q, STM32N657I0H3Q, STM32N657L0H3Q, STM32N657X0H3Q, STM32N657Z0H3Q, STM32U031C6T6, STM32U031C6U6, STM32U031C8T6, STM32U031C8U6, STM32U031F4P6, STM32U031F6P6, STM32U031F8P6, STM32U031G6Y6TR, STM32U031G8Y6TR, STM32U031K4U6, STM32U031K6U6, STM32U031K8U6, STM32U031R6I6, STM32U031R6T6, STM32U031R8I6, STM32U031R8T6, STM32U073C8T6, STM32U073C8U6, STM32U073CBT6, STM32U073CBU6, STM32U073CCT6, STM32U073CCU6, STM32U073H8Y6TR, STM32U073HBY6TR, STM32U073HCY6TR, STM32U073K8U6, STM32U073KBU6, STM32U073KCU6, STM32U073M8I6, STM32U073M8T6, STM32U073MBI6, STM32U073MBT6, STM32U073MCI6, STM32U073MCT6, STM32U073R8I6, STM32U073R8T6, STM32U073RBI6, STM32U073RBT6, STM32U073RCI6, STM32U073RCT6, STM32U083C-DK, STM32U083CCT6, STM32U083CCU6, STM32U083HCY6TR, STM32U083KCU6, STM32U083MCI6, STM32U083MCT6, STM32U083RCI6, STM32U083RCT6, STM32U375CET6, STM32U375CET6Q, STM32U375CEU6, STM32U375CEU6Q, STM32U375CEY6QTR, STM32U375CGT6, STM32U375CGT6Q, STM32U375CGU6, STM32U375CGU6Q, STM32U375CGY6QTR, STM32U375KEU6, STM32U375KGU6, STM32U375REI6, STM32U375REI6Q, STM32U375RET6, STM32U375RET6Q, STM32U375REY6GTR, STM32U375REY6QTR, STM32U375RGI6, STM32U375RGI6Q, STM32U375RGT6, STM32U375RGT6Q, STM32U375RGY6GTR, STM32U375RGY6QTR, STM32U375VEI6, STM32U375VEI6Q, STM32U375VET6, STM32U375VET6Q, STM32U375VGI6, STM32U375VGI6Q, STM32U375VGT6, STM32U375VGT6Q, STM32U385CGT6, STM32U385CGT6Q, STM32U385CGU6, STM32U385CGU6Q, STM32U385CGY6QTR, STM32U385KGU6, STM32U385RGI6, STM32U385RGI6Q, STM32U385RGT6, STM32U385RGT6Q, STM32U385RGY6GTR, STM32U385RGY6QTR, STM32U385VGI6, STM32U385VGI6Q, STM32U385VGT6, STM32U385VGT6Q, STM32U535CBT6, STM32U535CBT6Q, STM32U535CBU6, STM32U535CBU6Q, STM32U535CCT6, STM32U535CCT6Q, STM32U535CCU6, STM32U535CCU6Q, STM32U535CET6, STM32U535CET6Q, STM32U535CEU6, STM32U535CEU6Q, STM32U535JEY6QTR, STM32U535NCY6QTR, STM32U535NEY6QTR, STM32U535RBI6, STM32U535RBI6Q, STM32U535RBT6, STM32U535RBT6Q, STM32U535RCI6, STM32U535RCI6Q, STM32U535RCT6, STM32U535RCT6Q, STM32U535REI6, STM32U535REI6Q, STM32U535RET6, STM32U535RET6Q, STM32U535VCI6, STM32U535VCI6Q, STM32U535VCT6, STM32U535VCT6Q, STM32U535VEI6, STM32U535VEI6Q, STM32U535VET6, STM32U535VET6Q, STM32U545CET6, STM32U545CET6Q, STM32U545CEU6, STM32U545CEU6Q, STM32U545JEY6QTR, STM32U545NEY6QTR, STM32U545REI6, STM32U545REI6Q, STM32U545RET6, STM32U545RET6Q, STM32U545VEI6, STM32U545VEI6Q, STM32U545VET6, STM32U545VET6Q, STM32U595AIH6, STM32U595AIH6Q, STM32U595AJH6, STM32U595AJH6Q, STM32U595QII6, STM32U595QII6Q, STM32U595QJI6, STM32U595QJI6Q, STM32U595RIT6, STM32U595RIT6Q, STM32U595RJT6, STM32U595RJT6Q, STM32U595VIT6, STM32U595VIT6Q, STM32U595VJT6, STM32U595VJT6Q, STM32U595ZIT6, STM32U595ZIT6Q, STM32U595ZIY6QTR, STM32U595ZJT6, STM32U595ZJT6Q, STM32U595ZJY6QTR, STM32U599BJY6QTR, STM32U599NIH6Q, STM32U599NJH6Q, STM32U599VIT6Q, STM32U599VJT6, STM32U599VJT6Q, STM32U599ZIT6Q, STM32U599ZIY6QTR, STM32U599ZJT6Q, STM32U599ZJY6QTR, STM32U5A5AJH6, STM32U5A5AJH6Q, STM32U5A5QII3Q , STM32U5A5QJI6, STM32U5A5QJI6Q, STM32U5A5RJT6, STM32U5A5RJT6Q, STM32U5A5VJT6, STM32U5A5VJT6Q, STM32U5A5ZJT6, STM32U5A5ZJT6Q, STM32U5A5ZJY6QTR, STM32U5A9BJY6QTR, STM32U5A9J-DK, STM32U5A9NJH6Q, STM32U5A9VJT6Q, STM32U5A9ZJT6Q, STM32U5A9ZJY6QTR, STM32U5F7VIT6, STM32U5F7VIT6Q, STM32U5F7VJT6, STM32U5F7VJT6Q, STM32U5F9BJY6QTR, STM32U5F9NJH6Q, STM32U5F9VIT6Q, STM32U5F9VJT6Q, STM32U5F9ZIJ6QTR, STM32U5F9ZIT6Q, STM32U5F9ZJJ6QTR, STM32U5F9ZJT6Q, STM32U5G7VJT6, STM32U5G7VJT6Q, STM32U5G9BJY6QTR, STM32U5G9J-DK1, STM32U5G9J-DK2, STM32U5G9NJH6Q, STM32U5G9VJT6Q, STM32U5G9ZJJ6QTR, STM32U5G9ZJT6Q, STM32WB05KZV6TR, STM32WB05KZV7TR, STM32WB05TZF6TR, STM32WB05TZF7TR, STM32WB06CCF6TR, STM32WB06CCF7TR, STM32WB06CCV6TR, STM32WB06CCV7TR, STM32WB06KCV6TR, STM32WB06KCV7TR, STM32WB07CCF6TR, STM32WB07CCF7TR, STM32WB07CCV6TR, STM32WB07CCV7TR, STM32WB07KCV6TR, STM32WB07KCV7TR, STM32WB09KEV6TR, STM32WB09KEV7TR, STM32WB09TEF6TR, STM32WB09TEF7TR, STM32WB1MMCH6, STM32WBA50KGU6, STM32WBA50KGU6TR, STM32WBA52CEU6, STM32WBA52CEU6TR, STM32WBA52CEU7, STM32WBA52CEU7TR, STM32WBA52CGU6, STM32WBA52CGU6TR, STM32WBA52CGU6U, STM32WBA52CGU7, STM32WBA52CGU7TR, STM32WBA52KEU6, STM32WBA52KEU6TR, STM32WBA52KGU6, STM32WBA52KGU6TR, STM32WBA54CEU6, STM32WBA54CEU6TR, STM32WBA54CEU7, STM32WBA54CEU7TR, STM32WBA54CGU6, STM32WBA54CGU6TR, STM32WBA54CGU7, STM32WBA54CGU7TR, STM32WBA54KEU6, STM32WBA54KEU6TR, STM32WBA54KEU7, STM32WBA54KEU7TR, STM32WBA54KGU6, STM32WBA54KGU6TR, STM32WBA54KGU7, STM32WBA54KGU7TR, STM32WBA55CEU6, STM32WBA55CEU6TR, STM32WBA55CEU7, STM32WBA55CEU7TR, STM32WBA55CGU6, STM32WBA55CGU6TR, STM32WBA55CGU6U, STM32WBA55CGU7, STM32WBA55CGU7TR, STM32WBA55G-DK1, STM32WBA55HEF6, STM32WBA55HEF7, STM32WBA55HGF6, STM32WBA55HGF7, STM32WBA55UEI6, STM32WBA55UEI6TR, STM32WBA55UEI7, STM32WBA55UEI7TR, STM32WBA55UGI6, STM32WBA55UGI6TR, STM32WBA55UGI7, STM32WBA55UGI7TR, STM32WBA5MMGH6TR, STM32WBA62MGF6, STM32WBA62MIF6, STM32WBA65MGF7, STM32WBA65MIF6, STM32WBA65MIF7, STM32WL30K8V6, STM32WL30KBV6, STM32WL31C8V6, STM32WL31CBV6, STM32WL31K8V6, STM32WL31KBV6, STM32WL33C8V6, STM32WL33C8V6X, STM32WL33CBV6, STM32WL33CBV6X, STM32WL33CCV6, STM32WL33CCV6A, STM32WL33CCV6X, STM32WL33K8V7, STM32WL33K8V7X, STM32WL33KBV7 , STM32WL33KBV7X, STM32WL33KCV7, STM32WL33KCV7X, STM32WL5MOCH6, STM32WL5MOCH6TR]
2025-12-31 12:30:13,445 [INFO] DbMcus:218 - Found 4876 MCUs, 4876 are supported
2025-12-31 12:30:13,463 [INFO] ApiDb:423 - Load user favorites file C:\Users\Marom Keren/.stm32cubeide/favorites.mcus.txt: 0 item(s)
2025-12-31 12:30:13,465 [INFO] ApiDb:427 - User favorites MCUs=[]
2025-12-31 12:30:13,465 [INFO] DbMcus:224 - Set 0 / 0 favorites MCUs
2025-12-31 12:30:14,486 [INFO] BoardInfo:889 - No configuration file found for board P-NUCLEO-WB55
2025-12-31 12:30:14,486 [INFO] DbBoards:161 - Kit is not supported: P-NUCLEO-WB55
2025-12-31 12:30:14,496 [INFO] BoardInfo:889 - No configuration file found for board STEVAL-BFA001V1B
2025-12-31 12:30:14,508 [INFO] DbBoards:161 - Kit is not supported: STEVAL-BFA001V1B
2025-12-31 12:30:14,512 [INFO] BoardInfo:889 - No configuration file found for board STEVAL-BFA001V2B
2025-12-31 12:30:14,516 [INFO] DbBoards:161 - Kit is not supported: STEVAL-BFA001V2B
2025-12-31 12:30:14,967 [INFO] DbBoards:168 - Found 212 boards, 209 are supported
2025-12-31 12:30:14,967 [INFO] DbBoards:169 - Found 212 boards, 43 of them is supported for  Bsp
2025-12-31 12:30:14,980 [INFO] ApiDb:423 - Load user favorites file C:\Users\Marom Keren/.stm32cubeide/favorites.boards.txt: 1 item(s)
2025-12-31 12:30:14,980 [INFO] ApiDb:427 - User favorites Boards=[NUCLEO-F756ZG]
2025-12-31 12:30:14,980 [INFO] DbBoards:198 - Set 1 / 1 favorites Boards
2025-12-31 12:30:15,038 [INFO] UtilMem:75 - End LoadConfig() Used Memory: 320327336 Bytes (625999872)
2025-12-31 12:30:15,282 [WARN] ThirdParty:833 - waiting for thirdparty lock release [change project]
2025-12-31 12:30:15,282 [INFO] ThirdParty:835 - entering critical section [change project]
2025-12-31 12:30:15,282 [INFO] ThirdParty:1030 - CMSIS Pack Vendor :STMicroelectronics X-CUBE-PM33A1 1.0.0
2025-12-31 12:30:15,282 [INFO] ThirdParty:1030 - CMSIS Pack Vendor :STMicroelectronics USBPD 4.1
2025-12-31 12:30:15,282 [INFO] ThirdParty:1030 - CMSIS Pack Vendor :STMicroelectronics USB_HOST 2.0.0
2025-12-31 12:30:15,282 [INFO] ThirdParty:1030 - CMSIS Pack Vendor :STMicroelectronics FP-SNS-MOTENVWB1 1.4.0
2025-12-31 12:30:15,282 [INFO] ThirdParty:1030 - CMSIS Pack Vendor :STMicroelectronics X-CUBE-AZRTOS-F4 1.1.0
2025-12-31 12:30:15,282 [INFO] ThirdParty:1030 - CMSIS Pack Vendor :STMicroelectronics LIBJPEG 8.0.0
2025-12-31 12:30:15,282 [INFO] ThirdParty:1030 - CMSIS Pack Vendor :STMicroelectronics FP-ATR-ASTRA1 2.0.2
2025-12-31 12:30:15,282 [INFO] ThirdParty:1030 - CMSIS Pack Vendor :Avnet-IotConnect X-CUBE-IoTC-DA16k-PMOD 1.0.0
2025-12-31 12:30:15,282 [INFO] ThirdParty:1030 - CMSIS Pack Vendor :STMicroelectronics X-CUBE-SMBUS 2.1.0
2025-12-31 12:30:15,284 [INFO] ThirdParty:1030 - CMSIS Pack Vendor :STMicroelectronics X-CUBE-ISPU 2.1.0
2025-12-31 12:30:15,284 [INFO] ThirdParty:1030 - CMSIS Pack Vendor :STMicroelectronics X-CUBE-IPS 3.2.0
2025-12-31 12:30:15,284 [INFO] ThirdParty:1030 - CMSIS Pack Vendor :STMicroelectronics X-CUBE-ST60 1.0.0
2025-12-31 12:30:15,284 [INFO] ThirdParty:1030 - CMSIS Pack Vendor :STMicroelectronics X-CUBE-NFC12 1.0.0
2025-12-31 12:30:15,284 [INFO] ThirdParty:1030 - CMSIS Pack Vendor :STMicroelectronics X-CUBE-AZRTOS-F7 1.1.0
2025-12-31 12:30:15,284 [INFO] ThirdParty:1030 - CMSIS Pack Vendor :STMicroelectronics X-CUBE-AZRTOS-L5 2.0.0
2025-12-31 12:30:15,284 [INFO] ThirdParty:1030 - CMSIS Pack Vendor :STMicroelectronics USB_DEVICE 2.0.0
2025-12-31 12:30:15,284 [INFO] ThirdParty:1030 - CMSIS Pack Vendor :STMicroelectronics X-CUBE-NFC6 3.1.0
2025-12-31 12:30:15,284 [INFO] ThirdParty:1030 - CMSIS Pack Vendor :STMicroelectronics FP-SNS-MOTENV1 5.1.0
2025-12-31 12:30:15,284 [INFO] ThirdParty:1030 - CMSIS Pack Vendor :STMicroelectronics FreeRTOS 0.0.1
2025-12-31 12:30:15,284 [INFO] ThirdParty:1030 - CMSIS Pack Vendor :WES I-CUBE-Cesium 1.4.0
2025-12-31 12:30:15,284 [INFO] ThirdParty:1030 - CMSIS Pack Vendor :Infineon AIROC-Wi-Fi-Bluetooth-STM32 1.7.1
2025-12-31 12:30:15,284 [INFO] ThirdParty:1030 - CMSIS Pack Vendor :STMicroelectronics PDM2PCM 3.3.0
2025-12-31 12:30:15,284 [INFO] ThirdParty:1030 - CMSIS Pack Vendor :STMicroelectronics X-CUBE-AZRTOS-H7 3.4.0
2025-12-31 12:30:15,284 [INFO] ThirdParty:1030 - CMSIS Pack Vendor :STMicroelectronics X-CUBE-DISPLAY 3.0.0
2025-12-31 12:30:15,284 [INFO] ThirdParty:1030 - CMSIS Pack Vendor :STMicroelectronics X-CUBE-NFC10 1.0.0
2025-12-31 12:30:15,284 [INFO] ThirdParty:1030 - CMSIS Pack Vendor :STMicroelectronics X-CUBE-FREERTOS 1.3.1
2025-12-31 12:30:15,284 [INFO] ThirdParty:1030 - CMSIS Pack Vendor :STMicroelectronics HAL Drivers 0.0.0
2025-12-31 12:30:15,284 [INFO] ThirdParty:1030 - CMSIS Pack Vendor :STMicroelectronics X-CUBE-ST60 1.1.0
2025-12-31 12:30:15,284 [INFO] ThirdParty:1030 - CMSIS Pack Vendor :emotas I-CUBE-CANOPEN 1.3.0
2025-12-31 12:30:15,284 [INFO] ThirdParty:1030 - CMSIS Pack Vendor :STMicroelectronics MBEDTLS 2.14.1
2025-12-31 12:30:15,284 [INFO] ThirdParty:1030 - CMSIS Pack Vendor :STMicroelectronics X-CUBE-GNSS1 7.1.0
2025-12-31 12:30:15,284 [INFO] ThirdParty:1030 - CMSIS Pack Vendor :STMicroelectronics X-CUBE-TOUCHGFX 4.26.0
2025-12-31 12:30:15,286 [INFO] ThirdParty:1030 - CMSIS Pack Vendor :quantropi X-CUBE-qispace-sdk-base 2.0.0
2025-12-31 12:30:15,286 [INFO] ThirdParty:1030 - CMSIS Pack Vendor :STMicroelectronics FP-SNS-STBOX1 2.1.0
2025-12-31 12:30:15,286 [INFO] ThirdParty:1030 - CMSIS Pack Vendor :STMicroelectronics FP-SNS-STAIOTCFT 1.0.0
2025-12-31 12:30:15,286 [INFO] ThirdParty:1030 - CMSIS Pack Vendor :STMicroelectronics FP-SNS-SMARTAG2 1.2.0
2025-12-31 12:30:15,286 [INFO] ThirdParty:1030 - CMSIS Pack Vendor :STMicroelectronics FP-SNS-FLIGHT1 5.1.0
2025-12-31 12:30:15,286 [INFO] ThirdParty:1030 - CMSIS Pack Vendor :STMicroelectronics X-CUBE-AZRTOS-WL 2.0.0
2025-12-31 12:30:15,286 [INFO] ThirdParty:1030 - CMSIS Pack Vendor :STMicroelectronics X-CUBE-DPower 1.3.0
2025-12-31 12:30:15,286 [INFO] ThirdParty:1030 - CMSIS Pack Vendor :STMicroelectronics FP-SNS-MOTENV1 5.0.0
2025-12-31 12:30:15,286 [INFO] ThirdParty:1030 - CMSIS Pack Vendor :STMicroelectronics USB_DEVICE 1.0.0
2025-12-31 12:30:15,286 [INFO] ThirdParty:1030 - CMSIS Pack Vendor :STMicroelectronics X-CUBE-AZRTOS-H7RS 1.2.0
2025-12-31 12:30:15,286 [INFO] ThirdParty:1030 - CMSIS Pack Vendor :STMicroelectronics X-CUBE-AZRTOS-L4 2.0.0
2025-12-31 12:30:15,286 [INFO] ThirdParty:1030 - CMSIS Pack Vendor :STMicroelectronics ThreadX 0.0.2
2025-12-31 12:30:15,286 [INFO] ThirdParty:1030 - CMSIS Pack Vendor :WES I-CUBE-Cesium 1.3.0
2025-12-31 12:30:15,286 [INFO] ThirdParty:1030 - CMSIS Pack Vendor :STMicroelectronics lwIP 2.1.2
2025-12-31 12:30:15,286 [INFO] ThirdParty:1030 - CMSIS Pack Vendor :STMicroelectronics X-CUBE-SFXS2LP1 4.0.0
2025-12-31 12:30:15,286 [INFO] ThirdParty:1030 - CMSIS Pack Vendor :STMicroelectronics X-CUBE-BLE2 3.3.0
2025-12-31 12:30:15,286 [INFO] ThirdParty:1030 - CMSIS Pack Vendor :Avnet-IOTCONNECT X-CUBE-iotc-st67-sdk 1.0.0
2025-12-31 12:30:15,286 [INFO] ThirdParty:1030 - CMSIS Pack Vendor :Infineon AIROC-Wi-Fi-Bluetooth-STM32 1.8.0
2025-12-31 12:30:15,286 [INFO] ThirdParty:1030 - CMSIS Pack Vendor :STMicroelectronics PDM2PCM 3.2.0
2025-12-31 12:30:15,286 [INFO] ThirdParty:1030 - CMSIS Pack Vendor :STMicroelectronics X-CUBE-NFC9 1.0.0
2025-12-31 12:30:15,286 [INFO] ThirdParty:1030 - CMSIS Pack Vendor :wolfSSL I-CUBE-wolfSSL 5.8.0
2025-12-31 12:30:15,286 [INFO] ThirdParty:1030 - CMSIS Pack Vendor :STMicroelectronics X-CUBE-BLE1 7.1.0
2025-12-31 12:30:15,286 [INFO] ThirdParty:1030 - CMSIS Pack Vendor :wolfSSL I-CUBE-wolfMQTT 1.19.2
2025-12-31 12:30:15,286 [INFO] ThirdParty:1030 - CMSIS Pack Vendor :STMicroelectronics USB_DEVICE 3.0.0
2025-12-31 12:30:15,286 [INFO] ThirdParty:1030 - CMSIS Pack Vendor :STMicroelectronics X-CUBE-FREERTOS 1.4.0
2025-12-31 12:30:15,288 [INFO] ThirdParty:1030 - CMSIS Pack Vendor :STMicroelectronics X-CUBE-EEPRMA1 5.2.0
2025-12-31 12:30:15,288 [INFO] ThirdParty:1030 - CMSIS Pack Vendor :STMicroelectronics X-CUBE-BLEMGR 4.1.0
2025-12-31 12:30:15,288 [INFO] ThirdParty:1030 - CMSIS Pack Vendor :STMicroelectronics X-CUBE-AZRTOS-WB 2.0.0
2025-12-31 12:30:15,288 [INFO] ThirdParty:1030 - CMSIS Pack Vendor :wolfSSL I-CUBE-wolfSSL 5.8.4
2025-12-31 12:30:15,288 [INFO] ThirdParty:1030 - CMSIS Pack Vendor :Cesanta I-CUBE-Mongoose 7.20.0
2025-12-31 12:30:15,288 [INFO] ThirdParty:1030 - CMSIS Pack Vendor :STMicroelectronics X-CUBE-GNSS1 7.0.1
2025-12-31 12:30:15,288 [INFO] ThirdParty:1030 - CMSIS Pack Vendor :STMicroelectronics X-CUBE-TOUCHGFX 4.25.0
2025-12-31 12:30:15,288 [INFO] ThirdParty:1030 - CMSIS Pack Vendor :STMicroelectronics X-CUBE-ST67W61 1.1.0
2025-12-31 12:30:15,288 [INFO] ThirdParty:1030 - CMSIS Pack Vendor :STMicroelectronics X-CUBE-AI 10.1.0
2025-12-31 12:30:15,288 [INFO] ThirdParty:1030 - CMSIS Pack Vendor :STMicroelectronics FP-SNS-STBOX1 2.0.0
2025-12-31 12:30:15,288 [INFO] ThirdParty:1030 - CMSIS Pack Vendor :quantropi X-CUBE-qispace-sdk-base 2.1.0
2025-12-31 12:30:15,288 [INFO] ThirdParty:1030 - CMSIS Pack Vendor :STMicroelectronics X-CUBE-MEMS1 12.0.0
2025-12-31 12:30:15,288 [INFO] ThirdParty:1030 - CMSIS Pack Vendor :STMicroelectronics X-CUBE-AZRTOS-G0 1.1.0
2025-12-31 12:30:15,288 [INFO] ThirdParty:1030 - CMSIS Pack Vendor :STMicroelectronics X-CUBE-SAFEA1 1.2.2
2025-12-31 12:30:15,288 [INFO] ThirdParty:1030 - CMSIS Pack Vendor :STMicroelectronics X-CUBE-NFC4 3.0.0
2025-12-31 12:30:15,288 [INFO] ThirdParty:1030 - CMSIS Pack Vendor :STMicroelectronics X-CUBE-SUBG2 5.0.0
2025-12-31 12:30:15,288 [INFO] ThirdParty:1030 - CMSIS Pack Vendor :STMicroelectronics X-CUBE-AZRTOS-H7RS 1.1.0
2025-12-31 12:30:15,288 [INFO] ThirdParty:1030 - CMSIS Pack Vendor :STMicroelectronics STM32_WPAN 1.0.0
2025-12-31 12:30:15,288 [INFO] ThirdParty:1030 - CMSIS Pack Vendor :EmbeddedOffice I-CUBE-FS-RTOS 1.0.1
2025-12-31 12:30:15,288 [INFO] ThirdParty:1030 - CMSIS Pack Vendor :STMicroelectronics lwIP 2.0.3
2025-12-31 12:30:15,288 [INFO] ThirdParty:1030 - CMSIS Pack Vendor :Cesanta I-CUBE-Mongoose 7.13.0
2025-12-31 12:30:15,288 [INFO] ThirdParty:1030 - CMSIS Pack Vendor :STMicroelectronics USB_HOST 1.0.0
2025-12-31 12:30:15,288 [INFO] ThirdParty:1030 - CMSIS Pack Vendor :STMicroelectronics X-CUBE-AZRTOS-G4 2.0.0
2025-12-31 12:30:15,288 [INFO] ThirdParty:1030 - CMSIS Pack Vendor :STMicroelectronics X-CUBE-WB05N 2.0.0
2025-12-31 12:30:15,288 [INFO] ThirdParty:1030 - CMSIS Pack Vendor :STMicroelectronics PDM2PCM 3.1.0
2025-12-31 12:30:15,288 [INFO] ThirdParty:1030 - CMSIS Pack Vendor :wolfSSL I-CUBE-wolfTPM 3.8.0
2025-12-31 12:30:15,288 [INFO] ThirdParty:1030 - CMSIS Pack Vendor :wolfSSL I-CUBE-wolfSSH 1.4.20
2025-12-31 12:30:15,288 [INFO] ThirdParty:1030 - CMSIS Pack Vendor :STMicroelectronics X-CUBE-NFC7 2.0.0
2025-12-31 12:30:15,288 [INFO] ThirdParty:1030 - CMSIS Pack Vendor :STMicroelectronics X-CUBE-TCPP 4.2.0
2025-12-31 12:30:15,288 [INFO] ThirdParty:1030 - CMSIS Pack Vendor :RealThread X-CUBE-RT-Thread_Nano 4.1.1
2025-12-31 12:30:15,288 [INFO] ThirdParty:1030 - CMSIS Pack Vendor :STMicroelectronics FP-ATR-SIGFOX1 3.2.0
2025-12-31 12:30:15,288 [INFO] ThirdParty:1030 - CMSIS Pack Vendor :STMicroelectronics MBEDTLS 2.16.2
2025-12-31 12:30:15,288 [INFO] ThirdParty:1030 - CMSIS Pack Vendor :STMicroelectronics X-CUBE-IPS 3.1.0
2025-12-31 12:30:15,288 [INFO] ThirdParty:1030 - CMSIS Pack Vendor :STMicroelectronics X-CUBE-ALS 1.0.2
2025-12-31 12:30:15,288 [INFO] ThirdParty:1030 - CMSIS Pack Vendor :ITTIA_DB I-CUBE-ITTIADB 8.9.0
2025-12-31 12:30:15,288 [INFO] ThirdParty:1030 - CMSIS Pack Vendor :STMicroelectronics X-CUBE-STSE01 1.0.0
2025-12-31 12:30:15,288 [INFO] ThirdParty:1030 - CMSIS Pack Vendor :portGmbH I-Cube-SoM-uGOAL 1.1.0
2025-12-31 12:30:15,292 [INFO] ThirdParty:1030 - CMSIS Pack Vendor :STMicroelectronics X-CUBE-ST67W61 1.0.0
2025-12-31 12:30:15,292 [INFO] ThirdParty:1030 - CMSIS Pack Vendor :STMicroelectronics X-CUBE-AI 10.2.0
2025-12-31 12:30:15,292 [INFO] ThirdParty:1030 - CMSIS Pack Vendor :STMicroelectronics ThreadX 1.0.0
2025-12-31 12:30:15,292 [INFO] ThirdParty:1030 - CMSIS Pack Vendor :SEGGER I-CUBE-embOS 1.3.1
2025-12-31 12:30:15,292 [INFO] ThirdParty:1030 - CMSIS Pack Vendor :STMicroelectronics X-CUBE-ALGOBUILD 1.4.0
2025-12-31 12:30:15,292 [INFO] ThirdParty:1030 - CMSIS Pack Vendor :STMicroelectronics X-CUBE-MEMS1 11.3.0
2025-12-31 12:30:15,292 [INFO] ThirdParty:1030 - CMSIS Pack Vendor :STMicroelectronics X-CUBE-TOF1 3.4.3
2025-12-31 12:30:15,292 [INFO] ThirdParty:841 - exiting critical section [change project]
2025-12-31 12:30:16,666 [INFO] PinOutPanel:1589 - setPackage(No Configuration,No Configuration)
2025-12-31 12:30:16,666 [INFO] PinOutPanel:1589 - setPackage(STM32F756ZGTx,LQFP144)
2025-12-31 12:30:18,676 [INFO] UtilMem:75 - Before build in PCC Used Memory: 288889448 Bytes (625999872)
2025-12-31 12:30:20,713 [INFO] UtilMem:75 - After build in PCC Used Memory: 354949680 Bytes (625999872)
2025-12-31 12:30:20,825 [INFO] IPUIPlugin:80 - create IPUIPlugin
2025-12-31 12:30:20,825 [INFO] IPUIPlugin:80 - create IPUIPlugin
2025-12-31 12:30:20,825 [INFO] IPUIPlugin:80 - create IPUIPlugin
2025-12-31 12:30:20,825 [INFO] IPUIPlugin:80 - create IPUIPlugin
2025-12-31 12:30:20,825 [INFO] IPUIPlugin:80 - create IPUIPlugin
2025-12-31 12:30:20,825 [INFO] IPUIPlugin:80 - create IPUIPlugin
2025-12-31 12:30:20,825 [INFO] IPUIPlugin:80 - create IPUIPlugin
2025-12-31 12:30:20,825 [INFO] IPUIPlugin:80 - create IPUIPlugin
2025-12-31 12:30:20,825 [INFO] IPUIPlugin:80 - create IPUIPlugin
2025-12-31 12:30:20,825 [INFO] IPUIPlugin:80 - create IPUIPlugin
2025-12-31 12:30:20,825 [INFO] IPUIPlugin:80 - create IPUIPlugin
2025-12-31 12:30:20,825 [INFO] IPUIPlugin:80 - create IPUIPlugin
2025-12-31 12:30:20,825 [INFO] IPUIPlugin:80 - create IPUIPlugin
2025-12-31 12:30:20,825 [INFO] IPUIPlugin:80 - create IPUIPlugin
2025-12-31 12:30:20,825 [INFO] IPUIPlugin:80 - create IPUIPlugin
2025-12-31 12:30:20,825 [INFO] IPUIPlugin:80 - create IPUIPlugin
2025-12-31 12:30:20,835 [INFO] IPUIPlugin:80 - create IPUIPlugin
2025-12-31 12:30:20,835 [INFO] IPUIPlugin:80 - create IPUIPlugin
2025-12-31 12:30:20,835 [INFO] IPUIPlugin:80 - create IPUIPlugin
2025-12-31 12:30:20,835 [INFO] IPUIPlugin:80 - create IPUIPlugin
2025-12-31 12:30:20,835 [INFO] IPUIPlugin:80 - create IPUIPlugin
2025-12-31 12:30:20,835 [INFO] IPUIPlugin:80 - create IPUIPlugin
2025-12-31 12:30:20,837 [INFO] IPUIPlugin:80 - create IPUIPlugin
2025-12-31 12:30:20,837 [INFO] IPUIPlugin:80 - create IPUIPlugin
2025-12-31 12:30:20,837 [INFO] IPUIPlugin:80 - create IPUIPlugin
2025-12-31 12:30:20,837 [INFO] IPUIPlugin:80 - create IPUIPlugin
2025-12-31 12:30:20,837 [INFO] IPUIPlugin:80 - create IPUIPlugin
2025-12-31 12:30:20,837 [INFO] IPUIPlugin:80 - create IPUIPlugin
2025-12-31 12:30:20,839 [INFO] IPUIPlugin:80 - create IPUIPlugin
2025-12-31 12:30:20,839 [INFO] IPUIPlugin:80 - create IPUIPlugin
2025-12-31 12:30:20,839 [INFO] IPUIPlugin:80 - create IPUIPlugin
2025-12-31 12:30:20,839 [INFO] IPUIPlugin:80 - create IPUIPlugin
2025-12-31 12:30:20,839 [INFO] IPUIPlugin:80 - create IPUIPlugin
2025-12-31 12:30:20,839 [INFO] IPUIPlugin:80 - create IPUIPlugin
2025-12-31 12:30:20,839 [INFO] IPUIPlugin:80 - create IPUIPlugin
2025-12-31 12:30:20,839 [INFO] IPUIPlugin:80 - create IPUIPlugin
2025-12-31 12:30:20,839 [INFO] IPUIPlugin:80 - create IPUIPlugin
2025-12-31 12:30:20,839 [INFO] IPUIPlugin:80 - create IPUIPlugin
2025-12-31 12:30:20,839 [INFO] IPUIPlugin:80 - create IPUIPlugin
2025-12-31 12:30:20,839 [INFO] IPUIPlugin:80 - create IPUIPlugin
2025-12-31 12:30:20,845 [INFO] IPUIPlugin:80 - create IPUIPlugin
2025-12-31 12:30:20,845 [INFO] IPUIPlugin:80 - create IPUIPlugin
2025-12-31 12:30:20,845 [INFO] IPUIPlugin:80 - create IPUIPlugin
2025-12-31 12:30:20,845 [INFO] IPUIPlugin:80 - create IPUIPlugin
2025-12-31 12:30:20,845 [INFO] IPUIPlugin:80 - create IPUIPlugin
2025-12-31 12:30:20,845 [INFO] IPUIPlugin:80 - create IPUIPlugin
2025-12-31 12:30:20,845 [INFO] IPUIPlugin:80 - create IPUIPlugin
2025-12-31 12:30:20,845 [INFO] IPUIPlugin:80 - create IPUIPlugin
2025-12-31 12:30:20,845 [INFO] IPUIPlugin:80 - create IPUIPlugin
2025-12-31 12:30:20,845 [INFO] IPUIPlugin:80 - create IPUIPlugin
2025-12-31 12:30:20,845 [INFO] IPUIPlugin:80 - create IPUIPlugin
2025-12-31 12:30:20,845 [INFO] IPUIPlugin:80 - create IPUIPlugin
2025-12-31 12:30:20,845 [INFO] IPUIPlugin:80 - create IPUIPlugin
2025-12-31 12:30:20,845 [INFO] IPUIPlugin:80 - create IPUIPlugin
2025-12-31 12:30:20,845 [INFO] IPUIPlugin:80 - create IPUIPlugin
2025-12-31 12:30:20,845 [INFO] IPUIPlugin:80 - create IPUIPlugin
2025-12-31 12:30:20,845 [INFO] IPUIPlugin:80 - create IPUIPlugin
2025-12-31 12:30:20,845 [INFO] IPUIPlugin:80 - create IPUIPlugin
2025-12-31 12:30:20,845 [INFO] IPUIPlugin:80 - create IPUIPlugin
2025-12-31 12:30:20,845 [INFO] IPUIPlugin:80 - create IPUIPlugin
2025-12-31 12:30:20,855 [INFO] IPUIPlugin:80 - create IPUIPlugin
2025-12-31 12:30:20,855 [INFO] IPUIPlugin:80 - create IPUIPlugin
2025-12-31 12:30:20,855 [INFO] IPUIPlugin:80 - create IPUIPlugin
2025-12-31 12:30:20,855 [INFO] IPUIPlugin:80 - create IPUIPlugin
2025-12-31 12:30:20,855 [INFO] IPUIPlugin:80 - create IPUIPlugin
2025-12-31 12:30:20,855 [INFO] IPUIPlugin:80 - create IPUIPlugin
2025-12-31 12:30:20,855 [INFO] IPUIPlugin:80 - create IPUIPlugin
2025-12-31 12:30:20,855 [INFO] IPUIPlugin:80 - create IPUIPlugin
2025-12-31 12:30:20,861 [INFO] IPUIPlugin:80 - create IPUIPlugin
2025-12-31 12:30:20,861 [INFO] IPUIPlugin:80 - create IPUIPlugin
2025-12-31 12:30:20,861 [INFO] IPUIPlugin:80 - create IPUIPlugin
2025-12-31 12:30:20,861 [INFO] IPUIPlugin:80 - create IPUIPlugin
2025-12-31 12:30:20,861 [INFO] IPUIPlugin:80 - create IPUIPlugin
2025-12-31 12:30:20,865 [INFO] IPUIPlugin:80 - create IPUIPlugin
2025-12-31 12:30:20,867 [INFO] IPUIPlugin:80 - create IPUIPlugin
2025-12-31 12:30:20,868 [INFO] IPUIPlugin:80 - create IPUIPlugin
2025-12-31 12:30:21,272 [INFO] ApiDbMcu:532 - Load IP Config File for PDM2PCM
2025-12-31 12:30:22,010 [INFO] CADModel:165 - CPN selected for project levelSTM32F756ZGT6
2025-12-31 12:30:22,010 [INFO] CADModel:114 - Register for checkConnection events
2025-12-31 12:30:22,063 [INFO] OpenFileManager:386 - Restore cursor
2025-12-31 12:30:22,612 [WARN] IP:2250 - Warning not found: check if there is a RefParameter without a condition.
2025-12-31 12:30:22,612 [WARN] IP:2250 - RxBufferAddress not found: check if there is a RefParameter without a condition.
2025-12-31 12:30:22,612 [WARN] IP:2250 - DESC_SIZE_UNIT not found: check if there is a RefParameter without a condition.
2025-12-31 12:30:22,612 [WARN] IP:2250 - Warning not found: check if there is a RefParameter without a condition.
2025-12-31 12:30:22,612 [WARN] IP:2250 - RxBufferAddress not found: check if there is a RefParameter without a condition.
2025-12-31 12:30:22,612 [WARN] IP:2250 - DESC_SIZE_UNIT not found: check if there is a RefParameter without a condition.
2025-12-31 12:30:25,957 [INFO] LogOutputStream:77 - [STDOUT_REDIRECT] 
2025-12-31 12:30:26,747 [INFO] McuFinderGlobals:63 - Set McuFinder mode to 2 (CubeIDE integrated)
2025-12-31 12:30:26,748 [INFO] UserAuth:487 - Internet connection configuration mode: 1
2025-12-31 12:30:26,779 [INFO] JxBrowserEngine:152 - Initiate JxBrowser Engine with user profile folder
2025-12-31 12:30:28,451 [INFO] WebApp:169 - Instantiating new browser for Auth
2025-12-31 12:30:29,859 [INFO] WebApp:463 - Apply proxy settings
2025-12-31 12:30:29,860 [INFO] WebApp:548 - Chromium requires no authentication
2025-12-31 12:30:29,876 [INFO] WebApp:491 - Direct internet connection detected
2025-12-31 12:30:29,917 [INFO] WebApp:900 - Register for checkConnection events
2025-12-31 12:30:29,918 [INFO] WebApp:463 - Apply proxy settings
2025-12-31 12:30:29,918 [INFO] WebApp:548 - Chromium requires no authentication
2025-12-31 12:30:29,918 [INFO] WebApp:491 - Direct internet connection detected
2025-12-31 12:30:30,221 [INFO] WebApp:191 - Connection restablished
2025-12-31 12:30:30,338 [INFO] WebApp:225 - Starting web application
2025-12-31 12:30:30,338 [INFO] WebApp:593 - Web application path used C:\ST\STM32CubeIDE_1.19.0\STM32CubeIDE\plugins\com.st.stm32cube.common.mx_6.15.0.202507011659\db\plugins\mcufinder\reactClient1\index.html
2025-12-31 12:30:30,852 [INFO] UserAuth:487 - Internet connection configuration mode: 1
2025-12-31 12:31:34,388 [INFO] I2cTimingTraitement:330 - 0x00808CD2
2025-12-31 12:31:34,569 [WARN] IP:2250 - Warning not found: check if there is a RefParameter without a condition.
2025-12-31 12:31:34,570 [WARN] IP:2250 - RxBufferAddress not found: check if there is a RefParameter without a condition.
2025-12-31 12:31:34,570 [WARN] IP:2250 - DESC_SIZE_UNIT not found: check if there is a RefParameter without a condition.
2025-12-31 12:31:34,571 [WARN] IP:2250 - Warning not found: check if there is a RefParameter without a condition.
2025-12-31 12:31:34,571 [WARN] IP:2250 - RxBufferAddress not found: check if there is a RefParameter without a condition.
2025-12-31 12:31:34,571 [WARN] IP:2250 - DESC_SIZE_UNIT not found: check if there is a RefParameter without a condition.
2025-12-31 12:32:32,892 [INFO] UtilMem:75 - End SaveConfig() Used Memory: 696539480 Bytes (1073741824)
2025-12-31 12:32:36,965 [INFO] UtilMem:75 - End SaveConfig() Used Memory: 730814928 Bytes (1073741824)
2025-12-31 13:37:50,319 [INFO] Activator:176 - 


2025-12-31 13:37:50,325 [INFO] Activator:177 - !SESSION log4j initialized
2025-12-31 13:37:53,627 [INFO] ApplicationProperties:184 - Using Application install path: C:\ST\STM32CubeIDE_1.19.0\STM32CubeIDE\plugins\com.st.stm32cube.common.mx_6.15.0.202507011659
2025-12-31 13:37:53,637 [INFO] DbMcusXml:78 - Set database path to: C:\ST\STM32CubeIDE_1.19.0\STM32CubeIDE\plugins\com.st.stm32cube.common.mx_6.15.0.202507011659\\db\/mcu/
2025-12-31 13:37:53,637 [INFO] ApiDb:274 - Set plugin database path to: C:\ST\STM32CubeIDE_1.19.0\STM32CubeIDE\plugins\com.st.stm32cube.common.mx_6.15.0.202507011659\\db\/plugins/boardmanager/
2025-12-31 13:37:53,637 [WARN] ApiDb:259 - Overriding images path with different value:  => C:\ST\STM32CubeIDE_1.19.0\STM32CubeIDE\plugins\com.st.stm32cube.common.mx_6.15.0.202507011659\\db\/plugins/mcufinder/images/
2025-12-31 13:37:53,647 [INFO] ApiDb:250 - Set database path to: C:\Users\Marom Keren\.stmcufinder\plugins\mcufinder//mcu/
2025-12-31 13:37:53,647 [INFO] DbMcusAds:125 - Set database path to: C:\Users\Marom Keren\.stmcufinder\plugins\mcufinder//mcu/
2025-12-31 13:37:53,711 [INFO] CrossReferenceDbSqlite:203 - Set database path to: C:\Users\Marom Keren\.stmcufinder\plugins\mcufinder//mcu/cs/
2025-12-31 13:37:53,886 [INFO] RulesReader:64 - Compatibility file has been processed (317 Rules)
2025-12-31 13:37:54,039 [INFO] DbMcusXml:78 - Set database path to: C:\ST\STM32CubeIDE_1.19.0\STM32CubeIDE\plugins\com.st.stm32cube.common.mx_6.15.0.202507011659\\db\/mcu/
2025-12-31 13:37:54,039 [INFO] ApiDb:274 - Set plugin database path to: C:\ST\STM32CubeIDE_1.19.0\STM32CubeIDE\plugins\com.st.stm32cube.common.mx_6.15.0.202507011659\\db\/plugins/boardmanager/
2025-12-31 13:37:54,039 [INFO] ApiDb:261 - Set plugin images path to: C:\ST\STM32CubeIDE_1.19.0\STM32CubeIDE\plugins\com.st.stm32cube.common.mx_6.15.0.202507011659\\db\/plugins/mcufinder/images/
2025-12-31 13:37:54,039 [WARN] DbFile:41 - Overriding database path with different value: C:\Users\Marom Keren\.stmcufinder\plugins\mcufinder/ => C:\Users\Marom Keren\.stmcufinder\plugins\mcufinder
2025-12-31 13:37:54,039 [INFO] ApiDb:250 - Set database path to: C:\Users\Marom Keren\.stmcufinder\plugins\mcufinder//mcu/
2025-12-31 13:37:54,039 [WARN] DbFile:41 - Overriding database path with different value: C:\Users\Marom Keren\.stmcufinder\plugins\mcufinder/ => C:\Users\Marom Keren\.stmcufinder\plugins\mcufinder
2025-12-31 13:37:54,039 [INFO] DbMcusAds:125 - Set database path to: C:\Users\Marom Keren\.stmcufinder\plugins\mcufinder//mcu/
2025-12-31 13:37:54,039 [WARN] DbFile:41 - Overriding database path with different value: C:\Users\Marom Keren\.stmcufinder\plugins\mcufinder/ => C:\Users\Marom Keren\.stmcufinder\plugins\mcufinder
2025-12-31 13:37:54,039 [WARN] DbFile:41 - Overriding database path with different value: C:\Users\Marom Keren\.stmcufinder\plugins\mcufinder/ => C:\Users\Marom Keren\.stmcufinder\plugins\mcufinder
2025-12-31 13:37:54,039 [INFO] CrossReferenceDbSqlite:203 - Set database path to: C:\Users\Marom Keren\.stmcufinder\plugins\mcufinder//mcu/cs/
2025-12-31 13:37:54,153 [INFO] MainPanel:274 - HeapMemory: 268435456
2025-12-31 13:37:54,339 [INFO] DbMcusXml:78 - Set database path to: C:\ST\STM32CubeIDE_1.19.0\STM32CubeIDE\plugins\com.st.stm32cube.common.mx_6.15.0.202507011659\\db\/mcu/
2025-12-31 13:37:54,339 [INFO] ApiDb:274 - Set plugin database path to: C:\ST\STM32CubeIDE_1.19.0\STM32CubeIDE\plugins\com.st.stm32cube.common.mx_6.15.0.202507011659\\db\/plugins/boardmanager/
2025-12-31 13:37:54,339 [INFO] ApiDb:261 - Set plugin images path to: C:\ST\STM32CubeIDE_1.19.0\STM32CubeIDE\plugins\com.st.stm32cube.common.mx_6.15.0.202507011659\\db\/plugins/mcufinder/images/
2025-12-31 13:37:54,349 [WARN] DbFile:41 - Overriding database path with different value: C:\Users\Marom Keren\.stmcufinder\plugins\mcufinder/ => C:\Users\Marom Keren\.stmcufinder\plugins\mcufinder
2025-12-31 13:37:54,349 [INFO] ApiDb:250 - Set database path to: C:\Users\Marom Keren\.stmcufinder\plugins\mcufinder//mcu/
2025-12-31 13:37:54,349 [WARN] DbFile:41 - Overriding database path with different value: C:\Users\Marom Keren\.stmcufinder\plugins\mcufinder/ => C:\Users\Marom Keren\.stmcufinder\plugins\mcufinder
2025-12-31 13:37:54,349 [INFO] DbMcusAds:125 - Set database path to: C:\Users\Marom Keren\.stmcufinder\plugins\mcufinder//mcu/
2025-12-31 13:37:54,349 [WARN] DbFile:41 - Overriding database path with different value: C:\Users\Marom Keren\.stmcufinder\plugins\mcufinder/ => C:\Users\Marom Keren\.stmcufinder\plugins\mcufinder
2025-12-31 13:37:54,349 [WARN] DbFile:41 - Overriding database path with different value: C:\Users\Marom Keren\.stmcufinder\plugins\mcufinder/ => C:\Users\Marom Keren\.stmcufinder\plugins\mcufinder
2025-12-31 13:37:54,349 [INFO] CrossReferenceDbSqlite:203 - Set database path to: C:\Users\Marom Keren\.stmcufinder\plugins\mcufinder//mcu/cs/
2025-12-31 13:37:54,375 [INFO] ApplicationProperties:184 - Using Application install path: C:\ST\STM32CubeIDE_1.19.0\STM32CubeIDE\plugins\com.st.stm32cube.common.mx_6.15.0.202507011659
2025-12-31 13:37:54,381 [INFO] PluginManage:196 - Search for loadable plugins [exclusion list=, ]
2025-12-31 13:37:54,381 [INFO] PluginManage:310 - Check plugin analytics
2025-12-31 13:37:54,959 [INFO] AnalyticsPlugin:253 - Accepted Software Licenses: STM32CubeMX.6.13.0
2025-12-31 13:37:54,959 [INFO] AnalyticsPlugin:255 - Accepted CMSIS Pack Licenses: STMicroelectronics.X-CUBE-AZRTOS-F7.1.1.0,STMicroelectronics.X-CUBE-AZRTOS-F7.1.0.0
2025-12-31 13:37:54,959 [INFO] AnalyticsPlugin:257 - Accepted Firmware Licenses: FW.F7.1.17.0
2025-12-31 13:37:54,965 [INFO] PluginManage:359 - Loaded plugin analytics (category:tool,tabindex:-1)
2025-12-31 13:37:54,974 [INFO] PluginManage:310 - Check plugin cadmodel
2025-12-31 13:37:54,985 [INFO] CADModel:105 - Init CAD model plugin
2025-12-31 13:37:54,985 [INFO] PluginManage:359 - Loaded plugin cadmodel (category:power,tabindex:5)
2025-12-31 13:37:54,987 [INFO] PluginManage:310 - Check plugin clock
2025-12-31 13:37:55,021 [INFO] PluginManage:359 - Loaded plugin clock (category:base,tabindex:2)
2025-12-31 13:37:55,021 [INFO] PluginManage:310 - Check plugin ddr
2025-12-31 13:37:55,030 [INFO] PluginManage:359 - Loaded plugin ddr (category:tool,tabindex:6)
2025-12-31 13:37:55,030 [INFO] PluginManage:310 - Check plugin filemanager
2025-12-31 13:37:55,339 [INFO] PluginManage:359 - Loaded plugin filemanager (category:base,tabindex:10)
2025-12-31 13:37:55,339 [INFO] PluginManage:310 - Check plugin ipmanager
2025-12-31 13:37:55,359 [INFO] PluginManage:359 - Loaded plugin ipmanager (category:base,tabindex:5)
2025-12-31 13:37:55,359 [INFO] PluginManage:310 - Check plugin lpbam
2025-12-31 13:37:55,372 [INFO] PluginManage:359 - Loaded plugin lpbam (category:base,tabindex:0)
2025-12-31 13:37:55,372 [INFO] PluginManage:310 - Check plugin memorymap
2025-12-31 13:37:55,400 [INFO] PluginManage:359 - Loaded plugin memorymap (category:base,tabindex:4)
2025-12-31 13:37:55,400 [INFO] PluginManage:310 - Check plugin pinoutandconfiguration
2025-12-31 13:37:55,410 [INFO] PluginManage:359 - Loaded plugin pinoutandconfiguration (category:base,tabindex:1)
2025-12-31 13:37:55,410 [INFO] PluginManage:310 - Check plugin pinoutconfig
2025-12-31 13:37:55,578 [WARN] SupportedApi:132 - Cannot load RTOS API schema: s4s-elt-must-match.1: The content of 'definitions' must match (annotation?, (simpleType | complexType)?, (unique | key | keyref)*)). A problem was found starting at: attribute.
2025-12-31 13:37:55,794 [INFO] PluginManage:359 - Loaded plugin pinoutconfig (category:base,tabindex:0)
2025-12-31 13:37:55,794 [INFO] PluginManage:310 - Check plugin power
2025-12-31 13:37:55,814 [INFO] PluginManage:359 - Loaded plugin power (category:power,tabindex:4)
2025-12-31 13:37:55,814 [INFO] PluginManage:310 - Check plugin projectmanager
2025-12-31 13:37:55,845 [INFO] PluginManage:359 - Loaded plugin projectmanager (category:projectmanager,tabindex:4)
2025-12-31 13:37:55,848 [INFO] PluginManage:310 - Check plugin rif
2025-12-31 13:37:55,855 [INFO] PluginManage:359 - Loaded plugin rif (category:base,tabindex:3)
2025-12-31 13:37:55,855 [INFO] PluginManage:310 - Check plugin thirdparty
2025-12-31 13:37:56,141 [WARN] IntegrityCheckThread:84 - waiting for thirdparty lock release [integrity check]
2025-12-31 13:37:56,141 [INFO] IntegrityCheckThread:86 - entering critical section [integrity check]
2025-12-31 13:37:56,141 [INFO] ThirdPartyUpdaterWithRetryManager:70 - Updater plugin not ready yet. [1/15]
2025-12-31 13:37:56,141 [INFO] PluginManage:359 - Loaded plugin thirdparty (category:base,tabindex:-1)
2025-12-31 13:37:56,143 [INFO] PluginManage:310 - Check plugin tools
2025-12-31 13:37:56,148 [INFO] PluginManage:359 - Loaded plugin tools (category:base,tabindex:7)
2025-12-31 13:37:56,152 [INFO] PluginManage:310 - Check plugin tutovideos
2025-12-31 13:37:56,657 [INFO] PluginManage:359 - Loaded plugin tutovideos (category:base,tabindex:-1)
2025-12-31 13:37:56,657 [INFO] PluginManage:310 - Check plugin updater
2025-12-31 13:37:56,688 [INFO] PluginManage:359 - Loaded plugin updater (category:base,tabindex:12)
2025-12-31 13:37:56,698 [INFO] PluginManage:310 - Check plugin userauth
2025-12-31 13:37:56,698 [INFO] UserAuth:118 - Init User Auth plugin
2025-12-31 13:37:56,704 [INFO] PluginManage:359 - Loaded plugin userauth (category:base,tabindex:14)
2025-12-31 13:37:56,706 [INFO] PluginManage:283 - PluginManage : Loaded plugins [18]
2025-12-31 13:37:57,088 [INFO] PinOutPanel:1589 - setPackage(No Configuration,No Configuration)
2025-12-31 13:37:57,237 [INFO] CADModel:165 - CPN selected for project level
2025-12-31 13:37:57,237 [INFO] CADModel:114 - Register for checkConnection events
2025-12-31 13:37:57,271 [INFO] IPUIPlugin:80 - create IPUIPlugin
2025-12-31 13:37:57,271 [INFO] PluginManager:220 - loadIPPluginJar : add adc
2025-12-31 13:37:57,275 [INFO] IPUIPlugin:80 - create IPUIPlugin
2025-12-31 13:37:57,275 [INFO] PluginManager:220 - loadIPPluginJar : add aes
2025-12-31 13:37:57,281 [INFO] IPUIPlugin:80 - create IPUIPlugin
2025-12-31 13:37:57,281 [INFO] PluginManager:220 - loadIPPluginJar : add can
2025-12-31 13:37:57,288 [INFO] IPUIPlugin:80 - create IPUIPlugin
2025-12-31 13:37:57,288 [INFO] PluginManager:220 - loadIPPluginJar : add comp
2025-12-31 13:37:57,296 [INFO] IPUIPlugin:80 - create IPUIPlugin
2025-12-31 13:37:57,296 [INFO] PluginManager:220 - loadIPPluginJar : add cryp
2025-12-31 13:37:57,300 [INFO] IPUIPlugin:80 - create IPUIPlugin
2025-12-31 13:37:57,301 [INFO] PluginManager:220 - loadIPPluginJar : add ddr_ctrl_phy
2025-12-31 13:37:57,303 [INFO] IPUIPlugin:80 - create IPUIPlugin
2025-12-31 13:37:57,303 [INFO] PluginManager:220 - loadIPPluginJar : add dfsdm
2025-12-31 13:37:57,315 [INFO] IPUIPlugin:80 - create IPUIPlugin
2025-12-31 13:37:57,317 [INFO] PluginManager:220 - loadIPPluginJar : add dma
2025-12-31 13:37:57,321 [INFO] IPUIPlugin:80 - create IPUIPlugin
2025-12-31 13:37:57,321 [INFO] PluginManager:220 - loadIPPluginJar : add dma3
2025-12-31 13:37:57,321 [INFO] IPUIPlugin:80 - create IPUIPlugin
2025-12-31 13:37:57,321 [INFO] PluginManager:220 - loadIPPluginJar : add extmemmanager
2025-12-31 13:37:57,331 [INFO] IPUIPlugin:80 - create IPUIPlugin
2025-12-31 13:37:57,333 [INFO] PluginManager:220 - loadIPPluginJar : add fatfs
2025-12-31 13:37:57,342 [INFO] IPUIPlugin:80 - create IPUIPlugin
2025-12-31 13:37:57,342 [INFO] PluginManager:220 - loadIPPluginJar : add fmc
2025-12-31 13:37:57,358 [INFO] IPUIPlugin:80 - create IPUIPlugin
2025-12-31 13:37:57,358 [INFO] PluginManager:220 - loadIPPluginJar : add freertos
2025-12-31 13:37:57,362 [INFO] IPUIPlugin:80 - create IPUIPlugin
2025-12-31 13:37:57,362 [INFO] PluginManager:220 - loadIPPluginJar : add genericplugin
2025-12-31 13:37:57,362 [INFO] IPUIPlugin:80 - create IPUIPlugin
2025-12-31 13:37:57,362 [INFO] PluginManager:220 - loadIPPluginJar : add gfxmmu
2025-12-31 13:37:57,374 [INFO] IPUIPlugin:80 - create IPUIPlugin
2025-12-31 13:37:57,374 [INFO] PluginManager:220 - loadIPPluginJar : add gic
2025-12-31 13:37:57,376 [INFO] IPUIPlugin:80 - create IPUIPlugin
2025-12-31 13:37:57,376 [INFO] PluginManager:220 - loadIPPluginJar : add gpio
2025-12-31 13:37:57,383 [INFO] IPUIPlugin:80 - create IPUIPlugin
2025-12-31 13:37:57,383 [INFO] PluginManager:220 - loadIPPluginJar : add gtzc
2025-12-31 13:37:57,389 [INFO] IPUIPlugin:80 - create IPUIPlugin
2025-12-31 13:37:57,389 [INFO] PluginManager:220 - loadIPPluginJar : add hash
2025-12-31 13:37:57,397 [INFO] IPUIPlugin:80 - create IPUIPlugin
2025-12-31 13:37:57,397 [INFO] PluginManager:220 - loadIPPluginJar : add i2c
2025-12-31 13:37:57,401 [INFO] IPUIPlugin:80 - create IPUIPlugin
2025-12-31 13:37:57,401 [INFO] PluginManager:220 - loadIPPluginJar : add i2s
2025-12-31 13:37:57,403 [INFO] IPUIPlugin:80 - create IPUIPlugin
2025-12-31 13:37:57,403 [INFO] PluginManager:220 - loadIPPluginJar : add i3c
2025-12-31 13:37:57,403 [INFO] IPUIPlugin:80 - create IPUIPlugin
2025-12-31 13:37:57,403 [INFO] PluginManager:220 - loadIPPluginJar : add ipddr
2025-12-31 13:37:57,424 [INFO] IPUIPlugin:80 - create IPUIPlugin
2025-12-31 13:37:57,424 [INFO] PluginManager:220 - loadIPPluginJar : add linkedlist
2025-12-31 13:37:57,424 [INFO] IPUIPlugin:80 - create IPUIPlugin
2025-12-31 13:37:57,424 [INFO] PluginManager:220 - loadIPPluginJar : add lorawan
2025-12-31 13:37:57,434 [INFO] IPUIPlugin:80 - create IPUIPlugin
2025-12-31 13:37:57,434 [INFO] PluginManager:220 - loadIPPluginJar : add ltdc
2025-12-31 13:37:57,445 [INFO] IPUIPlugin:80 - create IPUIPlugin
2025-12-31 13:37:57,445 [INFO] PluginManager:220 - loadIPPluginJar : add mdma
2025-12-31 13:37:57,454 [INFO] IPUIPlugin:80 - create IPUIPlugin
2025-12-31 13:37:57,456 [INFO] PluginManager:220 - loadIPPluginJar : add nvic
2025-12-31 13:37:57,460 [INFO] IPUIPlugin:80 - create IPUIPlugin
2025-12-31 13:37:57,460 [INFO] PluginManager:220 - loadIPPluginJar : add opamp
2025-12-31 13:37:57,467 [INFO] IPUIPlugin:80 - create IPUIPlugin
2025-12-31 13:37:57,467 [INFO] PluginManager:220 - loadIPPluginJar : add openamp
2025-12-31 13:37:57,475 [INFO] IPUIPlugin:80 - create IPUIPlugin
2025-12-31 13:37:57,475 [INFO] PluginManager:220 - loadIPPluginJar : add pdm2pcm
2025-12-31 13:37:57,489 [INFO] IPUIPlugin:80 - create IPUIPlugin
2025-12-31 13:37:57,497 [INFO] PluginManager:220 - loadIPPluginJar : add plateformsettings
2025-12-31 13:37:57,499 [INFO] IPUIPlugin:80 - create IPUIPlugin
2025-12-31 13:37:57,499 [INFO] PluginManager:220 - loadIPPluginJar : add quadspi
2025-12-31 13:37:57,503 [INFO] IPUIPlugin:80 - create IPUIPlugin
2025-12-31 13:37:57,505 [INFO] PluginManager:220 - loadIPPluginJar : add radio
2025-12-31 13:37:57,515 [INFO] IPUIPlugin:80 - create IPUIPlugin
2025-12-31 13:37:57,515 [INFO] PluginManager:220 - loadIPPluginJar : add resmgrutility
2025-12-31 13:37:57,527 [INFO] IPUIPlugin:80 - create IPUIPlugin
2025-12-31 13:37:57,527 [INFO] PluginManager:220 - loadIPPluginJar : add sai
2025-12-31 13:37:57,533 [INFO] IPUIPlugin:80 - create IPUIPlugin
2025-12-31 13:37:57,533 [INFO] PluginManager:220 - loadIPPluginJar : add spi
2025-12-31 13:37:57,546 [INFO] IPUIPlugin:80 - create IPUIPlugin
2025-12-31 13:37:57,546 [INFO] PluginManager:220 - loadIPPluginJar : add stm32_wpan
2025-12-31 13:37:57,546 [INFO] IPUIPlugin:80 - create IPUIPlugin
2025-12-31 13:37:57,546 [INFO] PluginManager:220 - loadIPPluginJar : add tim
2025-12-31 13:37:57,556 [INFO] IPUIPlugin:80 - create IPUIPlugin
2025-12-31 13:37:57,556 [INFO] PluginManager:220 - loadIPPluginJar : add touchsensing
2025-12-31 13:37:57,564 [INFO] IPUIPlugin:80 - create IPUIPlugin
2025-12-31 13:37:57,564 [INFO] PluginManager:220 - loadIPPluginJar : add tracer_emb
2025-12-31 13:37:57,568 [INFO] IPUIPlugin:80 - create IPUIPlugin
2025-12-31 13:37:57,568 [INFO] PluginManager:220 - loadIPPluginJar : add ts
2025-12-31 13:37:57,574 [INFO] IPUIPlugin:80 - create IPUIPlugin
2025-12-31 13:37:57,574 [INFO] PluginManager:220 - loadIPPluginJar : add tsc
2025-12-31 13:37:57,578 [INFO] IPUIPlugin:80 - create IPUIPlugin
2025-12-31 13:37:57,578 [INFO] PluginManager:220 - loadIPPluginJar : add ucpd
2025-12-31 13:37:57,584 [INFO] IPUIPlugin:80 - create IPUIPlugin
2025-12-31 13:37:57,584 [INFO] PluginManager:220 - loadIPPluginJar : add usart
2025-12-31 13:37:57,594 [INFO] IPUIPlugin:80 - create IPUIPlugin
2025-12-31 13:37:57,594 [INFO] PluginManager:220 - loadIPPluginJar : add usbx
2025-12-31 13:37:57,795 [FATAL] Updater:351 - Updater called before beeing initialized
2025-12-31 13:37:57,837 [INFO] RulesReader:64 - Compatibility file has been processed (317 Rules)
2025-12-31 13:37:57,857 [INFO] RulesReader:64 - Compatibility file has been processed (317 Rules)
2025-12-31 13:37:57,882 [INFO] CADModel:165 - CPN selected for project level
2025-12-31 13:37:57,882 [INFO] CADModel:114 - Register for checkConnection events
2025-12-31 13:37:57,882 [FATAL] Updater:351 - Updater called before beeing initialized
2025-12-31 13:37:57,882 [ERROR] CADModel:125 - Updater not yet initialized, retry later 
2025-12-31 13:37:58,148 [FATAL] Updater:351 - Updater called before beeing initialized
2025-12-31 13:37:58,159 [INFO] CADModel:165 - CPN selected for project level
2025-12-31 13:37:58,159 [INFO] CADModel:114 - Register for checkConnection events
2025-12-31 13:37:58,159 [FATAL] Updater:351 - Updater called before beeing initialized
2025-12-31 13:37:58,159 [ERROR] CADModel:125 - Updater not yet initialized, retry later 
2025-12-31 13:37:58,159 [FATAL] Updater:351 - Updater called before beeing initialized
2025-12-31 13:37:58,364 [FATAL] Updater:351 - Updater called before beeing initialized
2025-12-31 13:37:58,374 [INFO] DbMcusAds:53 - JSON generation date=Fri Dec 05 04:13:14 EST 2025 (1764925994673)
2025-12-31 13:37:58,374 [FATAL] Updater:351 - Updater called before beeing initialized
2025-12-31 13:37:58,425 [WARN] DetailPanel:346 - Failed to get advertising image, set to default
2025-12-31 13:37:58,560 [FATAL] Updater:351 - Updater called before beeing initialized
2025-12-31 13:37:58,560 [FATAL] Updater:351 - Updater called before beeing initialized
2025-12-31 13:37:58,560 [FATAL] Updater:351 - Updater called before beeing initialized
2025-12-31 13:37:58,560 [WARN] DetailPanel:346 - Failed to get advertising image, set to default
2025-12-31 13:37:58,568 [FATAL] Updater:351 - Updater called before beeing initialized
2025-12-31 13:37:58,655 [ERROR] Updater:1198 - MainUpdater not yet initialized. External WinMGr cannot be set.
2025-12-31 13:37:58,662 [INFO] Updater:1134 - Updater Version found : 6.15.0
2025-12-31 13:37:58,692 [INFO] ApplicationProperties:184 - Using Application install path: C:\ST\STM32CubeIDE_1.19.0\STM32CubeIDE\plugins\com.st.stm32cube.common.mx_6.15.0.202507011659
2025-12-31 13:37:59,147 [INFO] ThirdPartyUpdaterWithRetryManager:70 - Updater plugin not ready yet. [2/15]
2025-12-31 13:37:59,529 [INFO] MainUpdater:2872 - connection check result : 10
2025-12-31 13:37:59,529 [INFO] MainUpdater:289 - Updater Check For Update Now.
2025-12-31 13:37:59,529 [INFO] MicroXplorer:498 - Change Database Version : DB.6.0.150
2025-12-31 13:37:59,807 [INFO] CheckServerUpdateThread:120 - End of CheckServer Thread
2025-12-31 13:37:59,983 [INFO] MainUpdater:2872 - connection check result : 10
2025-12-31 13:37:59,985 [INFO] MainUpdater:2872 - connection check result : 10
2025-12-31 13:38:00,085 [INFO] MicroXplorer:468 - Change Database Path : 
2025-12-31 13:38:00,088 [INFO] MicroXplorer:498 - Change Database Version : DB.6.0.150
2025-12-31 13:38:00,107 [WARN] ThirdParty:871 - waiting for thirdparty lock release [close project]
2025-12-31 13:38:02,668 [WARN] PackLoader:240 - Cannot read IP mode file for STMicroelectronics.FP-SNS-MOTENVWB1.1.4.0
2025-12-31 13:38:02,687 [WARN] PackLoader:240 - Cannot read IP mode file for STMicroelectronics.FP-ATR-ASTRA1.2.0.2
2025-12-31 13:38:02,723 [WARN] PackLoader:240 - Cannot read IP mode file for STMicroelectronics.X-CUBE-SMBUS.2.1.0
2025-12-31 13:38:02,730 [WARN] PackLoader:240 - Cannot read IP mode file for STMicroelectronics.X-CUBE-ST60.1.0.0
2025-12-31 13:38:02,780 [WARN] PackLoader:240 - Cannot read IP mode file for STMicroelectronics.X-CUBE-AZRTOS-F7.1.1.0
2025-12-31 13:38:03,165 [WARN] PackLoader:240 - Cannot read IP mode file for STMicroelectronics.FP-SNS-MOTENV1.5.1.0
2025-12-31 13:38:03,190 [WARN] PackLoader:240 - Cannot read IP mode file for WES.I-CUBE-Cesium.1.4.0
2025-12-31 13:38:03,232 [WARN] PackLoader:240 - Cannot read IP mode file for Infineon.AIROC-Wi-Fi-Bluetooth-STM32.1.7.1
2025-12-31 13:38:03,306 [WARN] PackLoader:240 - Cannot read IP mode file for STMicroelectronics.X-CUBE-AZRTOS-H7.3.4.0
2025-12-31 13:38:03,327 [WARN] PackLoader:240 - Cannot read IP mode file for STMicroelectronics.X-CUBE-DISPLAY.3.0.0
2025-12-31 13:38:03,359 [WARN] PackLoader:240 - Cannot read IP mode file for STMicroelectronics.X-CUBE-NFC10.1.0.0
2025-12-31 13:38:03,373 [WARN] PackLoader:240 - Cannot read IP mode file for STMicroelectronics.X-CUBE-ST60.1.1.0
2025-12-31 13:38:03,381 [WARN] PackLoader:240 - Cannot read IP mode file for emotas.I-CUBE-CANOPEN.1.3.0
2025-12-31 13:38:03,394 [WARN] PackLoader:240 - Cannot read IP mode file for STMicroelectronics.X-CUBE-GNSS1.7.1.0
2025-12-31 13:38:03,399 [WARN] ConditionMgr:438 - getConditionDescription Invalid condition id : Cortex-A Device cause : null
2025-12-31 13:38:03,409 [WARN] ConditionMgr:1044 - genDependencies : Invalid condition id : Cortex-A Device cause : null
2025-12-31 13:38:03,409 [WARN] ConditionMgr:1044 - genDependencies : Invalid condition id : Cortex-A Device cause : null
2025-12-31 13:38:03,409 [WARN] ConditionMgr:1044 - genDependencies : Invalid condition id : Cortex-A Device cause : null
2025-12-31 13:38:03,417 [WARN] PackLoader:240 - Cannot read IP mode file for STMicroelectronics.FP-SNS-STBOX1.2.1.0
2025-12-31 13:38:03,427 [WARN] PackLoader:240 - Cannot read IP mode file for STMicroelectronics.FP-SNS-SMARTAG2.1.2.0
2025-12-31 13:38:03,444 [WARN] PackLoader:240 - Cannot read IP mode file for STMicroelectronics.FP-SNS-FLIGHT1.5.1.0
2025-12-31 13:38:03,458 [INFO] LogOutputStream:77 - [STDOUT_REDIRECT] 1 : Invalid condition id : UX_CORESTACK_Condition cause : null
2025-12-31 13:38:03,458 [INFO] LogOutputStream:77 - [STDOUT_REDIRECT] 1 : Invalid condition id : UX_CORESTACK_Condition cause : null
2025-12-31 13:38:03,458 [INFO] LogOutputStream:77 - [STDOUT_REDIRECT] 1 : Invalid condition id : UX_CORESTACK_Condition cause : null
2025-12-31 13:38:03,458 [INFO] LogOutputStream:77 - [STDOUT_REDIRECT] 1 : Invalid condition id : UX_CORESTACK_Condition cause : null
2025-12-31 13:38:03,468 [INFO] LogOutputStream:77 - [STDOUT_REDIRECT] 1 : Invalid condition id : UX_CORESTACK_Condition cause : null
2025-12-31 13:38:03,468 [WARN] PackLoader:240 - Cannot read IP mode file for STMicroelectronics.X-CUBE-AZRTOS-WL.2.0.0
2025-12-31 13:38:03,478 [WARN] PackLoader:240 - Cannot read IP mode file for STMicroelectronics.FP-SNS-MOTENV1.5.0.0
2025-12-31 13:38:03,508 [WARN] PackLoader:240 - Cannot read IP mode file for STMicroelectronics.X-CUBE-AZRTOS-H7RS.1.2.0
2025-12-31 13:38:03,522 [WARN] PackLoader:240 - Cannot read IP mode file for WES.I-CUBE-Cesium.1.3.0
2025-12-31 13:38:03,531 [WARN] PackLoader:240 - Cannot read IP mode file for STMicroelectronics.X-CUBE-BLE2.3.3.0
2025-12-31 13:38:03,579 [WARN] PackLoader:240 - Cannot read IP mode file for Infineon.AIROC-Wi-Fi-Bluetooth-STM32.1.8.0
2025-12-31 13:38:03,607 [WARN] PackLoader:240 - Cannot read IP mode file for STMicroelectronics.X-CUBE-NFC9.1.0.0
2025-12-31 13:38:03,620 [WARN] PackLoader:240 - Cannot read IP mode file for wolfSSL.I-CUBE-wolfSSL.5.8.0
2025-12-31 13:38:03,632 [WARN] PackLoader:240 - Cannot read IP mode file for STMicroelectronics.X-CUBE-BLE1.7.1.0
2025-12-31 13:38:03,640 [WARN] PackLoader:240 - Cannot read IP mode file for wolfSSL.I-CUBE-wolfMQTT.1.19.2
2025-12-31 13:38:03,652 [WARN] PackLoader:240 - Cannot read IP mode file for STMicroelectronics.X-CUBE-FREERTOS.1.4.0
2025-12-31 13:38:03,662 [WARN] PackLoader:240 - Cannot read IP mode file for STMicroelectronics.X-CUBE-EEPRMA1.5.2.0
2025-12-31 13:38:03,674 [WARN] PackLoader:240 - Cannot read IP mode file for wolfSSL.I-CUBE-wolfSSL.5.8.4
2025-12-31 13:38:03,683 [WARN] PackLoader:240 - Cannot read IP mode file for Cesanta.I-CUBE-Mongoose.7.20.0
2025-12-31 13:38:03,691 [WARN] PackLoader:240 - Cannot read IP mode file for STMicroelectronics.X-CUBE-ST67W61.1.1.0
2025-12-31 13:38:03,703 [WARN] PackLoader:240 - Cannot read IP mode file for STMicroelectronics.X-CUBE-AI.10.1.0
2025-12-31 13:38:03,776 [WARN] PackLoader:240 - Cannot read IP mode file for STMicroelectronics.X-CUBE-MEMS1.12.0.0
2025-12-31 13:38:03,952 [WARN] PackLoader:240 - Cannot read IP mode file for STMicroelectronics.X-CUBE-AZRTOS-G0.1.1.0
2025-12-31 13:38:03,962 [WARN] PackLoader:240 - Cannot read IP mode file for STMicroelectronics.X-CUBE-SAFEA1.1.2.2
2025-12-31 13:38:03,975 [WARN] PackLoader:240 - Cannot read IP mode file for STMicroelectronics.X-CUBE-NFC4.3.0.0
2025-12-31 13:38:03,988 [WARN] PackLoader:240 - Cannot read IP mode file for EmbeddedOffice.I-CUBE-FS-RTOS.1.0.1
2025-12-31 13:38:03,997 [WARN] PackLoader:240 - Cannot read IP mode file for STMicroelectronics.X-CUBE-WB05N.2.0.0
2025-12-31 13:38:04,004 [WARN] PackLoader:240 - Cannot read IP mode file for wolfSSL.I-CUBE-wolfTPM.3.8.0
2025-12-31 13:38:04,011 [WARN] PackLoader:240 - Cannot read IP mode file for STMicroelectronics.X-CUBE-TCPP.4.2.0
2025-12-31 13:38:04,017 [WARN] PackLoader:240 - Cannot read IP mode file for RealThread.X-CUBE-RT-Thread_Nano.4.1.1
2025-12-31 13:38:04,029 [WARN] PackLoader:240 - Cannot read IP mode file for STMicroelectronics.FP-ATR-SIGFOX1.3.2.0
2025-12-31 13:38:04,042 [WARN] PackLoader:240 - Cannot read IP mode file for ITTIA_DB.I-CUBE-ITTIADB.8.9.0
2025-12-31 13:38:04,048 [WARN] PackLoader:240 - Cannot read IP mode file for STMicroelectronics.X-CUBE-ST67W61.1.0.0
2025-12-31 13:38:04,052 [WARN] PackLoader:240 - Cannot read IP mode file for STMicroelectronics.X-CUBE-AI.10.2.0
2025-12-31 13:38:04,091 [WARN] PackLoader:240 - Cannot read IP mode file for SEGGER.I-CUBE-embOS.1.3.1
2025-12-31 13:38:04,136 [WARN] PackLoader:240 - Cannot read IP mode file for STMicroelectronics.X-CUBE-ALGOBUILD.1.4.0
2025-12-31 13:38:04,212 [WARN] PackLoader:240 - Cannot read IP mode file for STMicroelectronics.X-CUBE-MEMS1.11.3.0
2025-12-31 13:38:04,427 [WARN] PackLoader:240 - Cannot read IP mode file for STMicroelectronics.X-CUBE-PM33A1.1.0.0
2025-12-31 13:38:04,451 [WARN] PackLoader:240 - Cannot read IP mode file for STMicroelectronics.X-CUBE-AZRTOS-F4.1.1.0
2025-12-31 13:38:04,456 [WARN] PackLoader:240 - Cannot read IP mode file for Avnet-IotConnect.X-CUBE-IoTC-DA16k-PMOD.1.0.0
2025-12-31 13:38:04,465 [WARN] PackLoader:240 - Cannot read IP mode file for STMicroelectronics.X-CUBE-ISPU.2.1.0
2025-12-31 13:38:04,483 [WARN] PackLoader:240 - Cannot read IP mode file for STMicroelectronics.X-CUBE-IPS.3.2.0
2025-12-31 13:38:04,497 [WARN] PackLoader:240 - Cannot read IP mode file for STMicroelectronics.X-CUBE-NFC12.1.0.0
2025-12-31 13:38:04,515 [WARN] PackLoader:240 - Cannot read IP mode file for STMicroelectronics.X-CUBE-AZRTOS-L5.2.0.0
2025-12-31 13:38:04,529 [WARN] PackLoader:240 - Cannot read IP mode file for STMicroelectronics.X-CUBE-NFC6.3.1.0
2025-12-31 13:38:04,537 [WARN] PackLoader:240 - Cannot read IP mode file for STMicroelectronics.X-CUBE-FREERTOS.1.3.1
2025-12-31 13:38:04,544 [WARN] PackLoader:240 - Cannot read IP mode file for STMicroelectronics.X-CUBE-TOUCHGFX.4.26.0
2025-12-31 13:38:04,552 [WARN] PackLoader:240 - Cannot read IP mode file for STMicroelectronics.FP-SNS-STAIOTCFT.1.0.0
2025-12-31 13:38:04,562 [WARN] PackLoader:240 - Cannot read IP mode file for STMicroelectronics.X-CUBE-DPower.1.3.0
2025-12-31 13:38:04,586 [WARN] ConditionMgr:438 - getConditionDescription Invalid condition id : LAN8742 Phy interface Condition cause : null
2025-12-31 13:38:04,586 [WARN] PackLoader:240 - Cannot read IP mode file for STMicroelectronics.X-CUBE-AZRTOS-L4.2.0.0
2025-12-31 13:38:04,586 [WARN] ConditionMgr:1044 - genDependencies : Invalid condition id : LAN8742 Phy interface Condition cause : null
2025-12-31 13:38:04,586 [WARN] ConditionMgr:1044 - genDependencies : Invalid condition id : LAN8742 Phy interface Condition cause : null
2025-12-31 13:38:04,586 [WARN] ConditionMgr:1044 - genDependencies : Invalid condition id : LAN8742 Phy interface Condition cause : null
2025-12-31 13:38:04,595 [WARN] PackLoader:240 - Cannot read IP mode file for STMicroelectronics.X-CUBE-SFXS2LP1.4.0.0
2025-12-31 13:38:04,612 [WARN] PackLoader:240 - Cannot read IP mode file for STMicroelectronics.X-CUBE-BLEMGR.4.1.0
2025-12-31 13:38:04,626 [WARN] ConditionMgr:438 - getConditionDescription Invalid condition id : UX DEVICE CLASS RTOS Condition cause : null
2025-12-31 13:38:04,626 [WARN] ConditionMgr:438 - getConditionDescription Invalid condition id : UX DEVICE CLASS RTOS Condition cause : null
2025-12-31 13:38:04,626 [WARN] PackLoader:240 - Cannot read IP mode file for STMicroelectronics.X-CUBE-AZRTOS-WB.2.0.0
2025-12-31 13:38:04,626 [WARN] ConditionMgr:1044 - genDependencies : Invalid condition id : UX DEVICE CLASS RTOS Condition cause : null
2025-12-31 13:38:04,626 [WARN] ConditionMgr:1044 - genDependencies : Invalid condition id : UX DEVICE CLASS RTOS Condition cause : null
2025-12-31 13:38:04,626 [WARN] ConditionMgr:1044 - genDependencies : Invalid condition id : UX DEVICE CLASS RTOS Condition cause : null
2025-12-31 13:38:04,626 [WARN] ConditionMgr:1044 - genDependencies : Invalid condition id : UX DEVICE CLASS RTOS Condition cause : null
2025-12-31 13:38:04,626 [WARN] ConditionMgr:1044 - genDependencies : Invalid condition id : UX DEVICE CLASS RTOS Condition cause : null
2025-12-31 13:38:04,639 [WARN] PackLoader:240 - Cannot read IP mode file for STMicroelectronics.X-CUBE-GNSS1.7.0.1
2025-12-31 13:38:04,646 [WARN] PackLoader:240 - Cannot read IP mode file for STMicroelectronics.X-CUBE-TOUCHGFX.4.25.0
2025-12-31 13:38:04,650 [WARN] PackLoader:240 - Cannot read IP mode file for STMicroelectronics.FP-SNS-STBOX1.2.0.0
2025-12-31 13:38:04,659 [WARN] ConditionMgr:438 - getConditionDescription Invalid condition id : Cortex-A Device cause : null
2025-12-31 13:38:04,666 [WARN] ConditionMgr:1044 - genDependencies : Invalid condition id : Cortex-A Device cause : null
2025-12-31 13:38:04,666 [WARN] ConditionMgr:1044 - genDependencies : Invalid condition id : Cortex-A Device cause : null
2025-12-31 13:38:04,666 [WARN] ConditionMgr:1044 - genDependencies : Invalid condition id : Cortex-A Device cause : null
2025-12-31 13:38:04,677 [WARN] PackLoader:240 - Cannot read IP mode file for STMicroelectronics.X-CUBE-SUBG2.5.0.0
2025-12-31 13:38:04,704 [WARN] PackLoader:240 - Cannot read IP mode file for STMicroelectronics.X-CUBE-AZRTOS-H7RS.1.1.0
2025-12-31 13:38:04,711 [WARN] PackLoader:240 - Cannot read IP mode file for Cesanta.I-CUBE-Mongoose.7.13.0
2025-12-31 13:38:04,728 [WARN] PackLoader:240 - Cannot read IP mode file for STMicroelectronics.X-CUBE-AZRTOS-G4.2.0.0
2025-12-31 13:38:04,738 [WARN] PackLoader:240 - Cannot read IP mode file for wolfSSL.I-CUBE-wolfSSH.1.4.20
2025-12-31 13:38:04,748 [WARN] PackLoader:240 - Cannot read IP mode file for STMicroelectronics.X-CUBE-NFC7.2.0.0
2025-12-31 13:38:04,768 [WARN] PackLoader:240 - Cannot read IP mode file for STMicroelectronics.X-CUBE-IPS.3.1.0
2025-12-31 13:38:04,784 [WARN] PackLoader:240 - Cannot read IP mode file for STMicroelectronics.X-CUBE-ALS.1.0.2
2025-12-31 13:38:04,799 [WARN] PackLoader:240 - Cannot read IP mode file for STMicroelectronics.X-CUBE-STSE01.1.0.0
2025-12-31 13:38:04,809 [WARN] PackLoader:240 - Cannot read IP mode file for portGmbH.I-Cube-SoM-uGOAL.1.1.0
2025-12-31 13:38:04,831 [WARN] PackLoader:240 - Cannot read IP mode file for STMicroelectronics.X-CUBE-TOF1.3.4.3
2025-12-31 13:38:04,849 [INFO] ThirdParty:978 - Integrity check success = true
2025-12-31 13:38:04,849 [INFO] IntegrityCheckThread:100 - exiting critical section [integrity check]
2025-12-31 13:38:04,851 [INFO] IntegrityCheckThread:103 - End integrity checks thread
2025-12-31 13:38:04,851 [INFO] ThirdParty:873 - entering critical section [close project]
2025-12-31 13:38:04,853 [INFO] ThirdParty:883 - exiting critical section [close project]
2025-12-31 13:38:04,863 [INFO] PinOutPanel:1589 - setPackage(No Configuration,No Configuration)
2025-12-31 13:38:04,863 [INFO] UtilMem:75 - Begin LoadConfig() Used Memory: 191260968 Bytes (268435456)
2025-12-31 13:38:04,871 [INFO] MicroXplorer:468 - Change Database Path : 
2025-12-31 13:38:04,871 [INFO] MicroXplorer:498 - Change Database Version : DB.6.0.150
2025-12-31 13:38:04,873 [INFO] OpenFileManager:355 - Change cursor
2025-12-31 13:38:04,975 [INFO] Mcu:2029 - Initializing MCU STM32F756ZGTx STM32F756ZGTx STM32F756ZGT6
2025-12-31 13:38:09,553 [INFO] Context:786 - Trying to add GPIOservice into a context  which must be forbidden
2025-12-31 13:38:11,079 [INFO] ImportTextPane:234 - (OptionalMessage_ERROR) Pin32 (VP_RIF_VS_RIF1) cannot be retrieved for this MCU
2025-12-31 13:38:11,398 [INFO] RtosManager:558 - Registered RTOS mode: class=CMSIS, group=RTOS, mode=CMSIS_V1, owner=FREERTOS
2025-12-31 13:38:11,398 [INFO] RtosManager:558 - Registered RTOS mode: class=CMSIS, group=RTOS2, mode=CMSIS_V2, owner=FREERTOS
2025-12-31 13:38:11,398 [INFO] RtosManager:558 - Registered RTOS mode: class=RTOS, group=Core, mode=CMSIS_V1, owner=FREERTOS
2025-12-31 13:38:11,398 [INFO] RtosManager:558 - Registered RTOS mode: class=RTOS, group=Core, mode=CMSIS_V2, owner=FREERTOS
2025-12-31 13:38:11,398 [WARN] ModelIntegratedComponent:184 - Missing modes for component STMicroelectronics:FreeRTOS:0.0.1:STMicroelectronics:RTOS:FreeRTOS:Core:::10.2.0:
2025-12-31 13:38:11,418 [WARN] ModelIntegratedComponent:63 - No mode defined for component null
2025-12-31 13:38:11,418 [WARN] ModelIntegratedComponent:63 - No mode defined for component null
2025-12-31 13:38:11,418 [WARN] ModelIntegratedComponent:63 - No mode defined for component null
2025-12-31 13:38:11,418 [WARN] ModelIntegratedComponent:63 - No mode defined for component null
2025-12-31 13:38:11,418 [WARN] ModelIntegratedComponent:63 - No mode defined for component null
2025-12-31 13:38:11,418 [WARN] ModelIntegratedComponent:63 - No mode defined for component null
2025-12-31 13:38:11,420 [WARN] ModelIntegratedComponent:63 - No mode defined for component null
2025-12-31 13:38:11,420 [WARN] ModelIntegratedComponent:63 - No mode defined for component null
2025-12-31 13:38:11,420 [WARN] ModelIntegratedComponent:63 - No mode defined for component null
2025-12-31 13:38:11,420 [WARN] ModelIntegratedComponent:63 - No mode defined for component null
2025-12-31 13:38:11,420 [WARN] ModelIntegratedComponent:63 - No mode defined for component null
2025-12-31 13:38:11,420 [WARN] ModelIntegratedComponent:63 - No mode defined for component null
2025-12-31 13:38:11,420 [WARN] ModelIntegratedComponent:63 - No mode defined for component null
2025-12-31 13:38:11,420 [WARN] ModelIntegratedComponent:63 - No mode defined for component null
2025-12-31 13:38:11,420 [WARN] ModelIntegratedComponent:63 - No mode defined for component null
2025-12-31 13:38:11,420 [WARN] ModelIntegratedComponent:63 - No mode defined for component null
2025-12-31 13:38:11,422 [WARN] ModelIntegratedComponent:63 - No mode defined for component null
2025-12-31 13:38:11,436 [WARN] ModelIntegratedComponent:63 - No mode defined for component null
2025-12-31 13:38:11,436 [WARN] ModelIntegratedComponent:63 - No mode defined for component null
2025-12-31 13:38:11,436 [WARN] ModelIntegratedComponent:63 - No mode defined for component null
2025-12-31 13:38:11,436 [WARN] ModelIntegratedComponent:63 - No mode defined for component null
2025-12-31 13:38:11,436 [WARN] ModelIntegratedComponent:63 - No mode defined for component null
2025-12-31 13:38:11,439 [WARN] ModelIntegratedComponent:63 - No mode defined for component null
2025-12-31 13:38:11,439 [WARN] ModelIntegratedComponent:63 - No mode defined for component null
2025-12-31 13:38:11,439 [WARN] ModelIntegratedComponent:63 - No mode defined for component null
2025-12-31 13:38:11,439 [WARN] ModelIntegratedComponent:63 - No mode defined for component null
2025-12-31 13:38:11,439 [WARN] ModelIntegratedComponent:63 - No mode defined for component null
2025-12-31 13:38:11,439 [WARN] ModelIntegratedComponent:63 - No mode defined for component null
2025-12-31 13:38:11,439 [WARN] ModelIntegratedComponent:63 - No mode defined for component null
2025-12-31 13:38:11,439 [WARN] ModelIntegratedComponent:63 - No mode defined for component null
2025-12-31 13:38:11,439 [WARN] ModelIntegratedComponent:63 - No mode defined for component null
2025-12-31 13:38:11,439 [WARN] ModelIntegratedComponent:63 - No mode defined for component null
2025-12-31 13:38:11,439 [WARN] ModelIntegratedComponent:63 - No mode defined for component null
2025-12-31 13:38:11,439 [WARN] ModelIntegratedComponent:63 - No mode defined for component null
2025-12-31 13:38:11,439 [WARN] ModelIntegratedComponent:63 - No mode defined for component null
2025-12-31 13:38:11,439 [WARN] ModelPack:524 - Component already loaded: STMicroelectronics:HAL Drivers:0.0.0:STMicroelectronics:Device:STMicro_Driver:XSPI:HAL::0.0.1:HAL_XSPI
2025-12-31 13:38:11,930 [INFO] ThirdPartyModel:298 - Start build external matchings
2025-12-31 13:38:13,005 [INFO] ThirdPartyModel:316 - End build external matchings
2025-12-31 13:38:13,035 [WARN] IP:2250 - Warning not found: check if there is a RefParameter without a condition.
2025-12-31 13:38:13,035 [WARN] IP:2250 - RxBufferAddress not found: check if there is a RefParameter without a condition.
2025-12-31 13:38:13,035 [WARN] IP:2250 - DESC_SIZE_UNIT not found: check if there is a RefParameter without a condition.
2025-12-31 13:38:13,035 [INFO] ImportTextPane:234 - (OptionalMessage_ERROR) IP (ETH) : Invalid parameter (PHY_Name)
2025-12-31 13:38:13,035 [INFO] ImportTextPane:234 - (OptionalMessage_ERROR) IP (ETH) : Invalid parameter (PHY_Value)
2025-12-31 13:38:13,035 [INFO] ImportTextPane:234 - (OptionalMessage_ERROR) IP (ETH) : Invalid parameter (PhyAddress)
2025-12-31 13:38:13,035 [INFO] ImportTextPane:234 - (OptionalMessage_ERROR) IP (RCC) : Invalid parameter (48MHZClocksFreq_Value)
2025-12-31 13:38:13,035 [INFO] ImportTextPane:234 - (OptionalMessage_ERROR) IP (RCC) : Invalid parameter (ADC12outputFreq_Value)
2025-12-31 13:38:13,035 [INFO] ImportTextPane:234 - (OptionalMessage_ERROR) IP (RCC) : Invalid parameter (ADC34outputFreq_Value)
2025-12-31 13:38:13,046 [INFO] ImportTextPane:234 - (OptionalMessage_ERROR) IP (RCC) : Invalid parameter (FamilyName)
2025-12-31 13:38:13,046 [INFO] ImportTextPane:234 - (OptionalMessage_ERROR) IP (RCC) : Invalid parameter (I2SClocksFreq_Value)
2025-12-31 13:38:13,046 [INFO] ImportTextPane:234 - (OptionalMessage_ERROR) IP (RCC) : Parameter (LCDTFToutputFreq_Value) has invalid value (96000000)
2025-12-31 13:38:13,046 [INFO] ImportTextPane:234 - (OptionalMessage_ERROR) IP (RCC) : Invalid parameter (MCOFreq_Value)
2025-12-31 13:38:13,048 [INFO] ImportTextPane:234 - (OptionalMessage_ERROR) IP (RCC) : Invalid parameter (PLLMCOFreq_Value)
2025-12-31 13:38:13,048 [INFO] ImportTextPane:234 - (OptionalMessage_ERROR) IP (RCC) : Invalid parameter (PLLMUL)
2025-12-31 13:38:13,048 [INFO] ImportTextPane:234 - (OptionalMessage_ERROR) IP (RCC) : Invalid parameter (PRESCALERUSB)
2025-12-31 13:38:13,048 [INFO] ImportTextPane:234 - (OptionalMessage_ERROR) IP (RCC) : Invalid parameter (RTCHSEDivFreq_Value)
2025-12-31 13:38:13,048 [INFO] ImportTextPane:234 - (OptionalMessage_ERROR) IP (RCC) : Parameter (SDMMCFreq_Value) has invalid value (72000000)
2025-12-31 13:38:13,048 [INFO] ImportTextPane:234 - (OptionalMessage_ERROR) IP (RCC) : Invalid parameter (SYSCLKSourceVirtual)
2025-12-31 13:38:13,048 [INFO] ImportTextPane:234 - (OptionalMessage_ERROR) IP (RCC) : Invalid parameter (TIM15Freq_Value)
2025-12-31 13:38:13,048 [INFO] ImportTextPane:234 - (OptionalMessage_ERROR) IP (RCC) : Invalid parameter (TIM16Freq_Value)
2025-12-31 13:38:13,048 [INFO] ImportTextPane:234 - (OptionalMessage_ERROR) IP (RCC) : Invalid parameter (TIM17Freq_Value)
2025-12-31 13:38:13,048 [INFO] ImportTextPane:234 - (OptionalMessage_ERROR) IP (RCC) : Invalid parameter (TIM1Freq_Value)
2025-12-31 13:38:13,048 [INFO] ImportTextPane:234 - (OptionalMessage_ERROR) IP (RCC) : Invalid parameter (TIM20Freq_Value)
2025-12-31 13:38:13,048 [INFO] ImportTextPane:234 - (OptionalMessage_ERROR) IP (RCC) : Invalid parameter (TIM2Freq_Value)
2025-12-31 13:38:13,048 [INFO] ImportTextPane:234 - (OptionalMessage_ERROR) IP (RCC) : Invalid parameter (TIM3Freq_Value)
2025-12-31 13:38:13,048 [INFO] ImportTextPane:234 - (OptionalMessage_ERROR) IP (RCC) : Invalid parameter (TIM8Freq_Value)
2025-12-31 13:38:13,048 [INFO] ImportTextPane:234 - (OptionalMessage_ERROR) IP (RCC) : Invalid parameter (VCOOutput2Freq_Value)
2025-12-31 13:38:13,048 [INFO] ImportTextPane:234 - (OptionalMessage_ERROR) IP (RCC) : Invalid parameter (VcooutputI2S)
2025-12-31 13:38:14,294 [INFO] ApiDb:581 - Connected to CubeFinder SQLite database (C:\Users\Marom Keren\.stmcufinder\plugins\mcufinder\mcu\cube-finder-db.db)
2025-12-31 13:38:14,470 [INFO] ApiDb:668 - CubeFinder database Data Model version=2.1
2025-12-31 13:38:14,470 [INFO] ApiDb:669 - CubeFinder database Configuration version=3.0.39
2025-12-31 13:38:14,470 [INFO] ApiDb:670 - CubeFinder database generation date=2025-11-05 (1762334721)
2025-12-31 13:38:14,470 [INFO] ApiDb:671 - CubeFinder database FW Pack versions=[FP-ATR-ASTRA1_V2.0.0, FP-SNS-FLIGHT1_V5.1.0, FP-SNS-MOTENV1_V5.1.0, FP-SNS-MOTENVWB1_V1.4.0, FP-SNS-SMARTAG2_V1.2.0, FP-SNS-STBOX1_V2.1.0, STM32Cube_FW_C0_V1.4.0, STM32Cube_FW_F4_V1.28.3, STM32Cube_FW_F7_V1.17.4, STM32Cube_FW_G0_V1.6.2, STM32Cube_FW_G4_V1.6.1, STM32Cube_FW_H5_V1.5.1, STM32Cube_FW_H7RS_V1.3.0, STM32Cube_FW_H7_V1.12.1, STM32Cube_FW_L0_V1.12.2, STM32Cube_FW_L4_V1.18.1, STM32Cube_FW_L5_V1.6.0, STM32Cube_FW_N6_V1.3.0, STM32Cube_FW_U0_V1.3.0, STM32Cube_FW_U3_V1.2.1, STM32Cube_FW_U5_V1.8.0, STM32Cube_FW_WB0_V1.4.0, STM32Cube_FW_WBA_V1.8.0, STM32Cube_FW_WB_V1.24.0, STM32Cube_FW_WL3_V1.3.0, STM32Cube_FW_WL_V1.4.0, X-CUBE-ALGOBUILD_V1.4.0, X-CUBE-ALS_V1.0.2, X-CUBE-AZRTOS-F4_V1.1.0, X-CUBE-AZRTOS-F7_V1.1.0, X-CUBE-AZRTOS-G0_V1.1.0, X-CUBE-AZRTOS-G4_V2.0.0, X-CUBE-AZRTOS-H7RS_V1.1.0, X-CUBE-AZRTOS-H7_V3.4.0, X-CUBE-AZRTOS-L4_V2.0.0, X-CUBE-AZRTOS-L5_V2.0.0, X-CUBE-AZRTOS-WB_V2.0.0, X-CUBE-AZRTOS-WL_V2.0.0, X-CUBE-BLE1_V7.1.0, X-CUBE-BLE2_V3.3.0, X-CUBE-BLEMGR_V4.1.0, X-CUBE-EEPRMA1_V5.2.0, X-CUBE-FREERTOS_V1.3.1, X-CUBE-GNSS1_V6.0.0, X-CUBE-MEMS1_V11.3.0, X-CUBE-NFC4_V3.0.0, X-CUBE-NFC7_V2.0.0, X-CUBE-SFXS2LP1_V4.0.0, X-CUBE-ST67W61_V1.1.0, X-CUBE-SUBG2_V5.0.0, X-CUBE-TOF1_V3.4.3]
2025-12-31 13:38:14,603 [INFO] DbBoardsSqlite:226 - include board P-NUCLEO-WB55-NUCLEO as a kit item of type 'Nucleo-64'
2025-12-31 13:38:14,603 [INFO] DbBoardsSqlite:226 - include board P-NUCLEO-WB55-USBDONGLE as a kit item of type 'Nucleo USB Dongle'
2025-12-31 13:38:14,603 [INFO] DbBoardsSqlite:226 - include board STEVAL-IDP005V1 as a kit item of type 'Evaluation Board'
2025-12-31 13:38:14,603 [INFO] DbBoardsSqlite:226 - include board STEVAL-IDP005V2 as a kit item of type 'Evaluation Board'
2025-12-31 13:38:14,830 [INFO] ApiDb:240 - Found 880 in-development CPN: [B-G473E-ZEST1S, B-WB1M-WPAN1, B-WBA5M-WPAN, B-WL5M-SUBG1, NUCLEO-C031C6, NUCLEO-C051C8, NUCLEO-C071RB, NUCLEO-C092RC, NUCLEO-H503RB, NUCLEO-H533RE, NUCLEO-H563ZI, NUCLEO-H7S3L8, NUCLEO-N657X0-Q, NUCLEO-U031R8, NUCLEO-U083RC, NUCLEO-U385RG-Q, NUCLEO-U545RE-Q, NUCLEO-U5A5ZJ-Q, NUCLEO-WB05KZ, NUCLEO-WB07CC, NUCLEO-WB09KE, NUCLEO-WBA52CG, NUCLEO-WBA55CG, NUCLEO-WL33CC1, NUCLEO-WL33CC2, STEVAL-PROTEUS1, STEVAL-SMARTAG2, STEVAL-STWINBX1, STM320518-EVAL, STM32C0116-DK, STM32C011D6Y3TR, STM32C011D6Y6TR, STM32C011F4P3, STM32C011F4P6, STM32C011F4U3, STM32C011F4U6TR, STM32C011F6P3, STM32C011F6P6, STM32C011F6U3, STM32C011F6U6TR, STM32C011J4M3, STM32C011J4M6, STM32C011J6M3, STM32C011J6M6, STM32C0316-DK, STM32C031C4T3, STM32C031C4T6, STM32C031C4U3, STM32C031C4U6, STM32C031C6T3, STM32C031C6T6, STM32C031C6U3, STM32C031C6U6, STM32C031F4P3, STM32C031F4P6, STM32C031F6P3, STM32C031F6P6, STM32C031G4U3, STM32C031G4U6, STM32C031G6U3, STM32C031G6U6, STM32C031K4T3, STM32C031K4T6, STM32C031K4U3, STM32C031K4U6, STM32C031K6T3, STM32C031K6T6, STM32C031K6U3, STM32C031K6U6, STM32C051C6T6, STM32C051C6U6, STM32C051C8T6, STM32C051C8U6, STM32C051D8Y6TR, STM32C051F6P6, STM32C051F8P6, STM32C051G6U6, STM32C051G8U6, STM32C051K6T6, STM32C051K6U6, STM32C051K8T6, STM32C071C8T6, STM32C071C8T6N, STM32C071C8U6, STM32C071C8U6N, STM32C071CBT6, STM32C071CBT6N, STM32C071CBU6, STM32C071CBU6N, STM32C071F8P6, STM32C071F8P6N, STM32C071FBP6, STM32C071FBP6N, STM32C071FBY6TR, STM32C071G8U6, STM32C071G8U6N, STM32C071GBU6, STM32C071GBU6N, STM32C071K8T6, STM32C071K8T6N, STM32C071K8U6, STM32C071K8U6N, STM32C071KBT6, STM32C071KBT6N, STM32C071KBU6, STM32C071KBU6N, STM32C071R8T6, STM32C071R8T6N, STM32C071RBI6N, STM32C071RBT6, STM32C071RBT6N, STM32C091CBT6, STM32C091CBU6, STM32C091CCT6, STM32C091CCU6, STM32C091ECY6TR, STM32C091FBP6, STM32C091FCP6, STM32C091GBU6, STM32C091GCU6, STM32C091KBT6, STM32C091KBU6, STM32C091KCT6, STM32C091KCU6, STM32C091RBT6, STM32C091RCI6, STM32C091RCT6, STM32C092CBT6, STM32C092CBU6, STM32C092CCT6, STM32C092CCU6, STM32C092ECY6TR, STM32C092FBP6, STM32C092FCP6, STM32C092GBU6, STM32C092GCU6, STM32C092KBT6, STM32C092KBU6, STM32C092KCT6, STM32C092KCU6, STM32C092RBT6, STM32C092RCI6, STM32C092RCT6, STM32G071K8TXN, STM32G071K8UXN, STM32G081GBU6N, STM32G081KBT6N, STM32G081KBUXN, STM32G0B1CCT6N, STM32G0B1KCT6, STM32G0B1NEY6TR, STM32G0B1RCT6N, STM32G0C1CCT6, STM32G0C1CCT6N, STM32G0C1CCU6N, STM32G0C1CET6N, STM32G0C1CEU6N, STM32G0C1KCT6, STM32G0C1NEY6TR, STM32G0C1RCI6N, STM32G0C1RCT6N, STM32G0C1REI6N, STM32G0C1RET6N, STM32G0C1VCI6, STM32G0C1VEI6, STM32G411C6T3, STM32G411C6T6, STM32G411C6U3, STM32G411C6U6, STM32G411C8T3, STM32G411C8T6, STM32G411C8U3, STM32G411C8U6, STM32G411CBT3, STM32G411CBT6, STM32G411CBU3, STM32G411CBU6, STM32G411K6T3, STM32G411K6T6, STM32G411K6U3, STM32G411K6U6, STM32G411K8T3, STM32G411K8T6, STM32G411K8U3, STM32G411K8U6, STM32G411KBT3, STM32G411KBT6, STM32G411KBU3, STM32G411KBU6, STM32G411M6T3, STM32G411M6T6, STM32G411M8T3, STM32G411M8T6, STM32G411MBT3, STM32G411MBT6, STM32G411R6T3, STM32G411R6T6, STM32G411R8T3, STM32G411R8T6, STM32G411RBT3, STM32G411RBT6, STM32G414CBT3, STM32G414CBT6, STM32G414CBU3, STM32G414CBU6, STM32G414CCT3, STM32G414CCT6, STM32G414CCU3, STM32G414CCU6, STM32G414MBT3, STM32G414MBT6, STM32G414MCT3, STM32G414MCT6, STM32G414RBT3, STM32G414RBT6, STM32G414RCT3, STM32G414RCT6, STM32G414VBT3, STM32G414VBT6, STM32G414VCT3, STM32G414VCT6, STM32G431CBT3Z, STM32G431RBT3Z, STM32G471CCT6, STM32G471CCU6, STM32G471CET3, STM32G471CET6, STM32G471CEU3, STM32G471CEU6, STM32G471MCT6, STM32G471MET3, STM32G471MET6, STM32G471MEY6TR, STM32G471QCT6, STM32G471QET3, STM32G471RCT6, STM32G471RET3, STM32G471RET6, STM32G471VCH6, STM32G471VCI6, STM32G471VCT6, STM32G471VEH3, STM32G471VEH6, STM32G471VEI3, STM32G471VEI6, STM32G471VET3, STM32G471VET6, STM32G473QET3Z, STM32G473RET3Z, STM32G474CCT6, STM32G491RET3Z, STM32H503CBT6, STM32H503CBU6, STM32H503EBY6TR, STM32H503KBU6, STM32H503RBT6, STM32H523CCT6, STM32H523CCU6, STM32H523CET6, STM32H523CEU6, STM32H523HEY6TR, STM32H523RCT6, STM32H523RET6, STM32H523VCI6, STM32H523VCT6, STM32H523VEI6, STM32H523VET6, STM32H523ZCJ6, STM32H523ZCT6, STM32H523ZEJ6, STM32H523ZET6, STM32H533CET6, STM32H533CEU6, STM32H533HEY6TR, STM32H533RET6, STM32H533VEI6, STM32H533VET6, STM32H533ZEJ6, STM32H533ZET6, STM32H562AGI6, STM32H562AII6, STM32H562IGK6, STM32H562IGT6, STM32H562IIK6, STM32H562IIT6, STM32H562RGT6, STM32H562RGV6, STM32H562RIT6, STM32H562RIV6, STM32H562VGT6, STM32H562VIT6, STM32H562ZGT6, STM32H562ZIT6, STM32H563AGI6, STM32H563AII3Q, STM32H563AII6, STM32H563IGK6, STM32H563IGT6, STM32H563IIK3Q, STM32H563IIK6, STM32H563IIT3Q, STM32H563IIT6, STM32H563MIY3QTR, STM32H563RGT6, STM32H563RGV6, STM32H563RIT6, STM32H563RIV6, STM32H563VGT6, STM32H563VIT3Q, STM32H563VIT6, STM32H563ZGT6, STM32H563ZIT3Q, STM32H563ZIT6, STM32H573AII3Q, STM32H573AII6, STM32H573I-DK, STM32H573IIK3Q, STM32H573IIK6, STM32H573IIT3Q, STM32H573IIT6, STM32H573MIY3QTR, STM32H573RIT6, STM32H573RIV6, STM32H573VIT3Q, STM32H573VIT6, STM32H573ZIT3Q, STM32H573ZIT6, STM32H7R3A8I6, STM32H7R3I8K6, STM32H7R3I8T6, STM32H7R3L8H6, STM32H7R3L8H6H, STM32H7R3R8V6, STM32H7R3V8H6, STM32H7R3V8T6, STM32H7R3V8Y6TR, STM32H7R3Z8J6, STM32H7R3Z8T6, STM32H7R7A8I6, STM32H7R7I8K6, STM32H7R7I8T6, STM32H7R7L8H6, STM32H7R7L8H6H, STM32H7R7Z8J6, STM32H7S3A8I6, STM32H7S3I8K6, STM32H7S3I8T6, STM32H7S3L8H6, STM32H7S3L8H6H, STM32H7S3R8V6, STM32H7S3V8H6, STM32H7S3V8T6, STM32H7S3V8Y6TR, STM32H7S3Z8J6, STM32H7S3Z8T6, STM32H7S78-DK, STM32H7S7A8I6, STM32H7S7I8K6, STM32H7S7I8T6, STM32H7S7L8H6, STM32H7S7L8H6H, STM32H7S7Z8J6, STM32L4R5QGI6STR, STM32MP131AAE3, STM32MP131AAF3, STM32MP131AAG3, STM32MP131CAE3, STM32MP131CAF3, STM32MP131CAG3, STM32MP131DAE7, STM32MP131DAF7, STM32MP131DAG7, STM32MP131FAE7, STM32MP131FAF7, STM32MP131FAG7, STM32MP133AAE3, STM32MP133AAF3, STM32MP133AAG3, STM32MP133CAE3, STM32MP133CAF3, STM32MP133CAG3, STM32MP133DAE7, STM32MP133DAF7, STM32MP133DAG7, STM32MP133FAE7, STM32MP133FAF7, STM32MP133FAG7, STM32MP135AAE3, STM32MP135AAF3, STM32MP135AAG3, STM32MP135CAE3, STM32MP135CAF3, STM32MP135CAG3, STM32MP135DAE7, STM32MP135DAF7, STM32MP135DAG7, STM32MP135F-DK, STM32MP135FAE7, STM32MP135FAF7, STM32MP135FAF7T, STM32MP135FAF7U, STM32MP135FAG7, STM32MP211AAL3, STM32MP211AAM3, STM32MP211AAN3, STM32MP211AAO3, STM32MP211CAL3, STM32MP211CAM3, STM32MP211CAN3, STM32MP211CAO3, STM32MP211DAL3, STM32MP211DAM3, STM32MP211DAN3, STM32MP211DAO3, STM32MP211FAL3, STM32MP211FAM3, STM32MP211FAN3, STM32MP211FAO3, STM32MP213AAL3, STM32MP213AAM3, STM32MP213AAN3, STM32MP213AAO3, STM32MP213CAL3, STM32MP213CAM3, STM32MP213CAN3, STM32MP213CAO3, STM32MP213DAL3, STM32MP213DAM3, STM32MP213DAN3, STM32MP213DAO3, STM32MP213FAL3, STM32MP213FAM3, STM32MP213FAN3, STM32MP213FAO3, STM32MP215AAL3, STM32MP215AAM3, STM32MP215AAN3, STM32MP215AAO3, STM32MP215CAL3, STM32MP215CAM3, STM32MP215CAN3, STM32MP215CAO3, STM32MP215DAL3, STM32MP215DAM3, STM32MP215DAN3, STM32MP215DAO3, STM32MP215F-DK, STM32MP215FAL3, STM32MP215FAM3, STM32MP215FAN3, STM32MP215FAO3, STM32MP231AAJ3, STM32MP231AAK3, STM32MP231AAL3, STM32MP231CAJ3, STM32MP231CAK3, STM32MP231CAL3, STM32MP231DAJ3, STM32MP231DAK3, STM32MP231DAL3, STM32MP231FAJ3, STM32MP231FAK3, STM32MP231FAL3, STM32MP233AAJ3, STM32MP233AAK3, STM32MP233AAL3, STM32MP233CAJ3, STM32MP233CAK3, STM32MP233CAL3, STM32MP233DAJ3, STM32MP233DAK3, STM32MP233DAL3, STM32MP233FAJ3, STM32MP233FAK3, STM32MP233FAL3, STM32MP235AAJ3, STM32MP235AAK3, STM32MP235AAL3, STM32MP235CAJ3, STM32MP235CAK3, STM32MP235CAL3, STM32MP235DAJ3, STM32MP235DAK3, STM32MP235DAL3, STM32MP235FAJ3, STM32MP235FAK3, STM32MP235FAL3, STM32MP251AAI3, STM32MP251AAK3, STM32MP251AAL3, STM32MP251CAI3, STM32MP251CAK3, STM32MP251CAL3, STM32MP251DAI3, STM32MP251DAK3, STM32MP251DAL3, STM32MP251FAI3, STM32MP251FAK3, STM32MP251FAL3, STM32MP253AAI3, STM32MP253AAK3, STM32MP253AAL3, STM32MP253CAI3, STM32MP253CAK3, STM32MP253CAL3, STM32MP253DAI3, STM32MP253DAK3, STM32MP253DAL3, STM32MP253FAI3, STM32MP253FAK3, STM32MP253FAL3, STM32MP255AAI3, STM32MP255AAK3, STM32MP255AAL3, STM32MP255CAI3, STM32MP255CAK3, STM32MP255CAL3, STM32MP255DAI3, STM32MP255DAK3, STM32MP255DAL3, STM32MP255FAI3, STM32MP255FAK3, STM32MP255FAL3, STM32MP257AAI3, STM32MP257AAK3, STM32MP257AAL3, STM32MP257CAI3, STM32MP257CAK3, STM32MP257CAL3, STM32MP257DAI3, STM32MP257DAK3, STM32MP257DAL3, STM32MP257F-DK, STM32MP257F-EV1, STM32MP257FAI3, STM32MP257FAK3, STM32MP257FAL3, STM32N645A0H3Q, STM32N645B0H3Q, STM32N645I0H3Q, STM32N645L0H3Q, STM32N645X0H3Q, STM32N645Z0H3Q, STM32N647A0H3Q, STM32N647B0H3Q, STM32N647I0H3Q, STM32N647L0H3Q, STM32N647X0H3Q, STM32N647Z0H3Q, STM32N655A0H3Q, STM32N655B0H3Q, STM32N655I0H3Q, STM32N655L0H3Q, STM32N655X0H3Q, STM32N655Z0H3Q, STM32N6570-DK, STM32N657A0H3Q, STM32N657B0H3Q, STM32N657I0H3Q, STM32N657L0H3Q, STM32N657X0H3Q, STM32N657Z0H3Q, STM32U031C6T6, STM32U031C6U6, STM32U031C8T6, STM32U031C8U6, STM32U031F4P6, STM32U031F6P6, STM32U031F8P6, STM32U031G6Y6TR, STM32U031G8Y6TR, STM32U031K4U6, STM32U031K6U6, STM32U031K8U6, STM32U031R6I6, STM32U031R6T6, STM32U031R8I6, STM32U031R8T6, STM32U073C8T6, STM32U073C8U6, STM32U073CBT6, STM32U073CBU6, STM32U073CCT6, STM32U073CCU6, STM32U073H8Y6TR, STM32U073HBY6TR, STM32U073HCY6TR, STM32U073K8U6, STM32U073KBU6, STM32U073KCU6, STM32U073M8I6, STM32U073M8T6, STM32U073MBI6, STM32U073MBT6, STM32U073MCI6, STM32U073MCT6, STM32U073R8I6, STM32U073R8T6, STM32U073RBI6, STM32U073RBT6, STM32U073RCI6, STM32U073RCT6, STM32U083C-DK, STM32U083CCT6, STM32U083CCU6, STM32U083HCY6TR, STM32U083KCU6, STM32U083MCI6, STM32U083MCT6, STM32U083RCI6, STM32U083RCT6, STM32U375CET6, STM32U375CET6Q, STM32U375CEU6, STM32U375CEU6Q, STM32U375CEY6QTR, STM32U375CGT6, STM32U375CGT6Q, STM32U375CGU6, STM32U375CGU6Q, STM32U375CGY6QTR, STM32U375KEU6, STM32U375KGU6, STM32U375REI6, STM32U375REI6Q, STM32U375RET6, STM32U375RET6Q, STM32U375REY6GTR, STM32U375REY6QTR, STM32U375RGI6, STM32U375RGI6Q, STM32U375RGT6, STM32U375RGT6Q, STM32U375RGY6GTR, STM32U375RGY6QTR, STM32U375VEI6, STM32U375VEI6Q, STM32U375VET6, STM32U375VET6Q, STM32U375VGI6, STM32U375VGI6Q, STM32U375VGT6, STM32U375VGT6Q, STM32U385CGT6, STM32U385CGT6Q, STM32U385CGU6, STM32U385CGU6Q, STM32U385CGY6QTR, STM32U385KGU6, STM32U385RGI6, STM32U385RGI6Q, STM32U385RGT6, STM32U385RGT6Q, STM32U385RGY6GTR, STM32U385RGY6QTR, STM32U385VGI6, STM32U385VGI6Q, STM32U385VGT6, STM32U385VGT6Q, STM32U535CBT6, STM32U535CBT6Q, STM32U535CBU6, STM32U535CBU6Q, STM32U535CCT6, STM32U535CCT6Q, STM32U535CCU6, STM32U535CCU6Q, STM32U535CET6, STM32U535CET6Q, STM32U535CEU6, STM32U535CEU6Q, STM32U535JEY6QTR, STM32U535NCY6QTR, STM32U535NEY6QTR, STM32U535RBI6, STM32U535RBI6Q, STM32U535RBT6, STM32U535RBT6Q, STM32U535RCI6, STM32U535RCI6Q, STM32U535RCT6, STM32U535RCT6Q, STM32U535REI6, STM32U535REI6Q, STM32U535RET6, STM32U535RET6Q, STM32U535VCI6, STM32U535VCI6Q, STM32U535VCT6, STM32U535VCT6Q, STM32U535VEI6, STM32U535VEI6Q, STM32U535VET6, STM32U535VET6Q, STM32U545CET6, STM32U545CET6Q, STM32U545CEU6, STM32U545CEU6Q, STM32U545JEY6QTR, STM32U545NEY6QTR, STM32U545REI6, STM32U545REI6Q, STM32U545RET6, STM32U545RET6Q, STM32U545VEI6, STM32U545VEI6Q, STM32U545VET6, STM32U545VET6Q, STM32U595AIH6, STM32U595AIH6Q, STM32U595AJH6, STM32U595AJH6Q, STM32U595QII6, STM32U595QII6Q, STM32U595QJI6, STM32U595QJI6Q, STM32U595RIT6, STM32U595RIT6Q, STM32U595RJT6, STM32U595RJT6Q, STM32U595VIT6, STM32U595VIT6Q, STM32U595VJT6, STM32U595VJT6Q, STM32U595ZIT6, STM32U595ZIT6Q, STM32U595ZIY6QTR, STM32U595ZJT6, STM32U595ZJT6Q, STM32U595ZJY6QTR, STM32U599BJY6QTR, STM32U599NIH6Q, STM32U599NJH6Q, STM32U599VIT6Q, STM32U599VJT6, STM32U599VJT6Q, STM32U599ZIT6Q, STM32U599ZIY6QTR, STM32U599ZJT6Q, STM32U599ZJY6QTR, STM32U5A5AJH6, STM32U5A5AJH6Q, STM32U5A5QII3Q , STM32U5A5QJI6, STM32U5A5QJI6Q, STM32U5A5RJT6, STM32U5A5RJT6Q, STM32U5A5VJT6, STM32U5A5VJT6Q, STM32U5A5ZJT6, STM32U5A5ZJT6Q, STM32U5A5ZJY6QTR, STM32U5A9BJY6QTR, STM32U5A9J-DK, STM32U5A9NJH6Q, STM32U5A9VJT6Q, STM32U5A9ZJT6Q, STM32U5A9ZJY6QTR, STM32U5F7VIT6, STM32U5F7VIT6Q, STM32U5F7VJT6, STM32U5F7VJT6Q, STM32U5F9BJY6QTR, STM32U5F9NJH6Q, STM32U5F9VIT6Q, STM32U5F9VJT6Q, STM32U5F9ZIJ6QTR, STM32U5F9ZIT6Q, STM32U5F9ZJJ6QTR, STM32U5F9ZJT6Q, STM32U5G7VJT6, STM32U5G7VJT6Q, STM32U5G9BJY6QTR, STM32U5G9J-DK1, STM32U5G9J-DK2, STM32U5G9NJH6Q, STM32U5G9VJT6Q, STM32U5G9ZJJ6QTR, STM32U5G9ZJT6Q, STM32WB05KZV6TR, STM32WB05KZV7TR, STM32WB05TZF6TR, STM32WB05TZF7TR, STM32WB06CCF6TR, STM32WB06CCF7TR, STM32WB06CCV6TR, STM32WB06CCV7TR, STM32WB06KCV6TR, STM32WB06KCV7TR, STM32WB07CCF6TR, STM32WB07CCF7TR, STM32WB07CCV6TR, STM32WB07CCV7TR, STM32WB07KCV6TR, STM32WB07KCV7TR, STM32WB09KEV6TR, STM32WB09KEV7TR, STM32WB09TEF6TR, STM32WB09TEF7TR, STM32WB1MMCH6, STM32WBA50KGU6, STM32WBA50KGU6TR, STM32WBA52CEU6, STM32WBA52CEU6TR, STM32WBA52CEU7, STM32WBA52CEU7TR, STM32WBA52CGU6, STM32WBA52CGU6TR, STM32WBA52CGU6U, STM32WBA52CGU7, STM32WBA52CGU7TR, STM32WBA52KEU6, STM32WBA52KEU6TR, STM32WBA52KGU6, STM32WBA52KGU6TR, STM32WBA54CEU6, STM32WBA54CEU6TR, STM32WBA54CEU7, STM32WBA54CEU7TR, STM32WBA54CGU6, STM32WBA54CGU6TR, STM32WBA54CGU7, STM32WBA54CGU7TR, STM32WBA54KEU6, STM32WBA54KEU6TR, STM32WBA54KEU7, STM32WBA54KEU7TR, STM32WBA54KGU6, STM32WBA54KGU6TR, STM32WBA54KGU7, STM32WBA54KGU7TR, STM32WBA55CEU6, STM32WBA55CEU6TR, STM32WBA55CEU7, STM32WBA55CEU7TR, STM32WBA55CGU6, STM32WBA55CGU6TR, STM32WBA55CGU6U, STM32WBA55CGU7, STM32WBA55CGU7TR, STM32WBA55G-DK1, STM32WBA55HEF6, STM32WBA55HEF7, STM32WBA55HGF6, STM32WBA55HGF7, STM32WBA55UEI6, STM32WBA55UEI6TR, STM32WBA55UEI7, STM32WBA55UEI7TR, STM32WBA55UGI6, STM32WBA55UGI6TR, STM32WBA55UGI7, STM32WBA55UGI7TR, STM32WBA5MMGH6TR, STM32WBA62MGF6, STM32WBA62MIF6, STM32WBA65MGF7, STM32WBA65MIF6, STM32WBA65MIF7, STM32WL30K8V6, STM32WL30KBV6, STM32WL31C8V6, STM32WL31CBV6, STM32WL31K8V6, STM32WL31KBV6, STM32WL33C8V6, STM32WL33C8V6X, STM32WL33CBV6, STM32WL33CBV6X, STM32WL33CCV6, STM32WL33CCV6A, STM32WL33CCV6X, STM32WL33K8V7, STM32WL33K8V7X, STM32WL33KBV7 , STM32WL33KBV7X, STM32WL33KCV7, STM32WL33KCV7X, STM32WL5MOCH6, STM32WL5MOCH6TR]
2025-12-31 13:38:14,842 [INFO] ApiDb:668 - CubeFinder database Data Model version=2.1
2025-12-31 13:38:14,842 [INFO] ApiDb:669 - CubeFinder database Configuration version=3.0.39
2025-12-31 13:38:14,842 [INFO] ApiDb:670 - CubeFinder database generation date=2025-11-05 (1762334721)
2025-12-31 13:38:14,842 [INFO] ApiDb:671 - CubeFinder database FW Pack versions=[FP-ATR-ASTRA1_V2.0.0, FP-SNS-FLIGHT1_V5.1.0, FP-SNS-MOTENV1_V5.1.0, FP-SNS-MOTENVWB1_V1.4.0, FP-SNS-SMARTAG2_V1.2.0, FP-SNS-STBOX1_V2.1.0, STM32Cube_FW_C0_V1.4.0, STM32Cube_FW_F4_V1.28.3, STM32Cube_FW_F7_V1.17.4, STM32Cube_FW_G0_V1.6.2, STM32Cube_FW_G4_V1.6.1, STM32Cube_FW_H5_V1.5.1, STM32Cube_FW_H7RS_V1.3.0, STM32Cube_FW_H7_V1.12.1, STM32Cube_FW_L0_V1.12.2, STM32Cube_FW_L4_V1.18.1, STM32Cube_FW_L5_V1.6.0, STM32Cube_FW_N6_V1.3.0, STM32Cube_FW_U0_V1.3.0, STM32Cube_FW_U3_V1.2.1, STM32Cube_FW_U5_V1.8.0, STM32Cube_FW_WB0_V1.4.0, STM32Cube_FW_WBA_V1.8.0, STM32Cube_FW_WB_V1.24.0, STM32Cube_FW_WL3_V1.3.0, STM32Cube_FW_WL_V1.4.0, X-CUBE-ALGOBUILD_V1.4.0, X-CUBE-ALS_V1.0.2, X-CUBE-AZRTOS-F4_V1.1.0, X-CUBE-AZRTOS-F7_V1.1.0, X-CUBE-AZRTOS-G0_V1.1.0, X-CUBE-AZRTOS-G4_V2.0.0, X-CUBE-AZRTOS-H7RS_V1.1.0, X-CUBE-AZRTOS-H7_V3.4.0, X-CUBE-AZRTOS-L4_V2.0.0, X-CUBE-AZRTOS-L5_V2.0.0, X-CUBE-AZRTOS-WB_V2.0.0, X-CUBE-AZRTOS-WL_V2.0.0, X-CUBE-BLE1_V7.1.0, X-CUBE-BLE2_V3.3.0, X-CUBE-BLEMGR_V4.1.0, X-CUBE-EEPRMA1_V5.2.0, X-CUBE-FREERTOS_V1.3.1, X-CUBE-GNSS1_V6.0.0, X-CUBE-MEMS1_V11.3.0, X-CUBE-NFC4_V3.0.0, X-CUBE-NFC7_V2.0.0, X-CUBE-SFXS2LP1_V4.0.0, X-CUBE-ST67W61_V1.1.0, X-CUBE-SUBG2_V5.0.0, X-CUBE-TOF1_V3.4.3]
2025-12-31 13:38:19,233 [INFO] ApiDb:240 - Found 880 in-development CPN: [B-G473E-ZEST1S, B-WB1M-WPAN1, B-WBA5M-WPAN, B-WL5M-SUBG1, NUCLEO-C031C6, NUCLEO-C051C8, NUCLEO-C071RB, NUCLEO-C092RC, NUCLEO-H503RB, NUCLEO-H533RE, NUCLEO-H563ZI, NUCLEO-H7S3L8, NUCLEO-N657X0-Q, NUCLEO-U031R8, NUCLEO-U083RC, NUCLEO-U385RG-Q, NUCLEO-U545RE-Q, NUCLEO-U5A5ZJ-Q, NUCLEO-WB05KZ, NUCLEO-WB07CC, NUCLEO-WB09KE, NUCLEO-WBA52CG, NUCLEO-WBA55CG, NUCLEO-WL33CC1, NUCLEO-WL33CC2, STEVAL-PROTEUS1, STEVAL-SMARTAG2, STEVAL-STWINBX1, STM320518-EVAL, STM32C0116-DK, STM32C011D6Y3TR, STM32C011D6Y6TR, STM32C011F4P3, STM32C011F4P6, STM32C011F4U3, STM32C011F4U6TR, STM32C011F6P3, STM32C011F6P6, STM32C011F6U3, STM32C011F6U6TR, STM32C011J4M3, STM32C011J4M6, STM32C011J6M3, STM32C011J6M6, STM32C0316-DK, STM32C031C4T3, STM32C031C4T6, STM32C031C4U3, STM32C031C4U6, STM32C031C6T3, STM32C031C6T6, STM32C031C6U3, STM32C031C6U6, STM32C031F4P3, STM32C031F4P6, STM32C031F6P3, STM32C031F6P6, STM32C031G4U3, STM32C031G4U6, STM32C031G6U3, STM32C031G6U6, STM32C031K4T3, STM32C031K4T6, STM32C031K4U3, STM32C031K4U6, STM32C031K6T3, STM32C031K6T6, STM32C031K6U3, STM32C031K6U6, STM32C051C6T6, STM32C051C6U6, STM32C051C8T6, STM32C051C8U6, STM32C051D8Y6TR, STM32C051F6P6, STM32C051F8P6, STM32C051G6U6, STM32C051G8U6, STM32C051K6T6, STM32C051K6U6, STM32C051K8T6, STM32C071C8T6, STM32C071C8T6N, STM32C071C8U6, STM32C071C8U6N, STM32C071CBT6, STM32C071CBT6N, STM32C071CBU6, STM32C071CBU6N, STM32C071F8P6, STM32C071F8P6N, STM32C071FBP6, STM32C071FBP6N, STM32C071FBY6TR, STM32C071G8U6, STM32C071G8U6N, STM32C071GBU6, STM32C071GBU6N, STM32C071K8T6, STM32C071K8T6N, STM32C071K8U6, STM32C071K8U6N, STM32C071KBT6, STM32C071KBT6N, STM32C071KBU6, STM32C071KBU6N, STM32C071R8T6, STM32C071R8T6N, STM32C071RBI6N, STM32C071RBT6, STM32C071RBT6N, STM32C091CBT6, STM32C091CBU6, STM32C091CCT6, STM32C091CCU6, STM32C091ECY6TR, STM32C091FBP6, STM32C091FCP6, STM32C091GBU6, STM32C091GCU6, STM32C091KBT6, STM32C091KBU6, STM32C091KCT6, STM32C091KCU6, STM32C091RBT6, STM32C091RCI6, STM32C091RCT6, STM32C092CBT6, STM32C092CBU6, STM32C092CCT6, STM32C092CCU6, STM32C092ECY6TR, STM32C092FBP6, STM32C092FCP6, STM32C092GBU6, STM32C092GCU6, STM32C092KBT6, STM32C092KBU6, STM32C092KCT6, STM32C092KCU6, STM32C092RBT6, STM32C092RCI6, STM32C092RCT6, STM32G071K8TXN, STM32G071K8UXN, STM32G081GBU6N, STM32G081KBT6N, STM32G081KBUXN, STM32G0B1CCT6N, STM32G0B1KCT6, STM32G0B1NEY6TR, STM32G0B1RCT6N, STM32G0C1CCT6, STM32G0C1CCT6N, STM32G0C1CCU6N, STM32G0C1CET6N, STM32G0C1CEU6N, STM32G0C1KCT6, STM32G0C1NEY6TR, STM32G0C1RCI6N, STM32G0C1RCT6N, STM32G0C1REI6N, STM32G0C1RET6N, STM32G0C1VCI6, STM32G0C1VEI6, STM32G411C6T3, STM32G411C6T6, STM32G411C6U3, STM32G411C6U6, STM32G411C8T3, STM32G411C8T6, STM32G411C8U3, STM32G411C8U6, STM32G411CBT3, STM32G411CBT6, STM32G411CBU3, STM32G411CBU6, STM32G411K6T3, STM32G411K6T6, STM32G411K6U3, STM32G411K6U6, STM32G411K8T3, STM32G411K8T6, STM32G411K8U3, STM32G411K8U6, STM32G411KBT3, STM32G411KBT6, STM32G411KBU3, STM32G411KBU6, STM32G411M6T3, STM32G411M6T6, STM32G411M8T3, STM32G411M8T6, STM32G411MBT3, STM32G411MBT6, STM32G411R6T3, STM32G411R6T6, STM32G411R8T3, STM32G411R8T6, STM32G411RBT3, STM32G411RBT6, STM32G414CBT3, STM32G414CBT6, STM32G414CBU3, STM32G414CBU6, STM32G414CCT3, STM32G414CCT6, STM32G414CCU3, STM32G414CCU6, STM32G414MBT3, STM32G414MBT6, STM32G414MCT3, STM32G414MCT6, STM32G414RBT3, STM32G414RBT6, STM32G414RCT3, STM32G414RCT6, STM32G414VBT3, STM32G414VBT6, STM32G414VCT3, STM32G414VCT6, STM32G431CBT3Z, STM32G431RBT3Z, STM32G471CCT6, STM32G471CCU6, STM32G471CET3, STM32G471CET6, STM32G471CEU3, STM32G471CEU6, STM32G471MCT6, STM32G471MET3, STM32G471MET6, STM32G471MEY6TR, STM32G471QCT6, STM32G471QET3, STM32G471RCT6, STM32G471RET3, STM32G471RET6, STM32G471VCH6, STM32G471VCI6, STM32G471VCT6, STM32G471VEH3, STM32G471VEH6, STM32G471VEI3, STM32G471VEI6, STM32G471VET3, STM32G471VET6, STM32G473QET3Z, STM32G473RET3Z, STM32G474CCT6, STM32G491RET3Z, STM32H503CBT6, STM32H503CBU6, STM32H503EBY6TR, STM32H503KBU6, STM32H503RBT6, STM32H523CCT6, STM32H523CCU6, STM32H523CET6, STM32H523CEU6, STM32H523HEY6TR, STM32H523RCT6, STM32H523RET6, STM32H523VCI6, STM32H523VCT6, STM32H523VEI6, STM32H523VET6, STM32H523ZCJ6, STM32H523ZCT6, STM32H523ZEJ6, STM32H523ZET6, STM32H533CET6, STM32H533CEU6, STM32H533HEY6TR, STM32H533RET6, STM32H533VEI6, STM32H533VET6, STM32H533ZEJ6, STM32H533ZET6, STM32H562AGI6, STM32H562AII6, STM32H562IGK6, STM32H562IGT6, STM32H562IIK6, STM32H562IIT6, STM32H562RGT6, STM32H562RGV6, STM32H562RIT6, STM32H562RIV6, STM32H562VGT6, STM32H562VIT6, STM32H562ZGT6, STM32H562ZIT6, STM32H563AGI6, STM32H563AII3Q, STM32H563AII6, STM32H563IGK6, STM32H563IGT6, STM32H563IIK3Q, STM32H563IIK6, STM32H563IIT3Q, STM32H563IIT6, STM32H563MIY3QTR, STM32H563RGT6, STM32H563RGV6, STM32H563RIT6, STM32H563RIV6, STM32H563VGT6, STM32H563VIT3Q, STM32H563VIT6, STM32H563ZGT6, STM32H563ZIT3Q, STM32H563ZIT6, STM32H573AII3Q, STM32H573AII6, STM32H573I-DK, STM32H573IIK3Q, STM32H573IIK6, STM32H573IIT3Q, STM32H573IIT6, STM32H573MIY3QTR, STM32H573RIT6, STM32H573RIV6, STM32H573VIT3Q, STM32H573VIT6, STM32H573ZIT3Q, STM32H573ZIT6, STM32H7R3A8I6, STM32H7R3I8K6, STM32H7R3I8T6, STM32H7R3L8H6, STM32H7R3L8H6H, STM32H7R3R8V6, STM32H7R3V8H6, STM32H7R3V8T6, STM32H7R3V8Y6TR, STM32H7R3Z8J6, STM32H7R3Z8T6, STM32H7R7A8I6, STM32H7R7I8K6, STM32H7R7I8T6, STM32H7R7L8H6, STM32H7R7L8H6H, STM32H7R7Z8J6, STM32H7S3A8I6, STM32H7S3I8K6, STM32H7S3I8T6, STM32H7S3L8H6, STM32H7S3L8H6H, STM32H7S3R8V6, STM32H7S3V8H6, STM32H7S3V8T6, STM32H7S3V8Y6TR, STM32H7S3Z8J6, STM32H7S3Z8T6, STM32H7S78-DK, STM32H7S7A8I6, STM32H7S7I8K6, STM32H7S7I8T6, STM32H7S7L8H6, STM32H7S7L8H6H, STM32H7S7Z8J6, STM32L4R5QGI6STR, STM32MP131AAE3, STM32MP131AAF3, STM32MP131AAG3, STM32MP131CAE3, STM32MP131CAF3, STM32MP131CAG3, STM32MP131DAE7, STM32MP131DAF7, STM32MP131DAG7, STM32MP131FAE7, STM32MP131FAF7, STM32MP131FAG7, STM32MP133AAE3, STM32MP133AAF3, STM32MP133AAG3, STM32MP133CAE3, STM32MP133CAF3, STM32MP133CAG3, STM32MP133DAE7, STM32MP133DAF7, STM32MP133DAG7, STM32MP133FAE7, STM32MP133FAF7, STM32MP133FAG7, STM32MP135AAE3, STM32MP135AAF3, STM32MP135AAG3, STM32MP135CAE3, STM32MP135CAF3, STM32MP135CAG3, STM32MP135DAE7, STM32MP135DAF7, STM32MP135DAG7, STM32MP135F-DK, STM32MP135FAE7, STM32MP135FAF7, STM32MP135FAF7T, STM32MP135FAF7U, STM32MP135FAG7, STM32MP211AAL3, STM32MP211AAM3, STM32MP211AAN3, STM32MP211AAO3, STM32MP211CAL3, STM32MP211CAM3, STM32MP211CAN3, STM32MP211CAO3, STM32MP211DAL3, STM32MP211DAM3, STM32MP211DAN3, STM32MP211DAO3, STM32MP211FAL3, STM32MP211FAM3, STM32MP211FAN3, STM32MP211FAO3, STM32MP213AAL3, STM32MP213AAM3, STM32MP213AAN3, STM32MP213AAO3, STM32MP213CAL3, STM32MP213CAM3, STM32MP213CAN3, STM32MP213CAO3, STM32MP213DAL3, STM32MP213DAM3, STM32MP213DAN3, STM32MP213DAO3, STM32MP213FAL3, STM32MP213FAM3, STM32MP213FAN3, STM32MP213FAO3, STM32MP215AAL3, STM32MP215AAM3, STM32MP215AAN3, STM32MP215AAO3, STM32MP215CAL3, STM32MP215CAM3, STM32MP215CAN3, STM32MP215CAO3, STM32MP215DAL3, STM32MP215DAM3, STM32MP215DAN3, STM32MP215DAO3, STM32MP215F-DK, STM32MP215FAL3, STM32MP215FAM3, STM32MP215FAN3, STM32MP215FAO3, STM32MP231AAJ3, STM32MP231AAK3, STM32MP231AAL3, STM32MP231CAJ3, STM32MP231CAK3, STM32MP231CAL3, STM32MP231DAJ3, STM32MP231DAK3, STM32MP231DAL3, STM32MP231FAJ3, STM32MP231FAK3, STM32MP231FAL3, STM32MP233AAJ3, STM32MP233AAK3, STM32MP233AAL3, STM32MP233CAJ3, STM32MP233CAK3, STM32MP233CAL3, STM32MP233DAJ3, STM32MP233DAK3, STM32MP233DAL3, STM32MP233FAJ3, STM32MP233FAK3, STM32MP233FAL3, STM32MP235AAJ3, STM32MP235AAK3, STM32MP235AAL3, STM32MP235CAJ3, STM32MP235CAK3, STM32MP235CAL3, STM32MP235DAJ3, STM32MP235DAK3, STM32MP235DAL3, STM32MP235FAJ3, STM32MP235FAK3, STM32MP235FAL3, STM32MP251AAI3, STM32MP251AAK3, STM32MP251AAL3, STM32MP251CAI3, STM32MP251CAK3, STM32MP251CAL3, STM32MP251DAI3, STM32MP251DAK3, STM32MP251DAL3, STM32MP251FAI3, STM32MP251FAK3, STM32MP251FAL3, STM32MP253AAI3, STM32MP253AAK3, STM32MP253AAL3, STM32MP253CAI3, STM32MP253CAK3, STM32MP253CAL3, STM32MP253DAI3, STM32MP253DAK3, STM32MP253DAL3, STM32MP253FAI3, STM32MP253FAK3, STM32MP253FAL3, STM32MP255AAI3, STM32MP255AAK3, STM32MP255AAL3, STM32MP255CAI3, STM32MP255CAK3, STM32MP255CAL3, STM32MP255DAI3, STM32MP255DAK3, STM32MP255DAL3, STM32MP255FAI3, STM32MP255FAK3, STM32MP255FAL3, STM32MP257AAI3, STM32MP257AAK3, STM32MP257AAL3, STM32MP257CAI3, STM32MP257CAK3, STM32MP257CAL3, STM32MP257DAI3, STM32MP257DAK3, STM32MP257DAL3, STM32MP257F-DK, STM32MP257F-EV1, STM32MP257FAI3, STM32MP257FAK3, STM32MP257FAL3, STM32N645A0H3Q, STM32N645B0H3Q, STM32N645I0H3Q, STM32N645L0H3Q, STM32N645X0H3Q, STM32N645Z0H3Q, STM32N647A0H3Q, STM32N647B0H3Q, STM32N647I0H3Q, STM32N647L0H3Q, STM32N647X0H3Q, STM32N647Z0H3Q, STM32N655A0H3Q, STM32N655B0H3Q, STM32N655I0H3Q, STM32N655L0H3Q, STM32N655X0H3Q, STM32N655Z0H3Q, STM32N6570-DK, STM32N657A0H3Q, STM32N657B0H3Q, STM32N657I0H3Q, STM32N657L0H3Q, STM32N657X0H3Q, STM32N657Z0H3Q, STM32U031C6T6, STM32U031C6U6, STM32U031C8T6, STM32U031C8U6, STM32U031F4P6, STM32U031F6P6, STM32U031F8P6, STM32U031G6Y6TR, STM32U031G8Y6TR, STM32U031K4U6, STM32U031K6U6, STM32U031K8U6, STM32U031R6I6, STM32U031R6T6, STM32U031R8I6, STM32U031R8T6, STM32U073C8T6, STM32U073C8U6, STM32U073CBT6, STM32U073CBU6, STM32U073CCT6, STM32U073CCU6, STM32U073H8Y6TR, STM32U073HBY6TR, STM32U073HCY6TR, STM32U073K8U6, STM32U073KBU6, STM32U073KCU6, STM32U073M8I6, STM32U073M8T6, STM32U073MBI6, STM32U073MBT6, STM32U073MCI6, STM32U073MCT6, STM32U073R8I6, STM32U073R8T6, STM32U073RBI6, STM32U073RBT6, STM32U073RCI6, STM32U073RCT6, STM32U083C-DK, STM32U083CCT6, STM32U083CCU6, STM32U083HCY6TR, STM32U083KCU6, STM32U083MCI6, STM32U083MCT6, STM32U083RCI6, STM32U083RCT6, STM32U375CET6, STM32U375CET6Q, STM32U375CEU6, STM32U375CEU6Q, STM32U375CEY6QTR, STM32U375CGT6, STM32U375CGT6Q, STM32U375CGU6, STM32U375CGU6Q, STM32U375CGY6QTR, STM32U375KEU6, STM32U375KGU6, STM32U375REI6, STM32U375REI6Q, STM32U375RET6, STM32U375RET6Q, STM32U375REY6GTR, STM32U375REY6QTR, STM32U375RGI6, STM32U375RGI6Q, STM32U375RGT6, STM32U375RGT6Q, STM32U375RGY6GTR, STM32U375RGY6QTR, STM32U375VEI6, STM32U375VEI6Q, STM32U375VET6, STM32U375VET6Q, STM32U375VGI6, STM32U375VGI6Q, STM32U375VGT6, STM32U375VGT6Q, STM32U385CGT6, STM32U385CGT6Q, STM32U385CGU6, STM32U385CGU6Q, STM32U385CGY6QTR, STM32U385KGU6, STM32U385RGI6, STM32U385RGI6Q, STM32U385RGT6, STM32U385RGT6Q, STM32U385RGY6GTR, STM32U385RGY6QTR, STM32U385VGI6, STM32U385VGI6Q, STM32U385VGT6, STM32U385VGT6Q, STM32U535CBT6, STM32U535CBT6Q, STM32U535CBU6, STM32U535CBU6Q, STM32U535CCT6, STM32U535CCT6Q, STM32U535CCU6, STM32U535CCU6Q, STM32U535CET6, STM32U535CET6Q, STM32U535CEU6, STM32U535CEU6Q, STM32U535JEY6QTR, STM32U535NCY6QTR, STM32U535NEY6QTR, STM32U535RBI6, STM32U535RBI6Q, STM32U535RBT6, STM32U535RBT6Q, STM32U535RCI6, STM32U535RCI6Q, STM32U535RCT6, STM32U535RCT6Q, STM32U535REI6, STM32U535REI6Q, STM32U535RET6, STM32U535RET6Q, STM32U535VCI6, STM32U535VCI6Q, STM32U535VCT6, STM32U535VCT6Q, STM32U535VEI6, STM32U535VEI6Q, STM32U535VET6, STM32U535VET6Q, STM32U545CET6, STM32U545CET6Q, STM32U545CEU6, STM32U545CEU6Q, STM32U545JEY6QTR, STM32U545NEY6QTR, STM32U545REI6, STM32U545REI6Q, STM32U545RET6, STM32U545RET6Q, STM32U545VEI6, STM32U545VEI6Q, STM32U545VET6, STM32U545VET6Q, STM32U595AIH6, STM32U595AIH6Q, STM32U595AJH6, STM32U595AJH6Q, STM32U595QII6, STM32U595QII6Q, STM32U595QJI6, STM32U595QJI6Q, STM32U595RIT6, STM32U595RIT6Q, STM32U595RJT6, STM32U595RJT6Q, STM32U595VIT6, STM32U595VIT6Q, STM32U595VJT6, STM32U595VJT6Q, STM32U595ZIT6, STM32U595ZIT6Q, STM32U595ZIY6QTR, STM32U595ZJT6, STM32U595ZJT6Q, STM32U595ZJY6QTR, STM32U599BJY6QTR, STM32U599NIH6Q, STM32U599NJH6Q, STM32U599VIT6Q, STM32U599VJT6, STM32U599VJT6Q, STM32U599ZIT6Q, STM32U599ZIY6QTR, STM32U599ZJT6Q, STM32U599ZJY6QTR, STM32U5A5AJH6, STM32U5A5AJH6Q, STM32U5A5QII3Q , STM32U5A5QJI6, STM32U5A5QJI6Q, STM32U5A5RJT6, STM32U5A5RJT6Q, STM32U5A5VJT6, STM32U5A5VJT6Q, STM32U5A5ZJT6, STM32U5A5ZJT6Q, STM32U5A5ZJY6QTR, STM32U5A9BJY6QTR, STM32U5A9J-DK, STM32U5A9NJH6Q, STM32U5A9VJT6Q, STM32U5A9ZJT6Q, STM32U5A9ZJY6QTR, STM32U5F7VIT6, STM32U5F7VIT6Q, STM32U5F7VJT6, STM32U5F7VJT6Q, STM32U5F9BJY6QTR, STM32U5F9NJH6Q, STM32U5F9VIT6Q, STM32U5F9VJT6Q, STM32U5F9ZIJ6QTR, STM32U5F9ZIT6Q, STM32U5F9ZJJ6QTR, STM32U5F9ZJT6Q, STM32U5G7VJT6, STM32U5G7VJT6Q, STM32U5G9BJY6QTR, STM32U5G9J-DK1, STM32U5G9J-DK2, STM32U5G9NJH6Q, STM32U5G9VJT6Q, STM32U5G9ZJJ6QTR, STM32U5G9ZJT6Q, STM32WB05KZV6TR, STM32WB05KZV7TR, STM32WB05TZF6TR, STM32WB05TZF7TR, STM32WB06CCF6TR, STM32WB06CCF7TR, STM32WB06CCV6TR, STM32WB06CCV7TR, STM32WB06KCV6TR, STM32WB06KCV7TR, STM32WB07CCF6TR, STM32WB07CCF7TR, STM32WB07CCV6TR, STM32WB07CCV7TR, STM32WB07KCV6TR, STM32WB07KCV7TR, STM32WB09KEV6TR, STM32WB09KEV7TR, STM32WB09TEF6TR, STM32WB09TEF7TR, STM32WB1MMCH6, STM32WBA50KGU6, STM32WBA50KGU6TR, STM32WBA52CEU6, STM32WBA52CEU6TR, STM32WBA52CEU7, STM32WBA52CEU7TR, STM32WBA52CGU6, STM32WBA52CGU6TR, STM32WBA52CGU6U, STM32WBA52CGU7, STM32WBA52CGU7TR, STM32WBA52KEU6, STM32WBA52KEU6TR, STM32WBA52KGU6, STM32WBA52KGU6TR, STM32WBA54CEU6, STM32WBA54CEU6TR, STM32WBA54CEU7, STM32WBA54CEU7TR, STM32WBA54CGU6, STM32WBA54CGU6TR, STM32WBA54CGU7, STM32WBA54CGU7TR, STM32WBA54KEU6, STM32WBA54KEU6TR, STM32WBA54KEU7, STM32WBA54KEU7TR, STM32WBA54KGU6, STM32WBA54KGU6TR, STM32WBA54KGU7, STM32WBA54KGU7TR, STM32WBA55CEU6, STM32WBA55CEU6TR, STM32WBA55CEU7, STM32WBA55CEU7TR, STM32WBA55CGU6, STM32WBA55CGU6TR, STM32WBA55CGU6U, STM32WBA55CGU7, STM32WBA55CGU7TR, STM32WBA55G-DK1, STM32WBA55HEF6, STM32WBA55HEF7, STM32WBA55HGF6, STM32WBA55HGF7, STM32WBA55UEI6, STM32WBA55UEI6TR, STM32WBA55UEI7, STM32WBA55UEI7TR, STM32WBA55UGI6, STM32WBA55UGI6TR, STM32WBA55UGI7, STM32WBA55UGI7TR, STM32WBA5MMGH6TR, STM32WBA62MGF6, STM32WBA62MIF6, STM32WBA65MGF7, STM32WBA65MIF6, STM32WBA65MIF7, STM32WL30K8V6, STM32WL30KBV6, STM32WL31C8V6, STM32WL31CBV6, STM32WL31K8V6, STM32WL31KBV6, STM32WL33C8V6, STM32WL33C8V6X, STM32WL33CBV6, STM32WL33CBV6X, STM32WL33CCV6, STM32WL33CCV6A, STM32WL33CCV6X, STM32WL33K8V7, STM32WL33K8V7X, STM32WL33KBV7 , STM32WL33KBV7X, STM32WL33KCV7, STM32WL33KCV7X, STM32WL5MOCH6, STM32WL5MOCH6TR]
2025-12-31 13:38:19,241 [INFO] DbMcus:218 - Found 4876 MCUs, 4876 are supported
2025-12-31 13:38:19,241 [INFO] ApiDb:423 - Load user favorites file C:\Users\Marom Keren/.stm32cubeide/favorites.mcus.txt: 0 item(s)
2025-12-31 13:38:19,241 [INFO] ApiDb:427 - User favorites MCUs=[]
2025-12-31 13:38:19,241 [INFO] DbMcus:224 - Set 0 / 0 favorites MCUs
2025-12-31 13:38:20,428 [INFO] BoardInfo:889 - No configuration file found for board P-NUCLEO-WB55
2025-12-31 13:38:20,428 [INFO] DbBoards:161 - Kit is not supported: P-NUCLEO-WB55
2025-12-31 13:38:20,438 [INFO] BoardInfo:889 - No configuration file found for board STEVAL-BFA001V1B
2025-12-31 13:38:20,438 [INFO] DbBoards:161 - Kit is not supported: STEVAL-BFA001V1B
2025-12-31 13:38:20,438 [INFO] BoardInfo:889 - No configuration file found for board STEVAL-BFA001V2B
2025-12-31 13:38:20,448 [INFO] DbBoards:161 - Kit is not supported: STEVAL-BFA001V2B
2025-12-31 13:38:21,051 [INFO] DbBoards:168 - Found 212 boards, 209 are supported
2025-12-31 13:38:21,051 [INFO] DbBoards:169 - Found 212 boards, 43 of them is supported for  Bsp
2025-12-31 13:38:21,056 [INFO] ApiDb:423 - Load user favorites file C:\Users\Marom Keren/.stm32cubeide/favorites.boards.txt: 1 item(s)
2025-12-31 13:38:21,056 [INFO] ApiDb:427 - User favorites Boards=[NUCLEO-F756ZG]
2025-12-31 13:38:21,056 [INFO] DbBoards:198 - Set 1 / 1 favorites Boards
2025-12-31 13:38:21,109 [INFO] UtilMem:75 - End LoadConfig() Used Memory: 277897392 Bytes (395313152)
2025-12-31 13:38:21,316 [WARN] ThirdParty:833 - waiting for thirdparty lock release [change project]
2025-12-31 13:38:21,325 [INFO] ThirdParty:835 - entering critical section [change project]
2025-12-31 13:38:21,325 [INFO] ThirdParty:1030 - CMSIS Pack Vendor :STMicroelectronics X-CUBE-PM33A1 1.0.0
2025-12-31 13:38:21,325 [INFO] ThirdParty:1030 - CMSIS Pack Vendor :STMicroelectronics USBPD 4.1
2025-12-31 13:38:21,325 [INFO] ThirdParty:1030 - CMSIS Pack Vendor :STMicroelectronics USB_HOST 2.0.0
2025-12-31 13:38:21,325 [INFO] ThirdParty:1030 - CMSIS Pack Vendor :STMicroelectronics FP-SNS-MOTENVWB1 1.4.0
2025-12-31 13:38:21,325 [INFO] ThirdParty:1030 - CMSIS Pack Vendor :STMicroelectronics X-CUBE-AZRTOS-F4 1.1.0
2025-12-31 13:38:21,325 [INFO] ThirdParty:1030 - CMSIS Pack Vendor :STMicroelectronics LIBJPEG 8.0.0
2025-12-31 13:38:21,325 [INFO] ThirdParty:1030 - CMSIS Pack Vendor :STMicroelectronics FP-ATR-ASTRA1 2.0.2
2025-12-31 13:38:21,325 [INFO] ThirdParty:1030 - CMSIS Pack Vendor :Avnet-IotConnect X-CUBE-IoTC-DA16k-PMOD 1.0.0
2025-12-31 13:38:21,325 [INFO] ThirdParty:1030 - CMSIS Pack Vendor :STMicroelectronics X-CUBE-SMBUS 2.1.0
2025-12-31 13:38:21,325 [INFO] ThirdParty:1030 - CMSIS Pack Vendor :STMicroelectronics X-CUBE-ISPU 2.1.0
2025-12-31 13:38:21,325 [INFO] ThirdParty:1030 - CMSIS Pack Vendor :STMicroelectronics X-CUBE-IPS 3.2.0
2025-12-31 13:38:21,325 [INFO] ThirdParty:1030 - CMSIS Pack Vendor :STMicroelectronics X-CUBE-ST60 1.0.0
2025-12-31 13:38:21,325 [INFO] ThirdParty:1030 - CMSIS Pack Vendor :STMicroelectronics X-CUBE-NFC12 1.0.0
2025-12-31 13:38:21,325 [INFO] ThirdParty:1030 - CMSIS Pack Vendor :STMicroelectronics X-CUBE-AZRTOS-F7 1.1.0
2025-12-31 13:38:21,325 [INFO] ThirdParty:1030 - CMSIS Pack Vendor :STMicroelectronics X-CUBE-AZRTOS-L5 2.0.0
2025-12-31 13:38:21,325 [INFO] ThirdParty:1030 - CMSIS Pack Vendor :STMicroelectronics USB_DEVICE 2.0.0
2025-12-31 13:38:21,325 [INFO] ThirdParty:1030 - CMSIS Pack Vendor :STMicroelectronics X-CUBE-NFC6 3.1.0
2025-12-31 13:38:21,325 [INFO] ThirdParty:1030 - CMSIS Pack Vendor :STMicroelectronics FP-SNS-MOTENV1 5.1.0
2025-12-31 13:38:21,325 [INFO] ThirdParty:1030 - CMSIS Pack Vendor :STMicroelectronics FreeRTOS 0.0.1
2025-12-31 13:38:21,325 [INFO] ThirdParty:1030 - CMSIS Pack Vendor :WES I-CUBE-Cesium 1.4.0
2025-12-31 13:38:21,325 [INFO] ThirdParty:1030 - CMSIS Pack Vendor :Infineon AIROC-Wi-Fi-Bluetooth-STM32 1.7.1
2025-12-31 13:38:21,325 [INFO] ThirdParty:1030 - CMSIS Pack Vendor :STMicroelectronics PDM2PCM 3.3.0
2025-12-31 13:38:21,325 [INFO] ThirdParty:1030 - CMSIS Pack Vendor :STMicroelectronics X-CUBE-AZRTOS-H7 3.4.0
2025-12-31 13:38:21,325 [INFO] ThirdParty:1030 - CMSIS Pack Vendor :STMicroelectronics X-CUBE-DISPLAY 3.0.0
2025-12-31 13:38:21,325 [INFO] ThirdParty:1030 - CMSIS Pack Vendor :STMicroelectronics X-CUBE-NFC10 1.0.0
2025-12-31 13:38:21,325 [INFO] ThirdParty:1030 - CMSIS Pack Vendor :STMicroelectronics X-CUBE-FREERTOS 1.3.1
2025-12-31 13:38:21,325 [INFO] ThirdParty:1030 - CMSIS Pack Vendor :STMicroelectronics HAL Drivers 0.0.0
2025-12-31 13:38:21,325 [INFO] ThirdParty:1030 - CMSIS Pack Vendor :STMicroelectronics X-CUBE-ST60 1.1.0
2025-12-31 13:38:21,325 [INFO] ThirdParty:1030 - CMSIS Pack Vendor :emotas I-CUBE-CANOPEN 1.3.0
2025-12-31 13:38:21,325 [INFO] ThirdParty:1030 - CMSIS Pack Vendor :STMicroelectronics MBEDTLS 2.14.1
2025-12-31 13:38:21,325 [INFO] ThirdParty:1030 - CMSIS Pack Vendor :STMicroelectronics X-CUBE-GNSS1 7.1.0
2025-12-31 13:38:21,325 [INFO] ThirdParty:1030 - CMSIS Pack Vendor :STMicroelectronics X-CUBE-TOUCHGFX 4.26.0
2025-12-31 13:38:21,325 [INFO] ThirdParty:1030 - CMSIS Pack Vendor :quantropi X-CUBE-qispace-sdk-base 2.0.0
2025-12-31 13:38:21,325 [INFO] ThirdParty:1030 - CMSIS Pack Vendor :STMicroelectronics FP-SNS-STBOX1 2.1.0
2025-12-31 13:38:21,325 [INFO] ThirdParty:1030 - CMSIS Pack Vendor :STMicroelectronics FP-SNS-STAIOTCFT 1.0.0
2025-12-31 13:38:21,325 [INFO] ThirdParty:1030 - CMSIS Pack Vendor :STMicroelectronics FP-SNS-SMARTAG2 1.2.0
2025-12-31 13:38:21,325 [INFO] ThirdParty:1030 - CMSIS Pack Vendor :STMicroelectronics FP-SNS-FLIGHT1 5.1.0
2025-12-31 13:38:21,325 [INFO] ThirdParty:1030 - CMSIS Pack Vendor :STMicroelectronics X-CUBE-AZRTOS-WL 2.0.0
2025-12-31 13:38:21,325 [INFO] ThirdParty:1030 - CMSIS Pack Vendor :STMicroelectronics X-CUBE-DPower 1.3.0
2025-12-31 13:38:21,325 [INFO] ThirdParty:1030 - CMSIS Pack Vendor :STMicroelectronics FP-SNS-MOTENV1 5.0.0
2025-12-31 13:38:21,325 [INFO] ThirdParty:1030 - CMSIS Pack Vendor :STMicroelectronics USB_DEVICE 1.0.0
2025-12-31 13:38:21,325 [INFO] ThirdParty:1030 - CMSIS Pack Vendor :STMicroelectronics X-CUBE-AZRTOS-H7RS 1.2.0
2025-12-31 13:38:21,325 [INFO] ThirdParty:1030 - CMSIS Pack Vendor :STMicroelectronics X-CUBE-AZRTOS-L4 2.0.0
2025-12-31 13:38:21,325 [INFO] ThirdParty:1030 - CMSIS Pack Vendor :STMicroelectronics ThreadX 0.0.2
2025-12-31 13:38:21,325 [INFO] ThirdParty:1030 - CMSIS Pack Vendor :WES I-CUBE-Cesium 1.3.0
2025-12-31 13:38:21,325 [INFO] ThirdParty:1030 - CMSIS Pack Vendor :STMicroelectronics lwIP 2.1.2
2025-12-31 13:38:21,325 [INFO] ThirdParty:1030 - CMSIS Pack Vendor :STMicroelectronics X-CUBE-SFXS2LP1 4.0.0
2025-12-31 13:38:21,325 [INFO] ThirdParty:1030 - CMSIS Pack Vendor :STMicroelectronics X-CUBE-BLE2 3.3.0
2025-12-31 13:38:21,325 [INFO] ThirdParty:1030 - CMSIS Pack Vendor :Avnet-IOTCONNECT X-CUBE-iotc-st67-sdk 1.0.0
2025-12-31 13:38:21,325 [INFO] ThirdParty:1030 - CMSIS Pack Vendor :Infineon AIROC-Wi-Fi-Bluetooth-STM32 1.8.0
2025-12-31 13:38:21,325 [INFO] ThirdParty:1030 - CMSIS Pack Vendor :STMicroelectronics PDM2PCM 3.2.0
2025-12-31 13:38:21,325 [INFO] ThirdParty:1030 - CMSIS Pack Vendor :STMicroelectronics X-CUBE-NFC9 1.0.0
2025-12-31 13:38:21,325 [INFO] ThirdParty:1030 - CMSIS Pack Vendor :wolfSSL I-CUBE-wolfSSL 5.8.0
2025-12-31 13:38:21,325 [INFO] ThirdParty:1030 - CMSIS Pack Vendor :STMicroelectronics X-CUBE-BLE1 7.1.0
2025-12-31 13:38:21,325 [INFO] ThirdParty:1030 - CMSIS Pack Vendor :wolfSSL I-CUBE-wolfMQTT 1.19.2
2025-12-31 13:38:21,325 [INFO] ThirdParty:1030 - CMSIS Pack Vendor :STMicroelectronics USB_DEVICE 3.0.0
2025-12-31 13:38:21,325 [INFO] ThirdParty:1030 - CMSIS Pack Vendor :STMicroelectronics X-CUBE-FREERTOS 1.4.0
2025-12-31 13:38:21,325 [INFO] ThirdParty:1030 - CMSIS Pack Vendor :STMicroelectronics X-CUBE-EEPRMA1 5.2.0
2025-12-31 13:38:21,325 [INFO] ThirdParty:1030 - CMSIS Pack Vendor :STMicroelectronics X-CUBE-BLEMGR 4.1.0
2025-12-31 13:38:21,325 [INFO] ThirdParty:1030 - CMSIS Pack Vendor :STMicroelectronics X-CUBE-AZRTOS-WB 2.0.0
2025-12-31 13:38:21,325 [INFO] ThirdParty:1030 - CMSIS Pack Vendor :wolfSSL I-CUBE-wolfSSL 5.8.4
2025-12-31 13:38:21,325 [INFO] ThirdParty:1030 - CMSIS Pack Vendor :Cesanta I-CUBE-Mongoose 7.20.0
2025-12-31 13:38:21,325 [INFO] ThirdParty:1030 - CMSIS Pack Vendor :STMicroelectronics X-CUBE-GNSS1 7.0.1
2025-12-31 13:38:21,325 [INFO] ThirdParty:1030 - CMSIS Pack Vendor :STMicroelectronics X-CUBE-TOUCHGFX 4.25.0
2025-12-31 13:38:21,325 [INFO] ThirdParty:1030 - CMSIS Pack Vendor :STMicroelectronics X-CUBE-ST67W61 1.1.0
2025-12-31 13:38:21,325 [INFO] ThirdParty:1030 - CMSIS Pack Vendor :STMicroelectronics X-CUBE-AI 10.1.0
2025-12-31 13:38:21,325 [INFO] ThirdParty:1030 - CMSIS Pack Vendor :STMicroelectronics FP-SNS-STBOX1 2.0.0
2025-12-31 13:38:21,325 [INFO] ThirdParty:1030 - CMSIS Pack Vendor :quantropi X-CUBE-qispace-sdk-base 2.1.0
2025-12-31 13:38:21,325 [INFO] ThirdParty:1030 - CMSIS Pack Vendor :STMicroelectronics X-CUBE-MEMS1 12.0.0
2025-12-31 13:38:21,325 [INFO] ThirdParty:1030 - CMSIS Pack Vendor :STMicroelectronics X-CUBE-AZRTOS-G0 1.1.0
2025-12-31 13:38:21,325 [INFO] ThirdParty:1030 - CMSIS Pack Vendor :STMicroelectronics X-CUBE-SAFEA1 1.2.2
2025-12-31 13:38:21,325 [INFO] ThirdParty:1030 - CMSIS Pack Vendor :STMicroelectronics X-CUBE-NFC4 3.0.0
2025-12-31 13:38:21,325 [INFO] ThirdParty:1030 - CMSIS Pack Vendor :STMicroelectronics X-CUBE-SUBG2 5.0.0
2025-12-31 13:38:21,325 [INFO] ThirdParty:1030 - CMSIS Pack Vendor :STMicroelectronics X-CUBE-AZRTOS-H7RS 1.1.0
2025-12-31 13:38:21,325 [INFO] ThirdParty:1030 - CMSIS Pack Vendor :STMicroelectronics STM32_WPAN 1.0.0
2025-12-31 13:38:21,325 [INFO] ThirdParty:1030 - CMSIS Pack Vendor :EmbeddedOffice I-CUBE-FS-RTOS 1.0.1
2025-12-31 13:38:21,325 [INFO] ThirdParty:1030 - CMSIS Pack Vendor :STMicroelectronics lwIP 2.0.3
2025-12-31 13:38:21,325 [INFO] ThirdParty:1030 - CMSIS Pack Vendor :Cesanta I-CUBE-Mongoose 7.13.0
2025-12-31 13:38:21,325 [INFO] ThirdParty:1030 - CMSIS Pack Vendor :STMicroelectronics USB_HOST 1.0.0
2025-12-31 13:38:21,325 [INFO] ThirdParty:1030 - CMSIS Pack Vendor :STMicroelectronics X-CUBE-AZRTOS-G4 2.0.0
2025-12-31 13:38:21,325 [INFO] ThirdParty:1030 - CMSIS Pack Vendor :STMicroelectronics X-CUBE-WB05N 2.0.0
2025-12-31 13:38:21,325 [INFO] ThirdParty:1030 - CMSIS Pack Vendor :STMicroelectronics PDM2PCM 3.1.0
2025-12-31 13:38:21,325 [INFO] ThirdParty:1030 - CMSIS Pack Vendor :wolfSSL I-CUBE-wolfTPM 3.8.0
2025-12-31 13:38:21,325 [INFO] ThirdParty:1030 - CMSIS Pack Vendor :wolfSSL I-CUBE-wolfSSH 1.4.20
2025-12-31 13:38:21,325 [INFO] ThirdParty:1030 - CMSIS Pack Vendor :STMicroelectronics X-CUBE-NFC7 2.0.0
2025-12-31 13:38:21,332 [INFO] ThirdParty:1030 - CMSIS Pack Vendor :STMicroelectronics X-CUBE-TCPP 4.2.0
2025-12-31 13:38:21,332 [INFO] ThirdParty:1030 - CMSIS Pack Vendor :RealThread X-CUBE-RT-Thread_Nano 4.1.1
2025-12-31 13:38:21,332 [INFO] ThirdParty:1030 - CMSIS Pack Vendor :STMicroelectronics FP-ATR-SIGFOX1 3.2.0
2025-12-31 13:38:21,332 [INFO] ThirdParty:1030 - CMSIS Pack Vendor :STMicroelectronics MBEDTLS 2.16.2
2025-12-31 13:38:21,333 [INFO] ThirdParty:1030 - CMSIS Pack Vendor :STMicroelectronics X-CUBE-IPS 3.1.0
2025-12-31 13:38:21,333 [INFO] ThirdParty:1030 - CMSIS Pack Vendor :STMicroelectronics X-CUBE-ALS 1.0.2
2025-12-31 13:38:21,333 [INFO] ThirdParty:1030 - CMSIS Pack Vendor :ITTIA_DB I-CUBE-ITTIADB 8.9.0
2025-12-31 13:38:21,333 [INFO] ThirdParty:1030 - CMSIS Pack Vendor :STMicroelectronics X-CUBE-STSE01 1.0.0
2025-12-31 13:38:21,333 [INFO] ThirdParty:1030 - CMSIS Pack Vendor :portGmbH I-Cube-SoM-uGOAL 1.1.0
2025-12-31 13:38:21,333 [INFO] ThirdParty:1030 - CMSIS Pack Vendor :STMicroelectronics X-CUBE-ST67W61 1.0.0
2025-12-31 13:38:21,333 [INFO] ThirdParty:1030 - CMSIS Pack Vendor :STMicroelectronics X-CUBE-AI 10.2.0
2025-12-31 13:38:21,333 [INFO] ThirdParty:1030 - CMSIS Pack Vendor :STMicroelectronics ThreadX 1.0.0
2025-12-31 13:38:21,333 [INFO] ThirdParty:1030 - CMSIS Pack Vendor :SEGGER I-CUBE-embOS 1.3.1
2025-12-31 13:38:21,333 [INFO] ThirdParty:1030 - CMSIS Pack Vendor :STMicroelectronics X-CUBE-ALGOBUILD 1.4.0
2025-12-31 13:38:21,333 [INFO] ThirdParty:1030 - CMSIS Pack Vendor :STMicroelectronics X-CUBE-MEMS1 11.3.0
2025-12-31 13:38:21,333 [INFO] ThirdParty:1030 - CMSIS Pack Vendor :STMicroelectronics X-CUBE-TOF1 3.4.3
2025-12-31 13:38:21,333 [INFO] ThirdParty:841 - exiting critical section [change project]
2025-12-31 13:38:22,651 [INFO] PinOutPanel:1589 - setPackage(No Configuration,No Configuration)
2025-12-31 13:38:22,661 [INFO] PinOutPanel:1589 - setPackage(STM32F756ZGTx,LQFP144)
2025-12-31 13:38:24,847 [INFO] UtilMem:75 - Before build in PCC Used Memory: 299300784 Bytes (395313152)
2025-12-31 13:38:27,661 [INFO] UtilMem:75 - After build in PCC Used Memory: 370693680 Bytes (395313152)
2025-12-31 13:38:27,899 [INFO] IPUIPlugin:80 - create IPUIPlugin
2025-12-31 13:38:27,900 [INFO] IPUIPlugin:80 - create IPUIPlugin
2025-12-31 13:38:27,900 [INFO] IPUIPlugin:80 - create IPUIPlugin
2025-12-31 13:38:27,900 [INFO] IPUIPlugin:80 - create IPUIPlugin
2025-12-31 13:38:27,901 [INFO] IPUIPlugin:80 - create IPUIPlugin
2025-12-31 13:38:27,902 [INFO] IPUIPlugin:80 - create IPUIPlugin
2025-12-31 13:38:27,902 [INFO] IPUIPlugin:80 - create IPUIPlugin
2025-12-31 13:38:27,903 [INFO] IPUIPlugin:80 - create IPUIPlugin
2025-12-31 13:38:27,903 [INFO] IPUIPlugin:80 - create IPUIPlugin
2025-12-31 13:38:27,904 [INFO] IPUIPlugin:80 - create IPUIPlugin
2025-12-31 13:38:27,905 [INFO] IPUIPlugin:80 - create IPUIPlugin
2025-12-31 13:38:27,907 [INFO] IPUIPlugin:80 - create IPUIPlugin
2025-12-31 13:38:27,907 [INFO] IPUIPlugin:80 - create IPUIPlugin
2025-12-31 13:38:27,908 [INFO] IPUIPlugin:80 - create IPUIPlugin
2025-12-31 13:38:27,908 [INFO] IPUIPlugin:80 - create IPUIPlugin
2025-12-31 13:38:27,908 [INFO] IPUIPlugin:80 - create IPUIPlugin
2025-12-31 13:38:27,908 [INFO] IPUIPlugin:80 - create IPUIPlugin
2025-12-31 13:38:27,909 [INFO] IPUIPlugin:80 - create IPUIPlugin
2025-12-31 13:38:27,910 [INFO] IPUIPlugin:80 - create IPUIPlugin
2025-12-31 13:38:27,911 [INFO] IPUIPlugin:80 - create IPUIPlugin
2025-12-31 13:38:27,911 [INFO] IPUIPlugin:80 - create IPUIPlugin
2025-12-31 13:38:27,912 [INFO] IPUIPlugin:80 - create IPUIPlugin
2025-12-31 13:38:27,912 [INFO] IPUIPlugin:80 - create IPUIPlugin
2025-12-31 13:38:27,912 [INFO] IPUIPlugin:80 - create IPUIPlugin
2025-12-31 13:38:27,917 [INFO] IPUIPlugin:80 - create IPUIPlugin
2025-12-31 13:38:27,917 [INFO] IPUIPlugin:80 - create IPUIPlugin
2025-12-31 13:38:27,918 [INFO] IPUIPlugin:80 - create IPUIPlugin
2025-12-31 13:38:27,919 [INFO] IPUIPlugin:80 - create IPUIPlugin
2025-12-31 13:38:27,919 [INFO] IPUIPlugin:80 - create IPUIPlugin
2025-12-31 13:38:27,920 [INFO] IPUIPlugin:80 - create IPUIPlugin
2025-12-31 13:38:27,921 [INFO] IPUIPlugin:80 - create IPUIPlugin
2025-12-31 13:38:27,922 [INFO] IPUIPlugin:80 - create IPUIPlugin
2025-12-31 13:38:27,922 [INFO] IPUIPlugin:80 - create IPUIPlugin
2025-12-31 13:38:27,924 [INFO] IPUIPlugin:80 - create IPUIPlugin
2025-12-31 13:38:27,928 [INFO] IPUIPlugin:80 - create IPUIPlugin
2025-12-31 13:38:27,929 [INFO] IPUIPlugin:80 - create IPUIPlugin
2025-12-31 13:38:27,930 [INFO] IPUIPlugin:80 - create IPUIPlugin
2025-12-31 13:38:27,935 [INFO] IPUIPlugin:80 - create IPUIPlugin
2025-12-31 13:38:27,936 [INFO] IPUIPlugin:80 - create IPUIPlugin
2025-12-31 13:38:27,937 [INFO] IPUIPlugin:80 - create IPUIPlugin
2025-12-31 13:38:27,940 [INFO] IPUIPlugin:80 - create IPUIPlugin
2025-12-31 13:38:27,941 [INFO] IPUIPlugin:80 - create IPUIPlugin
2025-12-31 13:38:27,942 [INFO] IPUIPlugin:80 - create IPUIPlugin
2025-12-31 13:38:27,943 [INFO] IPUIPlugin:80 - create IPUIPlugin
2025-12-31 13:38:27,943 [INFO] IPUIPlugin:80 - create IPUIPlugin
2025-12-31 13:38:27,944 [INFO] IPUIPlugin:80 - create IPUIPlugin
2025-12-31 13:38:27,945 [INFO] IPUIPlugin:80 - create IPUIPlugin
2025-12-31 13:38:27,946 [INFO] IPUIPlugin:80 - create IPUIPlugin
2025-12-31 13:38:27,947 [INFO] IPUIPlugin:80 - create IPUIPlugin
2025-12-31 13:38:27,949 [INFO] IPUIPlugin:80 - create IPUIPlugin
2025-12-31 13:38:27,950 [INFO] IPUIPlugin:80 - create IPUIPlugin
2025-12-31 13:38:27,951 [INFO] IPUIPlugin:80 - create IPUIPlugin
2025-12-31 13:38:27,952 [INFO] IPUIPlugin:80 - create IPUIPlugin
2025-12-31 13:38:27,953 [INFO] IPUIPlugin:80 - create IPUIPlugin
2025-12-31 13:38:27,953 [INFO] IPUIPlugin:80 - create IPUIPlugin
2025-12-31 13:38:27,954 [INFO] IPUIPlugin:80 - create IPUIPlugin
2025-12-31 13:38:27,955 [INFO] IPUIPlugin:80 - create IPUIPlugin
2025-12-31 13:38:27,956 [INFO] IPUIPlugin:80 - create IPUIPlugin
2025-12-31 13:38:27,957 [INFO] IPUIPlugin:80 - create IPUIPlugin
2025-12-31 13:38:27,958 [INFO] IPUIPlugin:80 - create IPUIPlugin
2025-12-31 13:38:27,960 [INFO] IPUIPlugin:80 - create IPUIPlugin
2025-12-31 13:38:27,961 [INFO] IPUIPlugin:80 - create IPUIPlugin
2025-12-31 13:38:27,965 [INFO] IPUIPlugin:80 - create IPUIPlugin
2025-12-31 13:38:27,970 [INFO] IPUIPlugin:80 - create IPUIPlugin
2025-12-31 13:38:27,971 [INFO] IPUIPlugin:80 - create IPUIPlugin
2025-12-31 13:38:27,973 [INFO] IPUIPlugin:80 - create IPUIPlugin
2025-12-31 13:38:27,974 [INFO] IPUIPlugin:80 - create IPUIPlugin
2025-12-31 13:38:27,977 [INFO] IPUIPlugin:80 - create IPUIPlugin
2025-12-31 13:38:27,978 [INFO] IPUIPlugin:80 - create IPUIPlugin
2025-12-31 13:38:27,980 [INFO] IPUIPlugin:80 - create IPUIPlugin
2025-12-31 13:38:27,984 [INFO] IPUIPlugin:80 - create IPUIPlugin
2025-12-31 13:38:27,985 [INFO] IPUIPlugin:80 - create IPUIPlugin
2025-12-31 13:38:27,986 [INFO] IPUIPlugin:80 - create IPUIPlugin
2025-12-31 13:38:27,987 [INFO] IPUIPlugin:80 - create IPUIPlugin
2025-12-31 13:38:27,989 [INFO] IPUIPlugin:80 - create IPUIPlugin
2025-12-31 13:38:27,990 [INFO] IPUIPlugin:80 - create IPUIPlugin
2025-12-31 13:38:28,269 [INFO] ApiDbMcu:532 - Load IP Config File for PDM2PCM
2025-12-31 13:38:29,607 [INFO] CADModel:165 - CPN selected for project levelSTM32F756ZGT6
2025-12-31 13:38:29,607 [INFO] CADModel:114 - Register for checkConnection events
2025-12-31 13:38:29,673 [INFO] OpenFileManager:386 - Restore cursor
2025-12-31 13:38:30,694 [WARN] IP:2250 - Warning not found: check if there is a RefParameter without a condition.
2025-12-31 13:38:30,694 [WARN] IP:2250 - RxBufferAddress not found: check if there is a RefParameter without a condition.
2025-12-31 13:38:30,694 [WARN] IP:2250 - DESC_SIZE_UNIT not found: check if there is a RefParameter without a condition.
2025-12-31 13:38:30,697 [WARN] IP:2250 - Warning not found: check if there is a RefParameter without a condition.
2025-12-31 13:38:30,697 [WARN] IP:2250 - RxBufferAddress not found: check if there is a RefParameter without a condition.
2025-12-31 13:38:30,698 [WARN] IP:2250 - DESC_SIZE_UNIT not found: check if there is a RefParameter without a condition.
2025-12-31 13:38:34,384 [INFO] LogOutputStream:77 - [STDOUT_REDIRECT] 
2025-12-31 13:38:35,176 [INFO] McuFinderGlobals:63 - Set McuFinder mode to 2 (CubeIDE integrated)
2025-12-31 13:38:35,178 [INFO] UserAuth:487 - Internet connection configuration mode: 1
2025-12-31 13:38:35,216 [INFO] JxBrowserEngine:152 - Initiate JxBrowser Engine with user profile folder
2025-12-31 13:38:36,678 [INFO] WebApp:169 - Instantiating new browser for Auth
2025-12-31 13:38:38,349 [INFO] WebApp:463 - Apply proxy settings
2025-12-31 13:38:38,350 [INFO] WebApp:548 - Chromium requires no authentication
2025-12-31 13:38:38,364 [INFO] WebApp:491 - Direct internet connection detected
2025-12-31 13:38:38,403 [INFO] WebApp:900 - Register for checkConnection events
2025-12-31 13:38:38,403 [INFO] WebApp:463 - Apply proxy settings
2025-12-31 13:38:38,403 [INFO] WebApp:548 - Chromium requires no authentication
2025-12-31 13:38:38,404 [INFO] WebApp:491 - Direct internet connection detected
2025-12-31 13:38:38,643 [INFO] WebApp:191 - Connection restablished
2025-12-31 13:38:38,784 [INFO] WebApp:225 - Starting web application
2025-12-31 13:38:38,784 [INFO] WebApp:593 - Web application path used C:\ST\STM32CubeIDE_1.19.0\STM32CubeIDE\plugins\com.st.stm32cube.common.mx_6.15.0.202507011659\db\plugins\mcufinder\reactClient1\index.html
2025-12-31 13:38:39,000 [INFO] UserAuth:487 - Internet connection configuration mode: 1
2025-12-31 13:39:33,172 [INFO] I2cTimingTraitement:330 - 0x00808CD2
2025-12-31 13:39:33,273 [WARN] IP:2250 - Warning not found: check if there is a RefParameter without a condition.
2025-12-31 13:39:33,273 [WARN] IP:2250 - RxBufferAddress not found: check if there is a RefParameter without a condition.
2025-12-31 13:39:33,273 [WARN] IP:2250 - DESC_SIZE_UNIT not found: check if there is a RefParameter without a condition.
2025-12-31 13:39:33,274 [WARN] IP:2250 - Warning not found: check if there is a RefParameter without a condition.
2025-12-31 13:39:33,274 [WARN] IP:2250 - RxBufferAddress not found: check if there is a RefParameter without a condition.
2025-12-31 13:39:33,274 [WARN] IP:2250 - DESC_SIZE_UNIT not found: check if there is a RefParameter without a condition.
2025-12-31 13:39:52,304 [INFO] I2cTimingTraitement:330 - 0x00808CD2
2025-12-31 13:40:07,225 [INFO] I2cTimingTraitement:330 - 0x00808CD2
2025-12-31 13:40:07,350 [WARN] IP:2250 - Warning not found: check if there is a RefParameter without a condition.
2025-12-31 13:40:07,351 [WARN] IP:2250 - RxBufferAddress not found: check if there is a RefParameter without a condition.
2025-12-31 13:40:07,351 [WARN] IP:2250 - DESC_SIZE_UNIT not found: check if there is a RefParameter without a condition.
2025-12-31 13:40:07,352 [WARN] IP:2250 - Warning not found: check if there is a RefParameter without a condition.
2025-12-31 13:40:07,352 [WARN] IP:2250 - RxBufferAddress not found: check if there is a RefParameter without a condition.
2025-12-31 13:40:07,352 [WARN] IP:2250 - DESC_SIZE_UNIT not found: check if there is a RefParameter without a condition.
2025-12-31 13:40:07,443 [INFO] I2cTimingTraitement:330 - 0x00808CD2
2025-12-31 13:40:42,947 [INFO] UtilMem:75 - End SaveConfig() Used Memory: 710876200 Bytes (932184064)
2025-12-31 13:40:47,290 [INFO] UtilMem:75 - End SaveConfig() Used Memory: 618422840 Bytes (960495616)
2025-12-31 13:52:06,128 [INFO] Activator:176 - 


2025-12-31 13:52:06,130 [INFO] Activator:177 - !SESSION log4j initialized
2025-12-31 13:52:09,015 [INFO] ApplicationProperties:184 - Using Application install path: C:\ST\STM32CubeIDE_1.19.0\STM32CubeIDE\plugins\com.st.stm32cube.common.mx_6.15.0.202507011659
2025-12-31 13:52:09,031 [INFO] DbMcusXml:78 - Set database path to: C:\ST\STM32CubeIDE_1.19.0\STM32CubeIDE\plugins\com.st.stm32cube.common.mx_6.15.0.202507011659\\db\/mcu/
2025-12-31 13:52:09,031 [INFO] ApiDb:274 - Set plugin database path to: C:\ST\STM32CubeIDE_1.19.0\STM32CubeIDE\plugins\com.st.stm32cube.common.mx_6.15.0.202507011659\\db\/plugins/boardmanager/
2025-12-31 13:52:09,031 [WARN] ApiDb:259 - Overriding images path with different value:  => C:\ST\STM32CubeIDE_1.19.0\STM32CubeIDE\plugins\com.st.stm32cube.common.mx_6.15.0.202507011659\\db\/plugins/mcufinder/images/
2025-12-31 13:52:09,037 [INFO] ApiDb:250 - Set database path to: C:\Users\Marom Keren\.stmcufinder\plugins\mcufinder//mcu/
2025-12-31 13:52:09,039 [INFO] DbMcusAds:125 - Set database path to: C:\Users\Marom Keren\.stmcufinder\plugins\mcufinder//mcu/
2025-12-31 13:52:09,302 [INFO] CrossReferenceDbSqlite:203 - Set database path to: C:\Users\Marom Keren\.stmcufinder\plugins\mcufinder//mcu/cs/
2025-12-31 13:52:09,476 [INFO] RulesReader:64 - Compatibility file has been processed (317 Rules)
2025-12-31 13:52:09,612 [INFO] DbMcusXml:78 - Set database path to: C:\ST\STM32CubeIDE_1.19.0\STM32CubeIDE\plugins\com.st.stm32cube.common.mx_6.15.0.202507011659\\db\/mcu/
2025-12-31 13:52:09,612 [INFO] ApiDb:274 - Set plugin database path to: C:\ST\STM32CubeIDE_1.19.0\STM32CubeIDE\plugins\com.st.stm32cube.common.mx_6.15.0.202507011659\\db\/plugins/boardmanager/
2025-12-31 13:52:09,612 [INFO] ApiDb:261 - Set plugin images path to: C:\ST\STM32CubeIDE_1.19.0\STM32CubeIDE\plugins\com.st.stm32cube.common.mx_6.15.0.202507011659\\db\/plugins/mcufinder/images/
2025-12-31 13:52:09,612 [WARN] DbFile:41 - Overriding database path with different value: C:\Users\Marom Keren\.stmcufinder\plugins\mcufinder/ => C:\Users\Marom Keren\.stmcufinder\plugins\mcufinder
2025-12-31 13:52:09,612 [INFO] ApiDb:250 - Set database path to: C:\Users\Marom Keren\.stmcufinder\plugins\mcufinder//mcu/
2025-12-31 13:52:09,612 [WARN] DbFile:41 - Overriding database path with different value: C:\Users\Marom Keren\.stmcufinder\plugins\mcufinder/ => C:\Users\Marom Keren\.stmcufinder\plugins\mcufinder
2025-12-31 13:52:09,612 [INFO] DbMcusAds:125 - Set database path to: C:\Users\Marom Keren\.stmcufinder\plugins\mcufinder//mcu/
2025-12-31 13:52:09,612 [WARN] DbFile:41 - Overriding database path with different value: C:\Users\Marom Keren\.stmcufinder\plugins\mcufinder/ => C:\Users\Marom Keren\.stmcufinder\plugins\mcufinder
2025-12-31 13:52:09,612 [WARN] DbFile:41 - Overriding database path with different value: C:\Users\Marom Keren\.stmcufinder\plugins\mcufinder/ => C:\Users\Marom Keren\.stmcufinder\plugins\mcufinder
2025-12-31 13:52:09,612 [INFO] CrossReferenceDbSqlite:203 - Set database path to: C:\Users\Marom Keren\.stmcufinder\plugins\mcufinder//mcu/cs/
2025-12-31 13:52:09,702 [INFO] MainPanel:274 - HeapMemory: 268435456
2025-12-31 13:52:09,833 [INFO] DbMcusXml:78 - Set database path to: C:\ST\STM32CubeIDE_1.19.0\STM32CubeIDE\plugins\com.st.stm32cube.common.mx_6.15.0.202507011659\\db\/mcu/
2025-12-31 13:52:09,833 [INFO] ApiDb:274 - Set plugin database path to: C:\ST\STM32CubeIDE_1.19.0\STM32CubeIDE\plugins\com.st.stm32cube.common.mx_6.15.0.202507011659\\db\/plugins/boardmanager/
2025-12-31 13:52:09,833 [INFO] ApiDb:261 - Set plugin images path to: C:\ST\STM32CubeIDE_1.19.0\STM32CubeIDE\plugins\com.st.stm32cube.common.mx_6.15.0.202507011659\\db\/plugins/mcufinder/images/
2025-12-31 13:52:09,833 [WARN] DbFile:41 - Overriding database path with different value: C:\Users\Marom Keren\.stmcufinder\plugins\mcufinder/ => C:\Users\Marom Keren\.stmcufinder\plugins\mcufinder
2025-12-31 13:52:09,833 [INFO] ApiDb:250 - Set database path to: C:\Users\Marom Keren\.stmcufinder\plugins\mcufinder//mcu/
2025-12-31 13:52:09,833 [WARN] DbFile:41 - Overriding database path with different value: C:\Users\Marom Keren\.stmcufinder\plugins\mcufinder/ => C:\Users\Marom Keren\.stmcufinder\plugins\mcufinder
2025-12-31 13:52:09,833 [INFO] DbMcusAds:125 - Set database path to: C:\Users\Marom Keren\.stmcufinder\plugins\mcufinder//mcu/
2025-12-31 13:52:09,833 [WARN] DbFile:41 - Overriding database path with different value: C:\Users\Marom Keren\.stmcufinder\plugins\mcufinder/ => C:\Users\Marom Keren\.stmcufinder\plugins\mcufinder
2025-12-31 13:52:09,833 [WARN] DbFile:41 - Overriding database path with different value: C:\Users\Marom Keren\.stmcufinder\plugins\mcufinder/ => C:\Users\Marom Keren\.stmcufinder\plugins\mcufinder
2025-12-31 13:52:09,833 [INFO] CrossReferenceDbSqlite:203 - Set database path to: C:\Users\Marom Keren\.stmcufinder\plugins\mcufinder//mcu/cs/
2025-12-31 13:52:09,854 [INFO] ApplicationProperties:184 - Using Application install path: C:\ST\STM32CubeIDE_1.19.0\STM32CubeIDE\plugins\com.st.stm32cube.common.mx_6.15.0.202507011659
2025-12-31 13:52:09,854 [INFO] PluginManage:196 - Search for loadable plugins [exclusion list=, ]
2025-12-31 13:52:09,854 [INFO] PluginManage:310 - Check plugin analytics
2025-12-31 13:52:10,324 [INFO] AnalyticsPlugin:253 - Accepted Software Licenses: STM32CubeMX.6.13.0
2025-12-31 13:52:10,324 [INFO] AnalyticsPlugin:255 - Accepted CMSIS Pack Licenses: STMicroelectronics.X-CUBE-AZRTOS-F7.1.1.0,STMicroelectronics.X-CUBE-AZRTOS-F7.1.0.0
2025-12-31 13:52:10,324 [INFO] AnalyticsPlugin:257 - Accepted Firmware Licenses: FW.F7.1.17.0
2025-12-31 13:52:10,332 [INFO] PluginManage:359 - Loaded plugin analytics (category:tool,tabindex:-1)
2025-12-31 13:52:10,332 [INFO] PluginManage:310 - Check plugin cadmodel
2025-12-31 13:52:10,342 [INFO] CADModel:105 - Init CAD model plugin
2025-12-31 13:52:10,342 [INFO] PluginManage:359 - Loaded plugin cadmodel (category:power,tabindex:5)
2025-12-31 13:52:10,342 [INFO] PluginManage:310 - Check plugin clock
2025-12-31 13:52:10,372 [INFO] PluginManage:359 - Loaded plugin clock (category:base,tabindex:2)
2025-12-31 13:52:10,372 [INFO] PluginManage:310 - Check plugin ddr
2025-12-31 13:52:10,382 [INFO] PluginManage:359 - Loaded plugin ddr (category:tool,tabindex:6)
2025-12-31 13:52:10,382 [INFO] PluginManage:310 - Check plugin filemanager
2025-12-31 13:52:10,633 [INFO] PluginManage:359 - Loaded plugin filemanager (category:base,tabindex:10)
2025-12-31 13:52:10,633 [INFO] PluginManage:310 - Check plugin ipmanager
2025-12-31 13:52:10,647 [INFO] PluginManage:359 - Loaded plugin ipmanager (category:base,tabindex:5)
2025-12-31 13:52:10,647 [INFO] PluginManage:310 - Check plugin lpbam
2025-12-31 13:52:10,661 [INFO] PluginManage:359 - Loaded plugin lpbam (category:base,tabindex:0)
2025-12-31 13:52:10,661 [INFO] PluginManage:310 - Check plugin memorymap
2025-12-31 13:52:10,681 [INFO] PluginManage:359 - Loaded plugin memorymap (category:base,tabindex:4)
2025-12-31 13:52:10,681 [INFO] PluginManage:310 - Check plugin pinoutandconfiguration
2025-12-31 13:52:10,687 [INFO] PluginManage:359 - Loaded plugin pinoutandconfiguration (category:base,tabindex:1)
2025-12-31 13:52:10,687 [INFO] PluginManage:310 - Check plugin pinoutconfig
2025-12-31 13:52:10,866 [WARN] SupportedApi:132 - Cannot load RTOS API schema: s4s-elt-must-match.1: The content of 'definitions' must match (annotation?, (simpleType | complexType)?, (unique | key | keyref)*)). A problem was found starting at: attribute.
2025-12-31 13:52:11,182 [INFO] PluginManage:359 - Loaded plugin pinoutconfig (category:base,tabindex:0)
2025-12-31 13:52:11,182 [INFO] PluginManage:310 - Check plugin power
2025-12-31 13:52:11,192 [INFO] PluginManage:359 - Loaded plugin power (category:power,tabindex:4)
2025-12-31 13:52:11,192 [INFO] PluginManage:310 - Check plugin projectmanager
2025-12-31 13:52:11,243 [INFO] PluginManage:359 - Loaded plugin projectmanager (category:projectmanager,tabindex:4)
2025-12-31 13:52:11,243 [INFO] PluginManage:310 - Check plugin rif
2025-12-31 13:52:11,273 [INFO] PluginManage:359 - Loaded plugin rif (category:base,tabindex:3)
2025-12-31 13:52:11,273 [INFO] PluginManage:310 - Check plugin thirdparty
2025-12-31 13:52:11,549 [WARN] IntegrityCheckThread:84 - waiting for thirdparty lock release [integrity check]
2025-12-31 13:52:11,549 [INFO] IntegrityCheckThread:86 - entering critical section [integrity check]
2025-12-31 13:52:11,549 [INFO] PluginManage:359 - Loaded plugin thirdparty (category:base,tabindex:-1)
2025-12-31 13:52:11,556 [INFO] PluginManage:310 - Check plugin tools
2025-12-31 13:52:11,556 [INFO] ThirdPartyUpdaterWithRetryManager:70 - Updater plugin not ready yet. [1/15]
2025-12-31 13:52:11,556 [INFO] PluginManage:359 - Loaded plugin tools (category:base,tabindex:7)
2025-12-31 13:52:11,556 [INFO] PluginManage:310 - Check plugin tutovideos
2025-12-31 13:52:11,878 [INFO] PluginManage:359 - Loaded plugin tutovideos (category:base,tabindex:-1)
2025-12-31 13:52:11,878 [INFO] PluginManage:310 - Check plugin updater
2025-12-31 13:52:11,902 [INFO] PluginManage:359 - Loaded plugin updater (category:base,tabindex:12)
2025-12-31 13:52:11,902 [INFO] PluginManage:310 - Check plugin userauth
2025-12-31 13:52:11,913 [INFO] UserAuth:118 - Init User Auth plugin
2025-12-31 13:52:11,913 [INFO] PluginManage:359 - Loaded plugin userauth (category:base,tabindex:14)
2025-12-31 13:52:11,915 [INFO] PluginManage:283 - PluginManage : Loaded plugins [18]
2025-12-31 13:52:12,248 [INFO] PinOutPanel:1589 - setPackage(No Configuration,No Configuration)
2025-12-31 13:52:12,365 [INFO] CADModel:165 - CPN selected for project level
2025-12-31 13:52:12,365 [INFO] CADModel:114 - Register for checkConnection events
2025-12-31 13:52:12,385 [INFO] IPUIPlugin:80 - create IPUIPlugin
2025-12-31 13:52:12,385 [INFO] PluginManager:220 - loadIPPluginJar : add adc
2025-12-31 13:52:12,385 [INFO] IPUIPlugin:80 - create IPUIPlugin
2025-12-31 13:52:12,385 [INFO] PluginManager:220 - loadIPPluginJar : add aes
2025-12-31 13:52:12,390 [INFO] IPUIPlugin:80 - create IPUIPlugin
2025-12-31 13:52:12,390 [INFO] PluginManager:220 - loadIPPluginJar : add can
2025-12-31 13:52:12,390 [INFO] IPUIPlugin:80 - create IPUIPlugin
2025-12-31 13:52:12,395 [INFO] PluginManager:220 - loadIPPluginJar : add comp
2025-12-31 13:52:12,395 [INFO] IPUIPlugin:80 - create IPUIPlugin
2025-12-31 13:52:12,395 [INFO] PluginManager:220 - loadIPPluginJar : add cryp
2025-12-31 13:52:12,395 [INFO] IPUIPlugin:80 - create IPUIPlugin
2025-12-31 13:52:12,395 [INFO] PluginManager:220 - loadIPPluginJar : add ddr_ctrl_phy
2025-12-31 13:52:12,395 [INFO] IPUIPlugin:80 - create IPUIPlugin
2025-12-31 13:52:12,405 [INFO] PluginManager:220 - loadIPPluginJar : add dfsdm
2025-12-31 13:52:12,410 [INFO] IPUIPlugin:80 - create IPUIPlugin
2025-12-31 13:52:12,413 [INFO] PluginManager:220 - loadIPPluginJar : add dma
2025-12-31 13:52:12,415 [INFO] IPUIPlugin:80 - create IPUIPlugin
2025-12-31 13:52:12,415 [INFO] PluginManager:220 - loadIPPluginJar : add dma3
2025-12-31 13:52:12,419 [INFO] IPUIPlugin:80 - create IPUIPlugin
2025-12-31 13:52:12,419 [INFO] PluginManager:220 - loadIPPluginJar : add extmemmanager
2025-12-31 13:52:12,421 [INFO] IPUIPlugin:80 - create IPUIPlugin
2025-12-31 13:52:12,421 [INFO] PluginManager:220 - loadIPPluginJar : add fatfs
2025-12-31 13:52:12,426 [INFO] IPUIPlugin:80 - create IPUIPlugin
2025-12-31 13:52:12,426 [INFO] PluginManager:220 - loadIPPluginJar : add fmc
2025-12-31 13:52:12,446 [INFO] IPUIPlugin:80 - create IPUIPlugin
2025-12-31 13:52:12,446 [INFO] PluginManager:220 - loadIPPluginJar : add freertos
2025-12-31 13:52:12,448 [INFO] IPUIPlugin:80 - create IPUIPlugin
2025-12-31 13:52:12,448 [INFO] PluginManager:220 - loadIPPluginJar : add genericplugin
2025-12-31 13:52:12,454 [INFO] IPUIPlugin:80 - create IPUIPlugin
2025-12-31 13:52:12,454 [INFO] PluginManager:220 - loadIPPluginJar : add gfxmmu
2025-12-31 13:52:12,456 [INFO] IPUIPlugin:80 - create IPUIPlugin
2025-12-31 13:52:12,464 [INFO] PluginManager:220 - loadIPPluginJar : add gic
2025-12-31 13:52:12,468 [INFO] IPUIPlugin:80 - create IPUIPlugin
2025-12-31 13:52:12,470 [INFO] PluginManager:220 - loadIPPluginJar : add gpio
2025-12-31 13:52:12,472 [INFO] IPUIPlugin:80 - create IPUIPlugin
2025-12-31 13:52:12,472 [INFO] PluginManager:220 - loadIPPluginJar : add gtzc
2025-12-31 13:52:12,476 [INFO] IPUIPlugin:80 - create IPUIPlugin
2025-12-31 13:52:12,476 [INFO] PluginManager:220 - loadIPPluginJar : add hash
2025-12-31 13:52:12,485 [INFO] IPUIPlugin:80 - create IPUIPlugin
2025-12-31 13:52:12,485 [INFO] PluginManager:220 - loadIPPluginJar : add i2c
2025-12-31 13:52:12,490 [INFO] IPUIPlugin:80 - create IPUIPlugin
2025-12-31 13:52:12,490 [INFO] PluginManager:220 - loadIPPluginJar : add i2s
2025-12-31 13:52:12,496 [INFO] IPUIPlugin:80 - create IPUIPlugin
2025-12-31 13:52:12,496 [INFO] PluginManager:220 - loadIPPluginJar : add i3c
2025-12-31 13:52:12,499 [INFO] IPUIPlugin:80 - create IPUIPlugin
2025-12-31 13:52:12,499 [INFO] PluginManager:220 - loadIPPluginJar : add ipddr
2025-12-31 13:52:12,514 [INFO] IPUIPlugin:80 - create IPUIPlugin
2025-12-31 13:52:12,517 [INFO] PluginManager:220 - loadIPPluginJar : add linkedlist
2025-12-31 13:52:12,522 [INFO] IPUIPlugin:80 - create IPUIPlugin
2025-12-31 13:52:12,522 [INFO] PluginManager:220 - loadIPPluginJar : add lorawan
2025-12-31 13:52:12,527 [INFO] IPUIPlugin:80 - create IPUIPlugin
2025-12-31 13:52:12,527 [INFO] PluginManager:220 - loadIPPluginJar : add ltdc
2025-12-31 13:52:12,540 [INFO] IPUIPlugin:80 - create IPUIPlugin
2025-12-31 13:52:12,540 [INFO] PluginManager:220 - loadIPPluginJar : add mdma
2025-12-31 13:52:12,547 [INFO] IPUIPlugin:80 - create IPUIPlugin
2025-12-31 13:52:12,547 [INFO] PluginManager:220 - loadIPPluginJar : add nvic
2025-12-31 13:52:12,558 [INFO] IPUIPlugin:80 - create IPUIPlugin
2025-12-31 13:52:12,558 [INFO] PluginManager:220 - loadIPPluginJar : add opamp
2025-12-31 13:52:12,566 [INFO] IPUIPlugin:80 - create IPUIPlugin
2025-12-31 13:52:12,566 [INFO] PluginManager:220 - loadIPPluginJar : add openamp
2025-12-31 13:52:12,574 [INFO] IPUIPlugin:80 - create IPUIPlugin
2025-12-31 13:52:12,574 [INFO] PluginManager:220 - loadIPPluginJar : add pdm2pcm
2025-12-31 13:52:12,590 [INFO] IPUIPlugin:80 - create IPUIPlugin
2025-12-31 13:52:12,594 [INFO] PluginManager:220 - loadIPPluginJar : add plateformsettings
2025-12-31 13:52:12,601 [INFO] IPUIPlugin:80 - create IPUIPlugin
2025-12-31 13:52:12,601 [INFO] PluginManager:220 - loadIPPluginJar : add quadspi
2025-12-31 13:52:12,603 [INFO] IPUIPlugin:80 - create IPUIPlugin
2025-12-31 13:52:12,605 [INFO] PluginManager:220 - loadIPPluginJar : add radio
2025-12-31 13:52:12,608 [INFO] IPUIPlugin:80 - create IPUIPlugin
2025-12-31 13:52:12,608 [INFO] PluginManager:220 - loadIPPluginJar : add resmgrutility
2025-12-31 13:52:12,617 [INFO] IPUIPlugin:80 - create IPUIPlugin
2025-12-31 13:52:12,617 [INFO] PluginManager:220 - loadIPPluginJar : add sai
2025-12-31 13:52:12,620 [INFO] IPUIPlugin:80 - create IPUIPlugin
2025-12-31 13:52:12,620 [INFO] PluginManager:220 - loadIPPluginJar : add spi
2025-12-31 13:52:12,629 [INFO] IPUIPlugin:80 - create IPUIPlugin
2025-12-31 13:52:12,629 [INFO] PluginManager:220 - loadIPPluginJar : add stm32_wpan
2025-12-31 13:52:12,633 [INFO] IPUIPlugin:80 - create IPUIPlugin
2025-12-31 13:52:12,633 [INFO] PluginManager:220 - loadIPPluginJar : add tim
2025-12-31 13:52:12,637 [INFO] IPUIPlugin:80 - create IPUIPlugin
2025-12-31 13:52:12,637 [INFO] PluginManager:220 - loadIPPluginJar : add touchsensing
2025-12-31 13:52:12,639 [INFO] IPUIPlugin:80 - create IPUIPlugin
2025-12-31 13:52:12,639 [INFO] PluginManager:220 - loadIPPluginJar : add tracer_emb
2025-12-31 13:52:12,641 [INFO] IPUIPlugin:80 - create IPUIPlugin
2025-12-31 13:52:12,643 [INFO] PluginManager:220 - loadIPPluginJar : add ts
2025-12-31 13:52:12,645 [INFO] IPUIPlugin:80 - create IPUIPlugin
2025-12-31 13:52:12,645 [INFO] PluginManager:220 - loadIPPluginJar : add tsc
2025-12-31 13:52:12,645 [INFO] IPUIPlugin:80 - create IPUIPlugin
2025-12-31 13:52:12,645 [INFO] PluginManager:220 - loadIPPluginJar : add ucpd
2025-12-31 13:52:12,649 [INFO] IPUIPlugin:80 - create IPUIPlugin
2025-12-31 13:52:12,649 [INFO] PluginManager:220 - loadIPPluginJar : add usart
2025-12-31 13:52:12,653 [INFO] IPUIPlugin:80 - create IPUIPlugin
2025-12-31 13:52:12,653 [INFO] PluginManager:220 - loadIPPluginJar : add usbx
2025-12-31 13:52:12,815 [FATAL] Updater:351 - Updater called before beeing initialized
2025-12-31 13:52:12,864 [INFO] RulesReader:64 - Compatibility file has been processed (317 Rules)
2025-12-31 13:52:12,884 [INFO] RulesReader:64 - Compatibility file has been processed (317 Rules)
2025-12-31 13:52:12,913 [INFO] CADModel:165 - CPN selected for project level
2025-12-31 13:52:12,913 [INFO] CADModel:114 - Register for checkConnection events
2025-12-31 13:52:12,913 [FATAL] Updater:351 - Updater called before beeing initialized
2025-12-31 13:52:12,913 [ERROR] CADModel:125 - Updater not yet initialized, retry later 
2025-12-31 13:52:13,128 [FATAL] Updater:351 - Updater called before beeing initialized
2025-12-31 13:52:13,142 [INFO] CADModel:165 - CPN selected for project level
2025-12-31 13:52:13,142 [INFO] CADModel:114 - Register for checkConnection events
2025-12-31 13:52:13,142 [FATAL] Updater:351 - Updater called before beeing initialized
2025-12-31 13:52:13,142 [ERROR] CADModel:125 - Updater not yet initialized, retry later 
2025-12-31 13:52:13,144 [FATAL] Updater:351 - Updater called before beeing initialized
2025-12-31 13:52:13,325 [FATAL] Updater:351 - Updater called before beeing initialized
2025-12-31 13:52:13,336 [INFO] DbMcusAds:53 - JSON generation date=Fri Dec 05 04:13:14 EST 2025 (1764925994673)
2025-12-31 13:52:13,336 [FATAL] Updater:351 - Updater called before beeing initialized
2025-12-31 13:52:13,386 [WARN] DetailPanel:346 - Failed to get advertising image, set to default
2025-12-31 13:52:13,513 [FATAL] Updater:351 - Updater called before beeing initialized
2025-12-31 13:52:13,515 [FATAL] Updater:351 - Updater called before beeing initialized
2025-12-31 13:52:13,515 [FATAL] Updater:351 - Updater called before beeing initialized
2025-12-31 13:52:13,515 [WARN] DetailPanel:346 - Failed to get advertising image, set to default
2025-12-31 13:52:13,515 [FATAL] Updater:351 - Updater called before beeing initialized
2025-12-31 13:52:13,583 [ERROR] Updater:1198 - MainUpdater not yet initialized. External WinMGr cannot be set.
2025-12-31 13:52:13,583 [INFO] Updater:1134 - Updater Version found : 6.15.0
2025-12-31 13:52:13,604 [INFO] ApplicationProperties:184 - Using Application install path: C:\ST\STM32CubeIDE_1.19.0\STM32CubeIDE\plugins\com.st.stm32cube.common.mx_6.15.0.202507011659
2025-12-31 13:52:14,302 [INFO] MainUpdater:2872 - connection check result : 10
2025-12-31 13:52:14,304 [INFO] MainUpdater:289 - Updater Check For Update Now.
2025-12-31 13:52:14,304 [INFO] MicroXplorer:498 - Change Database Version : DB.6.0.150
2025-12-31 13:52:14,526 [INFO] CheckServerUpdateThread:120 - End of CheckServer Thread
2025-12-31 13:52:14,556 [INFO] MainUpdater:2872 - connection check result : 10
2025-12-31 13:52:14,760 [INFO] MainUpdater:2872 - connection check result : 10
2025-12-31 13:52:14,837 [INFO] MicroXplorer:468 - Change Database Path : 
2025-12-31 13:52:14,839 [INFO] MicroXplorer:498 - Change Database Version : DB.6.0.150
2025-12-31 13:52:14,854 [WARN] ThirdParty:871 - waiting for thirdparty lock release [close project]
2025-12-31 13:52:15,037 [WARN] PackLoader:240 - Cannot read IP mode file for STMicroelectronics.FP-SNS-MOTENVWB1.1.4.0
2025-12-31 13:52:15,058 [WARN] PackLoader:240 - Cannot read IP mode file for STMicroelectronics.FP-ATR-ASTRA1.2.0.2
2025-12-31 13:52:15,084 [WARN] PackLoader:240 - Cannot read IP mode file for STMicroelectronics.X-CUBE-SMBUS.2.1.0
2025-12-31 13:52:15,097 [WARN] PackLoader:240 - Cannot read IP mode file for STMicroelectronics.X-CUBE-ST60.1.0.0
2025-12-31 13:52:15,171 [WARN] PackLoader:240 - Cannot read IP mode file for STMicroelectronics.X-CUBE-AZRTOS-F7.1.1.0
2025-12-31 13:52:15,503 [WARN] PackLoader:240 - Cannot read IP mode file for STMicroelectronics.FP-SNS-MOTENV1.5.1.0
2025-12-31 13:52:15,523 [WARN] PackLoader:240 - Cannot read IP mode file for WES.I-CUBE-Cesium.1.4.0
2025-12-31 13:52:15,573 [WARN] PackLoader:240 - Cannot read IP mode file for Infineon.AIROC-Wi-Fi-Bluetooth-STM32.1.7.1
2025-12-31 13:52:15,635 [WARN] PackLoader:240 - Cannot read IP mode file for STMicroelectronics.X-CUBE-AZRTOS-H7.3.4.0
2025-12-31 13:52:15,656 [WARN] PackLoader:240 - Cannot read IP mode file for STMicroelectronics.X-CUBE-DISPLAY.3.0.0
2025-12-31 13:52:15,675 [WARN] PackLoader:240 - Cannot read IP mode file for STMicroelectronics.X-CUBE-NFC10.1.0.0
2025-12-31 13:52:15,683 [WARN] PackLoader:240 - Cannot read IP mode file for STMicroelectronics.X-CUBE-ST60.1.1.0
2025-12-31 13:52:15,695 [WARN] PackLoader:240 - Cannot read IP mode file for emotas.I-CUBE-CANOPEN.1.3.0
2025-12-31 13:52:15,707 [WARN] PackLoader:240 - Cannot read IP mode file for STMicroelectronics.X-CUBE-GNSS1.7.1.0
2025-12-31 13:52:15,720 [WARN] ConditionMgr:438 - getConditionDescription Invalid condition id : Cortex-A Device cause : null
2025-12-31 13:52:15,735 [WARN] ConditionMgr:1044 - genDependencies : Invalid condition id : Cortex-A Device cause : null
2025-12-31 13:52:15,735 [WARN] ConditionMgr:1044 - genDependencies : Invalid condition id : Cortex-A Device cause : null
2025-12-31 13:52:15,735 [WARN] ConditionMgr:1044 - genDependencies : Invalid condition id : Cortex-A Device cause : null
2025-12-31 13:52:15,754 [WARN] PackLoader:240 - Cannot read IP mode file for STMicroelectronics.FP-SNS-STBOX1.2.1.0
2025-12-31 13:52:15,766 [WARN] PackLoader:240 - Cannot read IP mode file for STMicroelectronics.FP-SNS-SMARTAG2.1.2.0
2025-12-31 13:52:15,772 [WARN] PackLoader:240 - Cannot read IP mode file for STMicroelectronics.FP-SNS-FLIGHT1.5.1.0
2025-12-31 13:52:15,791 [INFO] LogOutputStream:77 - [STDOUT_REDIRECT] 1 : Invalid condition id : UX_CORESTACK_Condition cause : null
2025-12-31 13:52:15,791 [INFO] LogOutputStream:77 - [STDOUT_REDIRECT] 1 : Invalid condition id : UX_CORESTACK_Condition cause : null
2025-12-31 13:52:15,796 [INFO] LogOutputStream:77 - [STDOUT_REDIRECT] 1 : Invalid condition id : UX_CORESTACK_Condition cause : null
2025-12-31 13:52:15,798 [INFO] LogOutputStream:77 - [STDOUT_REDIRECT] 1 : Invalid condition id : UX_CORESTACK_Condition cause : null
2025-12-31 13:52:15,798 [INFO] LogOutputStream:77 - [STDOUT_REDIRECT] 1 : Invalid condition id : UX_CORESTACK_Condition cause : null
2025-12-31 13:52:15,806 [WARN] PackLoader:240 - Cannot read IP mode file for STMicroelectronics.X-CUBE-AZRTOS-WL.2.0.0
2025-12-31 13:52:15,806 [WARN] PackLoader:240 - Cannot read IP mode file for STMicroelectronics.FP-SNS-MOTENV1.5.0.0
2025-12-31 13:52:15,836 [WARN] PackLoader:240 - Cannot read IP mode file for STMicroelectronics.X-CUBE-AZRTOS-H7RS.1.2.0
2025-12-31 13:52:15,847 [WARN] PackLoader:240 - Cannot read IP mode file for WES.I-CUBE-Cesium.1.3.0
2025-12-31 13:52:15,863 [WARN] PackLoader:240 - Cannot read IP mode file for STMicroelectronics.X-CUBE-BLE2.3.3.0
2025-12-31 13:52:15,898 [WARN] PackLoader:240 - Cannot read IP mode file for Infineon.AIROC-Wi-Fi-Bluetooth-STM32.1.8.0
2025-12-31 13:52:15,913 [WARN] PackLoader:240 - Cannot read IP mode file for STMicroelectronics.X-CUBE-NFC9.1.0.0
2025-12-31 13:52:15,921 [WARN] PackLoader:240 - Cannot read IP mode file for wolfSSL.I-CUBE-wolfSSL.5.8.0
2025-12-31 13:52:15,931 [WARN] PackLoader:240 - Cannot read IP mode file for STMicroelectronics.X-CUBE-BLE1.7.1.0
2025-12-31 13:52:15,931 [WARN] PackLoader:240 - Cannot read IP mode file for wolfSSL.I-CUBE-wolfMQTT.1.19.2
2025-12-31 13:52:15,939 [WARN] PackLoader:240 - Cannot read IP mode file for STMicroelectronics.X-CUBE-FREERTOS.1.4.0
2025-12-31 13:52:15,949 [WARN] PackLoader:240 - Cannot read IP mode file for STMicroelectronics.X-CUBE-EEPRMA1.5.2.0
2025-12-31 13:52:15,949 [WARN] PackLoader:240 - Cannot read IP mode file for wolfSSL.I-CUBE-wolfSSL.5.8.4
2025-12-31 13:52:15,959 [WARN] PackLoader:240 - Cannot read IP mode file for Cesanta.I-CUBE-Mongoose.7.20.0
2025-12-31 13:52:15,969 [WARN] PackLoader:240 - Cannot read IP mode file for STMicroelectronics.X-CUBE-ST67W61.1.1.0
2025-12-31 13:52:15,969 [WARN] PackLoader:240 - Cannot read IP mode file for STMicroelectronics.X-CUBE-AI.10.1.0
2025-12-31 13:52:16,031 [WARN] PackLoader:240 - Cannot read IP mode file for STMicroelectronics.X-CUBE-MEMS1.12.0.0
2025-12-31 13:52:16,225 [WARN] PackLoader:240 - Cannot read IP mode file for STMicroelectronics.X-CUBE-AZRTOS-G0.1.1.0
2025-12-31 13:52:16,244 [WARN] PackLoader:240 - Cannot read IP mode file for STMicroelectronics.X-CUBE-SAFEA1.1.2.2
2025-12-31 13:52:16,254 [WARN] PackLoader:240 - Cannot read IP mode file for STMicroelectronics.X-CUBE-NFC4.3.0.0
2025-12-31 13:52:16,269 [WARN] PackLoader:240 - Cannot read IP mode file for EmbeddedOffice.I-CUBE-FS-RTOS.1.0.1
2025-12-31 13:52:16,275 [WARN] PackLoader:240 - Cannot read IP mode file for STMicroelectronics.X-CUBE-WB05N.2.0.0
2025-12-31 13:52:16,285 [WARN] PackLoader:240 - Cannot read IP mode file for wolfSSL.I-CUBE-wolfTPM.3.8.0
2025-12-31 13:52:16,295 [WARN] PackLoader:240 - Cannot read IP mode file for STMicroelectronics.X-CUBE-TCPP.4.2.0
2025-12-31 13:52:16,303 [WARN] PackLoader:240 - Cannot read IP mode file for RealThread.X-CUBE-RT-Thread_Nano.4.1.1
2025-12-31 13:52:16,312 [WARN] PackLoader:240 - Cannot read IP mode file for STMicroelectronics.FP-ATR-SIGFOX1.3.2.0
2025-12-31 13:52:16,321 [WARN] PackLoader:240 - Cannot read IP mode file for ITTIA_DB.I-CUBE-ITTIADB.8.9.0
2025-12-31 13:52:16,327 [WARN] PackLoader:240 - Cannot read IP mode file for STMicroelectronics.X-CUBE-ST67W61.1.0.0
2025-12-31 13:52:16,331 [WARN] PackLoader:240 - Cannot read IP mode file for STMicroelectronics.X-CUBE-AI.10.2.0
2025-12-31 13:52:16,367 [WARN] PackLoader:240 - Cannot read IP mode file for SEGGER.I-CUBE-embOS.1.3.1
2025-12-31 13:52:16,412 [WARN] PackLoader:240 - Cannot read IP mode file for STMicroelectronics.X-CUBE-ALGOBUILD.1.4.0
2025-12-31 13:52:16,475 [WARN] PackLoader:240 - Cannot read IP mode file for STMicroelectronics.X-CUBE-MEMS1.11.3.0
2025-12-31 13:52:16,673 [WARN] PackLoader:240 - Cannot read IP mode file for STMicroelectronics.X-CUBE-PM33A1.1.0.0
2025-12-31 13:52:16,693 [WARN] PackLoader:240 - Cannot read IP mode file for STMicroelectronics.X-CUBE-AZRTOS-F4.1.1.0
2025-12-31 13:52:16,704 [WARN] PackLoader:240 - Cannot read IP mode file for Avnet-IotConnect.X-CUBE-IoTC-DA16k-PMOD.1.0.0
2025-12-31 13:52:16,707 [WARN] PackLoader:240 - Cannot read IP mode file for STMicroelectronics.X-CUBE-ISPU.2.1.0
2025-12-31 13:52:16,726 [WARN] PackLoader:240 - Cannot read IP mode file for STMicroelectronics.X-CUBE-IPS.3.2.0
2025-12-31 13:52:16,734 [WARN] PackLoader:240 - Cannot read IP mode file for STMicroelectronics.X-CUBE-NFC12.1.0.0
2025-12-31 13:52:16,756 [WARN] PackLoader:240 - Cannot read IP mode file for STMicroelectronics.X-CUBE-AZRTOS-L5.2.0.0
2025-12-31 13:52:16,768 [WARN] PackLoader:240 - Cannot read IP mode file for STMicroelectronics.X-CUBE-NFC6.3.1.0
2025-12-31 13:52:16,774 [WARN] PackLoader:240 - Cannot read IP mode file for STMicroelectronics.X-CUBE-FREERTOS.1.3.1
2025-12-31 13:52:16,785 [WARN] PackLoader:240 - Cannot read IP mode file for STMicroelectronics.X-CUBE-TOUCHGFX.4.26.0
2025-12-31 13:52:16,785 [WARN] PackLoader:240 - Cannot read IP mode file for STMicroelectronics.FP-SNS-STAIOTCFT.1.0.0
2025-12-31 13:52:16,795 [WARN] PackLoader:240 - Cannot read IP mode file for STMicroelectronics.X-CUBE-DPower.1.3.0
2025-12-31 13:52:16,805 [WARN] ConditionMgr:438 - getConditionDescription Invalid condition id : LAN8742 Phy interface Condition cause : null
2025-12-31 13:52:16,805 [WARN] PackLoader:240 - Cannot read IP mode file for STMicroelectronics.X-CUBE-AZRTOS-L4.2.0.0
2025-12-31 13:52:16,815 [WARN] ConditionMgr:1044 - genDependencies : Invalid condition id : LAN8742 Phy interface Condition cause : null
2025-12-31 13:52:16,815 [WARN] ConditionMgr:1044 - genDependencies : Invalid condition id : LAN8742 Phy interface Condition cause : null
2025-12-31 13:52:16,815 [WARN] ConditionMgr:1044 - genDependencies : Invalid condition id : LAN8742 Phy interface Condition cause : null
2025-12-31 13:52:16,827 [WARN] PackLoader:240 - Cannot read IP mode file for STMicroelectronics.X-CUBE-SFXS2LP1.4.0.0
2025-12-31 13:52:16,835 [WARN] PackLoader:240 - Cannot read IP mode file for STMicroelectronics.X-CUBE-BLEMGR.4.1.0
2025-12-31 13:52:16,856 [WARN] ConditionMgr:438 - getConditionDescription Invalid condition id : UX DEVICE CLASS RTOS Condition cause : null
2025-12-31 13:52:16,856 [WARN] ConditionMgr:438 - getConditionDescription Invalid condition id : UX DEVICE CLASS RTOS Condition cause : null
2025-12-31 13:52:16,856 [WARN] PackLoader:240 - Cannot read IP mode file for STMicroelectronics.X-CUBE-AZRTOS-WB.2.0.0
2025-12-31 13:52:16,856 [WARN] ConditionMgr:1044 - genDependencies : Invalid condition id : UX DEVICE CLASS RTOS Condition cause : null
2025-12-31 13:52:16,856 [WARN] ConditionMgr:1044 - genDependencies : Invalid condition id : UX DEVICE CLASS RTOS Condition cause : null
2025-12-31 13:52:16,856 [WARN] ConditionMgr:1044 - genDependencies : Invalid condition id : UX DEVICE CLASS RTOS Condition cause : null
2025-12-31 13:52:16,856 [WARN] ConditionMgr:1044 - genDependencies : Invalid condition id : UX DEVICE CLASS RTOS Condition cause : null
2025-12-31 13:52:16,856 [WARN] ConditionMgr:1044 - genDependencies : Invalid condition id : UX DEVICE CLASS RTOS Condition cause : null
2025-12-31 13:52:16,868 [WARN] PackLoader:240 - Cannot read IP mode file for STMicroelectronics.X-CUBE-GNSS1.7.0.1
2025-12-31 13:52:16,874 [WARN] PackLoader:240 - Cannot read IP mode file for STMicroelectronics.X-CUBE-TOUCHGFX.4.25.0
2025-12-31 13:52:16,876 [WARN] PackLoader:240 - Cannot read IP mode file for STMicroelectronics.FP-SNS-STBOX1.2.0.0
2025-12-31 13:52:16,883 [WARN] ConditionMgr:438 - getConditionDescription Invalid condition id : Cortex-A Device cause : null
2025-12-31 13:52:16,889 [WARN] ConditionMgr:1044 - genDependencies : Invalid condition id : Cortex-A Device cause : null
2025-12-31 13:52:16,889 [WARN] ConditionMgr:1044 - genDependencies : Invalid condition id : Cortex-A Device cause : null
2025-12-31 13:52:16,889 [WARN] ConditionMgr:1044 - genDependencies : Invalid condition id : Cortex-A Device cause : null
2025-12-31 13:52:16,898 [WARN] PackLoader:240 - Cannot read IP mode file for STMicroelectronics.X-CUBE-SUBG2.5.0.0
2025-12-31 13:52:16,925 [WARN] PackLoader:240 - Cannot read IP mode file for STMicroelectronics.X-CUBE-AZRTOS-H7RS.1.1.0
2025-12-31 13:52:16,930 [WARN] PackLoader:240 - Cannot read IP mode file for Cesanta.I-CUBE-Mongoose.7.13.0
2025-12-31 13:52:16,946 [WARN] PackLoader:240 - Cannot read IP mode file for STMicroelectronics.X-CUBE-AZRTOS-G4.2.0.0
2025-12-31 13:52:16,946 [WARN] PackLoader:240 - Cannot read IP mode file for wolfSSL.I-CUBE-wolfSSH.1.4.20
2025-12-31 13:52:16,960 [WARN] PackLoader:240 - Cannot read IP mode file for STMicroelectronics.X-CUBE-NFC7.2.0.0
2025-12-31 13:52:16,966 [WARN] PackLoader:240 - Cannot read IP mode file for STMicroelectronics.X-CUBE-IPS.3.1.0
2025-12-31 13:52:16,976 [WARN] PackLoader:240 - Cannot read IP mode file for STMicroelectronics.X-CUBE-ALS.1.0.2
2025-12-31 13:52:16,986 [WARN] PackLoader:240 - Cannot read IP mode file for STMicroelectronics.X-CUBE-STSE01.1.0.0
2025-12-31 13:52:16,996 [WARN] PackLoader:240 - Cannot read IP mode file for portGmbH.I-Cube-SoM-uGOAL.1.1.0
2025-12-31 13:52:17,006 [WARN] PackLoader:240 - Cannot read IP mode file for STMicroelectronics.X-CUBE-TOF1.3.4.3
2025-12-31 13:52:17,019 [INFO] ThirdParty:978 - Integrity check success = true
2025-12-31 13:52:17,019 [INFO] IntegrityCheckThread:100 - exiting critical section [integrity check]
2025-12-31 13:52:17,019 [INFO] IntegrityCheckThread:103 - End integrity checks thread
2025-12-31 13:52:17,019 [INFO] ThirdParty:873 - entering critical section [close project]
2025-12-31 13:52:17,019 [INFO] ThirdParty:883 - exiting critical section [close project]
2025-12-31 13:52:17,027 [INFO] PinOutPanel:1589 - setPackage(No Configuration,No Configuration)
2025-12-31 13:52:17,027 [INFO] UtilMem:75 - Begin LoadConfig() Used Memory: 186951616 Bytes (268435456)
2025-12-31 13:52:17,034 [INFO] MicroXplorer:468 - Change Database Path : 
2025-12-31 13:52:17,034 [INFO] MicroXplorer:498 - Change Database Version : DB.6.0.150
2025-12-31 13:52:17,034 [INFO] OpenFileManager:355 - Change cursor
2025-12-31 13:52:17,069 [INFO] Mcu:2029 - Initializing MCU STM32F756ZGTx STM32F756ZGTx STM32F756ZGT6
2025-12-31 13:52:21,126 [INFO] Context:786 - Trying to add GPIOservice into a context  which must be forbidden
2025-12-31 13:52:22,191 [INFO] ImportTextPane:234 - (OptionalMessage_ERROR) Pin32 (VP_RIF_VS_RIF1) cannot be retrieved for this MCU
2025-12-31 13:52:22,381 [INFO] RtosManager:558 - Registered RTOS mode: class=CMSIS, group=RTOS, mode=CMSIS_V1, owner=FREERTOS
2025-12-31 13:52:22,381 [INFO] RtosManager:558 - Registered RTOS mode: class=CMSIS, group=RTOS2, mode=CMSIS_V2, owner=FREERTOS
2025-12-31 13:52:22,381 [INFO] RtosManager:558 - Registered RTOS mode: class=RTOS, group=Core, mode=CMSIS_V1, owner=FREERTOS
2025-12-31 13:52:22,381 [INFO] RtosManager:558 - Registered RTOS mode: class=RTOS, group=Core, mode=CMSIS_V2, owner=FREERTOS
2025-12-31 13:52:22,381 [WARN] ModelIntegratedComponent:184 - Missing modes for component STMicroelectronics:FreeRTOS:0.0.1:STMicroelectronics:RTOS:FreeRTOS:Core:::10.2.0:
2025-12-31 13:52:22,402 [WARN] ModelIntegratedComponent:63 - No mode defined for component null
2025-12-31 13:52:22,402 [WARN] ModelIntegratedComponent:63 - No mode defined for component null
2025-12-31 13:52:22,402 [WARN] ModelIntegratedComponent:63 - No mode defined for component null
2025-12-31 13:52:22,402 [WARN] ModelIntegratedComponent:63 - No mode defined for component null
2025-12-31 13:52:22,402 [WARN] ModelIntegratedComponent:63 - No mode defined for component null
2025-12-31 13:52:22,402 [WARN] ModelIntegratedComponent:63 - No mode defined for component null
2025-12-31 13:52:22,402 [WARN] ModelIntegratedComponent:63 - No mode defined for component null
2025-12-31 13:52:22,402 [WARN] ModelIntegratedComponent:63 - No mode defined for component null
2025-12-31 13:52:22,402 [WARN] ModelIntegratedComponent:63 - No mode defined for component null
2025-12-31 13:52:22,402 [WARN] ModelIntegratedComponent:63 - No mode defined for component null
2025-12-31 13:52:22,402 [WARN] ModelIntegratedComponent:63 - No mode defined for component null
2025-12-31 13:52:22,402 [WARN] ModelIntegratedComponent:63 - No mode defined for component null
2025-12-31 13:52:22,402 [WARN] ModelIntegratedComponent:63 - No mode defined for component null
2025-12-31 13:52:22,409 [WARN] ModelIntegratedComponent:63 - No mode defined for component null
2025-12-31 13:52:22,409 [WARN] ModelIntegratedComponent:63 - No mode defined for component null
2025-12-31 13:52:22,409 [WARN] ModelIntegratedComponent:63 - No mode defined for component null
2025-12-31 13:52:22,409 [WARN] ModelIntegratedComponent:63 - No mode defined for component null
2025-12-31 13:52:22,409 [WARN] ModelIntegratedComponent:63 - No mode defined for component null
2025-12-31 13:52:22,409 [WARN] ModelIntegratedComponent:63 - No mode defined for component null
2025-12-31 13:52:22,409 [WARN] ModelIntegratedComponent:63 - No mode defined for component null
2025-12-31 13:52:22,409 [WARN] ModelIntegratedComponent:63 - No mode defined for component null
2025-12-31 13:52:22,409 [WARN] ModelIntegratedComponent:63 - No mode defined for component null
2025-12-31 13:52:22,409 [WARN] ModelIntegratedComponent:63 - No mode defined for component null
2025-12-31 13:52:22,409 [WARN] ModelIntegratedComponent:63 - No mode defined for component null
2025-12-31 13:52:22,409 [WARN] ModelIntegratedComponent:63 - No mode defined for component null
2025-12-31 13:52:22,409 [WARN] ModelIntegratedComponent:63 - No mode defined for component null
2025-12-31 13:52:22,409 [WARN] ModelIntegratedComponent:63 - No mode defined for component null
2025-12-31 13:52:22,409 [WARN] ModelIntegratedComponent:63 - No mode defined for component null
2025-12-31 13:52:22,409 [WARN] ModelIntegratedComponent:63 - No mode defined for component null
2025-12-31 13:52:22,409 [WARN] ModelIntegratedComponent:63 - No mode defined for component null
2025-12-31 13:52:22,409 [WARN] ModelIntegratedComponent:63 - No mode defined for component null
2025-12-31 13:52:22,409 [WARN] ModelIntegratedComponent:63 - No mode defined for component null
2025-12-31 13:52:22,411 [WARN] ModelIntegratedComponent:63 - No mode defined for component null
2025-12-31 13:52:22,411 [WARN] ModelIntegratedComponent:63 - No mode defined for component null
2025-12-31 13:52:22,411 [WARN] ModelIntegratedComponent:63 - No mode defined for component null
2025-12-31 13:52:22,411 [WARN] ModelPack:524 - Component already loaded: STMicroelectronics:HAL Drivers:0.0.0:STMicroelectronics:Device:STMicro_Driver:XSPI:HAL::0.0.1:HAL_XSPI
2025-12-31 13:52:22,706 [INFO] ThirdPartyModel:298 - Start build external matchings
2025-12-31 13:52:23,721 [INFO] ThirdPartyModel:316 - End build external matchings
2025-12-31 13:52:23,765 [WARN] IP:2250 - Warning not found: check if there is a RefParameter without a condition.
2025-12-31 13:52:23,765 [WARN] IP:2250 - RxBufferAddress not found: check if there is a RefParameter without a condition.
2025-12-31 13:52:23,765 [WARN] IP:2250 - DESC_SIZE_UNIT not found: check if there is a RefParameter without a condition.
2025-12-31 13:52:23,765 [INFO] ImportTextPane:234 - (OptionalMessage_ERROR) IP (ETH) : Invalid parameter (PHY_Name)
2025-12-31 13:52:23,765 [INFO] ImportTextPane:234 - (OptionalMessage_ERROR) IP (ETH) : Invalid parameter (PHY_Value)
2025-12-31 13:52:23,765 [INFO] ImportTextPane:234 - (OptionalMessage_ERROR) IP (ETH) : Invalid parameter (PhyAddress)
2025-12-31 13:52:23,772 [INFO] ImportTextPane:234 - (OptionalMessage_ERROR) IP (RCC) : Invalid parameter (48MHZClocksFreq_Value)
2025-12-31 13:52:23,772 [INFO] ImportTextPane:234 - (OptionalMessage_ERROR) IP (RCC) : Invalid parameter (ADC12outputFreq_Value)
2025-12-31 13:52:23,772 [INFO] ImportTextPane:234 - (OptionalMessage_ERROR) IP (RCC) : Invalid parameter (ADC34outputFreq_Value)
2025-12-31 13:52:23,772 [INFO] ImportTextPane:234 - (OptionalMessage_ERROR) IP (RCC) : Invalid parameter (FamilyName)
2025-12-31 13:52:23,772 [INFO] ImportTextPane:234 - (OptionalMessage_ERROR) IP (RCC) : Invalid parameter (I2SClocksFreq_Value)
2025-12-31 13:52:23,772 [INFO] ImportTextPane:234 - (OptionalMessage_ERROR) IP (RCC) : Parameter (LCDTFToutputFreq_Value) has invalid value (96000000)
2025-12-31 13:52:23,772 [INFO] ImportTextPane:234 - (OptionalMessage_ERROR) IP (RCC) : Invalid parameter (MCOFreq_Value)
2025-12-31 13:52:23,772 [INFO] ImportTextPane:234 - (OptionalMessage_ERROR) IP (RCC) : Invalid parameter (PLLMCOFreq_Value)
2025-12-31 13:52:23,772 [INFO] ImportTextPane:234 - (OptionalMessage_ERROR) IP (RCC) : Invalid parameter (PLLMUL)
2025-12-31 13:52:23,775 [INFO] ImportTextPane:234 - (OptionalMessage_ERROR) IP (RCC) : Invalid parameter (PRESCALERUSB)
2025-12-31 13:52:23,775 [INFO] ImportTextPane:234 - (OptionalMessage_ERROR) IP (RCC) : Invalid parameter (RTCHSEDivFreq_Value)
2025-12-31 13:52:23,775 [INFO] ImportTextPane:234 - (OptionalMessage_ERROR) IP (RCC) : Parameter (SDMMCFreq_Value) has invalid value (72000000)
2025-12-31 13:52:23,775 [INFO] ImportTextPane:234 - (OptionalMessage_ERROR) IP (RCC) : Invalid parameter (SYSCLKSourceVirtual)
2025-12-31 13:52:23,775 [INFO] ImportTextPane:234 - (OptionalMessage_ERROR) IP (RCC) : Invalid parameter (TIM15Freq_Value)
2025-12-31 13:52:23,775 [INFO] ImportTextPane:234 - (OptionalMessage_ERROR) IP (RCC) : Invalid parameter (TIM16Freq_Value)
2025-12-31 13:52:23,775 [INFO] ImportTextPane:234 - (OptionalMessage_ERROR) IP (RCC) : Invalid parameter (TIM17Freq_Value)
2025-12-31 13:52:23,775 [INFO] ImportTextPane:234 - (OptionalMessage_ERROR) IP (RCC) : Invalid parameter (TIM1Freq_Value)
2025-12-31 13:52:23,775 [INFO] ImportTextPane:234 - (OptionalMessage_ERROR) IP (RCC) : Invalid parameter (TIM20Freq_Value)
2025-12-31 13:52:23,777 [INFO] ImportTextPane:234 - (OptionalMessage_ERROR) IP (RCC) : Invalid parameter (TIM2Freq_Value)
2025-12-31 13:52:23,777 [INFO] ImportTextPane:234 - (OptionalMessage_ERROR) IP (RCC) : Invalid parameter (TIM3Freq_Value)
2025-12-31 13:52:23,777 [INFO] ImportTextPane:234 - (OptionalMessage_ERROR) IP (RCC) : Invalid parameter (TIM8Freq_Value)
2025-12-31 13:52:23,777 [INFO] ImportTextPane:234 - (OptionalMessage_ERROR) IP (RCC) : Invalid parameter (VCOOutput2Freq_Value)
2025-12-31 13:52:23,777 [INFO] ImportTextPane:234 - (OptionalMessage_ERROR) IP (RCC) : Invalid parameter (VcooutputI2S)
2025-12-31 13:52:24,746 [INFO] ApiDb:581 - Connected to CubeFinder SQLite database (C:\Users\Marom Keren\.stmcufinder\plugins\mcufinder\mcu\cube-finder-db.db)
2025-12-31 13:52:24,909 [INFO] ApiDb:668 - CubeFinder database Data Model version=2.1
2025-12-31 13:52:24,909 [INFO] ApiDb:669 - CubeFinder database Configuration version=3.0.39
2025-12-31 13:52:24,909 [INFO] ApiDb:670 - CubeFinder database generation date=2025-11-05 (1762334721)
2025-12-31 13:52:24,909 [INFO] ApiDb:671 - CubeFinder database FW Pack versions=[FP-ATR-ASTRA1_V2.0.0, FP-SNS-FLIGHT1_V5.1.0, FP-SNS-MOTENV1_V5.1.0, FP-SNS-MOTENVWB1_V1.4.0, FP-SNS-SMARTAG2_V1.2.0, FP-SNS-STBOX1_V2.1.0, STM32Cube_FW_C0_V1.4.0, STM32Cube_FW_F4_V1.28.3, STM32Cube_FW_F7_V1.17.4, STM32Cube_FW_G0_V1.6.2, STM32Cube_FW_G4_V1.6.1, STM32Cube_FW_H5_V1.5.1, STM32Cube_FW_H7RS_V1.3.0, STM32Cube_FW_H7_V1.12.1, STM32Cube_FW_L0_V1.12.2, STM32Cube_FW_L4_V1.18.1, STM32Cube_FW_L5_V1.6.0, STM32Cube_FW_N6_V1.3.0, STM32Cube_FW_U0_V1.3.0, STM32Cube_FW_U3_V1.2.1, STM32Cube_FW_U5_V1.8.0, STM32Cube_FW_WB0_V1.4.0, STM32Cube_FW_WBA_V1.8.0, STM32Cube_FW_WB_V1.24.0, STM32Cube_FW_WL3_V1.3.0, STM32Cube_FW_WL_V1.4.0, X-CUBE-ALGOBUILD_V1.4.0, X-CUBE-ALS_V1.0.2, X-CUBE-AZRTOS-F4_V1.1.0, X-CUBE-AZRTOS-F7_V1.1.0, X-CUBE-AZRTOS-G0_V1.1.0, X-CUBE-AZRTOS-G4_V2.0.0, X-CUBE-AZRTOS-H7RS_V1.1.0, X-CUBE-AZRTOS-H7_V3.4.0, X-CUBE-AZRTOS-L4_V2.0.0, X-CUBE-AZRTOS-L5_V2.0.0, X-CUBE-AZRTOS-WB_V2.0.0, X-CUBE-AZRTOS-WL_V2.0.0, X-CUBE-BLE1_V7.1.0, X-CUBE-BLE2_V3.3.0, X-CUBE-BLEMGR_V4.1.0, X-CUBE-EEPRMA1_V5.2.0, X-CUBE-FREERTOS_V1.3.1, X-CUBE-GNSS1_V6.0.0, X-CUBE-MEMS1_V11.3.0, X-CUBE-NFC4_V3.0.0, X-CUBE-NFC7_V2.0.0, X-CUBE-SFXS2LP1_V4.0.0, X-CUBE-ST67W61_V1.1.0, X-CUBE-SUBG2_V5.0.0, X-CUBE-TOF1_V3.4.3]
2025-12-31 13:52:25,006 [INFO] DbBoardsSqlite:226 - include board P-NUCLEO-WB55-NUCLEO as a kit item of type 'Nucleo-64'
2025-12-31 13:52:25,006 [INFO] DbBoardsSqlite:226 - include board P-NUCLEO-WB55-USBDONGLE as a kit item of type 'Nucleo USB Dongle'
2025-12-31 13:52:25,008 [INFO] DbBoardsSqlite:226 - include board STEVAL-IDP005V1 as a kit item of type 'Evaluation Board'
2025-12-31 13:52:25,008 [INFO] DbBoardsSqlite:226 - include board STEVAL-IDP005V2 as a kit item of type 'Evaluation Board'
2025-12-31 13:52:25,132 [INFO] ApiDb:240 - Found 880 in-development CPN: [B-G473E-ZEST1S, B-WB1M-WPAN1, B-WBA5M-WPAN, B-WL5M-SUBG1, NUCLEO-C031C6, NUCLEO-C051C8, NUCLEO-C071RB, NUCLEO-C092RC, NUCLEO-H503RB, NUCLEO-H533RE, NUCLEO-H563ZI, NUCLEO-H7S3L8, NUCLEO-N657X0-Q, NUCLEO-U031R8, NUCLEO-U083RC, NUCLEO-U385RG-Q, NUCLEO-U545RE-Q, NUCLEO-U5A5ZJ-Q, NUCLEO-WB05KZ, NUCLEO-WB07CC, NUCLEO-WB09KE, NUCLEO-WBA52CG, NUCLEO-WBA55CG, NUCLEO-WL33CC1, NUCLEO-WL33CC2, STEVAL-PROTEUS1, STEVAL-SMARTAG2, STEVAL-STWINBX1, STM320518-EVAL, STM32C0116-DK, STM32C011D6Y3TR, STM32C011D6Y6TR, STM32C011F4P3, STM32C011F4P6, STM32C011F4U3, STM32C011F4U6TR, STM32C011F6P3, STM32C011F6P6, STM32C011F6U3, STM32C011F6U6TR, STM32C011J4M3, STM32C011J4M6, STM32C011J6M3, STM32C011J6M6, STM32C0316-DK, STM32C031C4T3, STM32C031C4T6, STM32C031C4U3, STM32C031C4U6, STM32C031C6T3, STM32C031C6T6, STM32C031C6U3, STM32C031C6U6, STM32C031F4P3, STM32C031F4P6, STM32C031F6P3, STM32C031F6P6, STM32C031G4U3, STM32C031G4U6, STM32C031G6U3, STM32C031G6U6, STM32C031K4T3, STM32C031K4T6, STM32C031K4U3, STM32C031K4U6, STM32C031K6T3, STM32C031K6T6, STM32C031K6U3, STM32C031K6U6, STM32C051C6T6, STM32C051C6U6, STM32C051C8T6, STM32C051C8U6, STM32C051D8Y6TR, STM32C051F6P6, STM32C051F8P6, STM32C051G6U6, STM32C051G8U6, STM32C051K6T6, STM32C051K6U6, STM32C051K8T6, STM32C071C8T6, STM32C071C8T6N, STM32C071C8U6, STM32C071C8U6N, STM32C071CBT6, STM32C071CBT6N, STM32C071CBU6, STM32C071CBU6N, STM32C071F8P6, STM32C071F8P6N, STM32C071FBP6, STM32C071FBP6N, STM32C071FBY6TR, STM32C071G8U6, STM32C071G8U6N, STM32C071GBU6, STM32C071GBU6N, STM32C071K8T6, STM32C071K8T6N, STM32C071K8U6, STM32C071K8U6N, STM32C071KBT6, STM32C071KBT6N, STM32C071KBU6, STM32C071KBU6N, STM32C071R8T6, STM32C071R8T6N, STM32C071RBI6N, STM32C071RBT6, STM32C071RBT6N, STM32C091CBT6, STM32C091CBU6, STM32C091CCT6, STM32C091CCU6, STM32C091ECY6TR, STM32C091FBP6, STM32C091FCP6, STM32C091GBU6, STM32C091GCU6, STM32C091KBT6, STM32C091KBU6, STM32C091KCT6, STM32C091KCU6, STM32C091RBT6, STM32C091RCI6, STM32C091RCT6, STM32C092CBT6, STM32C092CBU6, STM32C092CCT6, STM32C092CCU6, STM32C092ECY6TR, STM32C092FBP6, STM32C092FCP6, STM32C092GBU6, STM32C092GCU6, STM32C092KBT6, STM32C092KBU6, STM32C092KCT6, STM32C092KCU6, STM32C092RBT6, STM32C092RCI6, STM32C092RCT6, STM32G071K8TXN, STM32G071K8UXN, STM32G081GBU6N, STM32G081KBT6N, STM32G081KBUXN, STM32G0B1CCT6N, STM32G0B1KCT6, STM32G0B1NEY6TR, STM32G0B1RCT6N, STM32G0C1CCT6, STM32G0C1CCT6N, STM32G0C1CCU6N, STM32G0C1CET6N, STM32G0C1CEU6N, STM32G0C1KCT6, STM32G0C1NEY6TR, STM32G0C1RCI6N, STM32G0C1RCT6N, STM32G0C1REI6N, STM32G0C1RET6N, STM32G0C1VCI6, STM32G0C1VEI6, STM32G411C6T3, STM32G411C6T6, STM32G411C6U3, STM32G411C6U6, STM32G411C8T3, STM32G411C8T6, STM32G411C8U3, STM32G411C8U6, STM32G411CBT3, STM32G411CBT6, STM32G411CBU3, STM32G411CBU6, STM32G411K6T3, STM32G411K6T6, STM32G411K6U3, STM32G411K6U6, STM32G411K8T3, STM32G411K8T6, STM32G411K8U3, STM32G411K8U6, STM32G411KBT3, STM32G411KBT6, STM32G411KBU3, STM32G411KBU6, STM32G411M6T3, STM32G411M6T6, STM32G411M8T3, STM32G411M8T6, STM32G411MBT3, STM32G411MBT6, STM32G411R6T3, STM32G411R6T6, STM32G411R8T3, STM32G411R8T6, STM32G411RBT3, STM32G411RBT6, STM32G414CBT3, STM32G414CBT6, STM32G414CBU3, STM32G414CBU6, STM32G414CCT3, STM32G414CCT6, STM32G414CCU3, STM32G414CCU6, STM32G414MBT3, STM32G414MBT6, STM32G414MCT3, STM32G414MCT6, STM32G414RBT3, STM32G414RBT6, STM32G414RCT3, STM32G414RCT6, STM32G414VBT3, STM32G414VBT6, STM32G414VCT3, STM32G414VCT6, STM32G431CBT3Z, STM32G431RBT3Z, STM32G471CCT6, STM32G471CCU6, STM32G471CET3, STM32G471CET6, STM32G471CEU3, STM32G471CEU6, STM32G471MCT6, STM32G471MET3, STM32G471MET6, STM32G471MEY6TR, STM32G471QCT6, STM32G471QET3, STM32G471RCT6, STM32G471RET3, STM32G471RET6, STM32G471VCH6, STM32G471VCI6, STM32G471VCT6, STM32G471VEH3, STM32G471VEH6, STM32G471VEI3, STM32G471VEI6, STM32G471VET3, STM32G471VET6, STM32G473QET3Z, STM32G473RET3Z, STM32G474CCT6, STM32G491RET3Z, STM32H503CBT6, STM32H503CBU6, STM32H503EBY6TR, STM32H503KBU6, STM32H503RBT6, STM32H523CCT6, STM32H523CCU6, STM32H523CET6, STM32H523CEU6, STM32H523HEY6TR, STM32H523RCT6, STM32H523RET6, STM32H523VCI6, STM32H523VCT6, STM32H523VEI6, STM32H523VET6, STM32H523ZCJ6, STM32H523ZCT6, STM32H523ZEJ6, STM32H523ZET6, STM32H533CET6, STM32H533CEU6, STM32H533HEY6TR, STM32H533RET6, STM32H533VEI6, STM32H533VET6, STM32H533ZEJ6, STM32H533ZET6, STM32H562AGI6, STM32H562AII6, STM32H562IGK6, STM32H562IGT6, STM32H562IIK6, STM32H562IIT6, STM32H562RGT6, STM32H562RGV6, STM32H562RIT6, STM32H562RIV6, STM32H562VGT6, STM32H562VIT6, STM32H562ZGT6, STM32H562ZIT6, STM32H563AGI6, STM32H563AII3Q, STM32H563AII6, STM32H563IGK6, STM32H563IGT6, STM32H563IIK3Q, STM32H563IIK6, STM32H563IIT3Q, STM32H563IIT6, STM32H563MIY3QTR, STM32H563RGT6, STM32H563RGV6, STM32H563RIT6, STM32H563RIV6, STM32H563VGT6, STM32H563VIT3Q, STM32H563VIT6, STM32H563ZGT6, STM32H563ZIT3Q, STM32H563ZIT6, STM32H573AII3Q, STM32H573AII6, STM32H573I-DK, STM32H573IIK3Q, STM32H573IIK6, STM32H573IIT3Q, STM32H573IIT6, STM32H573MIY3QTR, STM32H573RIT6, STM32H573RIV6, STM32H573VIT3Q, STM32H573VIT6, STM32H573ZIT3Q, STM32H573ZIT6, STM32H7R3A8I6, STM32H7R3I8K6, STM32H7R3I8T6, STM32H7R3L8H6, STM32H7R3L8H6H, STM32H7R3R8V6, STM32H7R3V8H6, STM32H7R3V8T6, STM32H7R3V8Y6TR, STM32H7R3Z8J6, STM32H7R3Z8T6, STM32H7R7A8I6, STM32H7R7I8K6, STM32H7R7I8T6, STM32H7R7L8H6, STM32H7R7L8H6H, STM32H7R7Z8J6, STM32H7S3A8I6, STM32H7S3I8K6, STM32H7S3I8T6, STM32H7S3L8H6, STM32H7S3L8H6H, STM32H7S3R8V6, STM32H7S3V8H6, STM32H7S3V8T6, STM32H7S3V8Y6TR, STM32H7S3Z8J6, STM32H7S3Z8T6, STM32H7S78-DK, STM32H7S7A8I6, STM32H7S7I8K6, STM32H7S7I8T6, STM32H7S7L8H6, STM32H7S7L8H6H, STM32H7S7Z8J6, STM32L4R5QGI6STR, STM32MP131AAE3, STM32MP131AAF3, STM32MP131AAG3, STM32MP131CAE3, STM32MP131CAF3, STM32MP131CAG3, STM32MP131DAE7, STM32MP131DAF7, STM32MP131DAG7, STM32MP131FAE7, STM32MP131FAF7, STM32MP131FAG7, STM32MP133AAE3, STM32MP133AAF3, STM32MP133AAG3, STM32MP133CAE3, STM32MP133CAF3, STM32MP133CAG3, STM32MP133DAE7, STM32MP133DAF7, STM32MP133DAG7, STM32MP133FAE7, STM32MP133FAF7, STM32MP133FAG7, STM32MP135AAE3, STM32MP135AAF3, STM32MP135AAG3, STM32MP135CAE3, STM32MP135CAF3, STM32MP135CAG3, STM32MP135DAE7, STM32MP135DAF7, STM32MP135DAG7, STM32MP135F-DK, STM32MP135FAE7, STM32MP135FAF7, STM32MP135FAF7T, STM32MP135FAF7U, STM32MP135FAG7, STM32MP211AAL3, STM32MP211AAM3, STM32MP211AAN3, STM32MP211AAO3, STM32MP211CAL3, STM32MP211CAM3, STM32MP211CAN3, STM32MP211CAO3, STM32MP211DAL3, STM32MP211DAM3, STM32MP211DAN3, STM32MP211DAO3, STM32MP211FAL3, STM32MP211FAM3, STM32MP211FAN3, STM32MP211FAO3, STM32MP213AAL3, STM32MP213AAM3, STM32MP213AAN3, STM32MP213AAO3, STM32MP213CAL3, STM32MP213CAM3, STM32MP213CAN3, STM32MP213CAO3, STM32MP213DAL3, STM32MP213DAM3, STM32MP213DAN3, STM32MP213DAO3, STM32MP213FAL3, STM32MP213FAM3, STM32MP213FAN3, STM32MP213FAO3, STM32MP215AAL3, STM32MP215AAM3, STM32MP215AAN3, STM32MP215AAO3, STM32MP215CAL3, STM32MP215CAM3, STM32MP215CAN3, STM32MP215CAO3, STM32MP215DAL3, STM32MP215DAM3, STM32MP215DAN3, STM32MP215DAO3, STM32MP215F-DK, STM32MP215FAL3, STM32MP215FAM3, STM32MP215FAN3, STM32MP215FAO3, STM32MP231AAJ3, STM32MP231AAK3, STM32MP231AAL3, STM32MP231CAJ3, STM32MP231CAK3, STM32MP231CAL3, STM32MP231DAJ3, STM32MP231DAK3, STM32MP231DAL3, STM32MP231FAJ3, STM32MP231FAK3, STM32MP231FAL3, STM32MP233AAJ3, STM32MP233AAK3, STM32MP233AAL3, STM32MP233CAJ3, STM32MP233CAK3, STM32MP233CAL3, STM32MP233DAJ3, STM32MP233DAK3, STM32MP233DAL3, STM32MP233FAJ3, STM32MP233FAK3, STM32MP233FAL3, STM32MP235AAJ3, STM32MP235AAK3, STM32MP235AAL3, STM32MP235CAJ3, STM32MP235CAK3, STM32MP235CAL3, STM32MP235DAJ3, STM32MP235DAK3, STM32MP235DAL3, STM32MP235FAJ3, STM32MP235FAK3, STM32MP235FAL3, STM32MP251AAI3, STM32MP251AAK3, STM32MP251AAL3, STM32MP251CAI3, STM32MP251CAK3, STM32MP251CAL3, STM32MP251DAI3, STM32MP251DAK3, STM32MP251DAL3, STM32MP251FAI3, STM32MP251FAK3, STM32MP251FAL3, STM32MP253AAI3, STM32MP253AAK3, STM32MP253AAL3, STM32MP253CAI3, STM32MP253CAK3, STM32MP253CAL3, STM32MP253DAI3, STM32MP253DAK3, STM32MP253DAL3, STM32MP253FAI3, STM32MP253FAK3, STM32MP253FAL3, STM32MP255AAI3, STM32MP255AAK3, STM32MP255AAL3, STM32MP255CAI3, STM32MP255CAK3, STM32MP255CAL3, STM32MP255DAI3, STM32MP255DAK3, STM32MP255DAL3, STM32MP255FAI3, STM32MP255FAK3, STM32MP255FAL3, STM32MP257AAI3, STM32MP257AAK3, STM32MP257AAL3, STM32MP257CAI3, STM32MP257CAK3, STM32MP257CAL3, STM32MP257DAI3, STM32MP257DAK3, STM32MP257DAL3, STM32MP257F-DK, STM32MP257F-EV1, STM32MP257FAI3, STM32MP257FAK3, STM32MP257FAL3, STM32N645A0H3Q, STM32N645B0H3Q, STM32N645I0H3Q, STM32N645L0H3Q, STM32N645X0H3Q, STM32N645Z0H3Q, STM32N647A0H3Q, STM32N647B0H3Q, STM32N647I0H3Q, STM32N647L0H3Q, STM32N647X0H3Q, STM32N647Z0H3Q, STM32N655A0H3Q, STM32N655B0H3Q, STM32N655I0H3Q, STM32N655L0H3Q, STM32N655X0H3Q, STM32N655Z0H3Q, STM32N6570-DK, STM32N657A0H3Q, STM32N657B0H3Q, STM32N657I0H3Q, STM32N657L0H3Q, STM32N657X0H3Q, STM32N657Z0H3Q, STM32U031C6T6, STM32U031C6U6, STM32U031C8T6, STM32U031C8U6, STM32U031F4P6, STM32U031F6P6, STM32U031F8P6, STM32U031G6Y6TR, STM32U031G8Y6TR, STM32U031K4U6, STM32U031K6U6, STM32U031K8U6, STM32U031R6I6, STM32U031R6T6, STM32U031R8I6, STM32U031R8T6, STM32U073C8T6, STM32U073C8U6, STM32U073CBT6, STM32U073CBU6, STM32U073CCT6, STM32U073CCU6, STM32U073H8Y6TR, STM32U073HBY6TR, STM32U073HCY6TR, STM32U073K8U6, STM32U073KBU6, STM32U073KCU6, STM32U073M8I6, STM32U073M8T6, STM32U073MBI6, STM32U073MBT6, STM32U073MCI6, STM32U073MCT6, STM32U073R8I6, STM32U073R8T6, STM32U073RBI6, STM32U073RBT6, STM32U073RCI6, STM32U073RCT6, STM32U083C-DK, STM32U083CCT6, STM32U083CCU6, STM32U083HCY6TR, STM32U083KCU6, STM32U083MCI6, STM32U083MCT6, STM32U083RCI6, STM32U083RCT6, STM32U375CET6, STM32U375CET6Q, STM32U375CEU6, STM32U375CEU6Q, STM32U375CEY6QTR, STM32U375CGT6, STM32U375CGT6Q, STM32U375CGU6, STM32U375CGU6Q, STM32U375CGY6QTR, STM32U375KEU6, STM32U375KGU6, STM32U375REI6, STM32U375REI6Q, STM32U375RET6, STM32U375RET6Q, STM32U375REY6GTR, STM32U375REY6QTR, STM32U375RGI6, STM32U375RGI6Q, STM32U375RGT6, STM32U375RGT6Q, STM32U375RGY6GTR, STM32U375RGY6QTR, STM32U375VEI6, STM32U375VEI6Q, STM32U375VET6, STM32U375VET6Q, STM32U375VGI6, STM32U375VGI6Q, STM32U375VGT6, STM32U375VGT6Q, STM32U385CGT6, STM32U385CGT6Q, STM32U385CGU6, STM32U385CGU6Q, STM32U385CGY6QTR, STM32U385KGU6, STM32U385RGI6, STM32U385RGI6Q, STM32U385RGT6, STM32U385RGT6Q, STM32U385RGY6GTR, STM32U385RGY6QTR, STM32U385VGI6, STM32U385VGI6Q, STM32U385VGT6, STM32U385VGT6Q, STM32U535CBT6, STM32U535CBT6Q, STM32U535CBU6, STM32U535CBU6Q, STM32U535CCT6, STM32U535CCT6Q, STM32U535CCU6, STM32U535CCU6Q, STM32U535CET6, STM32U535CET6Q, STM32U535CEU6, STM32U535CEU6Q, STM32U535JEY6QTR, STM32U535NCY6QTR, STM32U535NEY6QTR, STM32U535RBI6, STM32U535RBI6Q, STM32U535RBT6, STM32U535RBT6Q, STM32U535RCI6, STM32U535RCI6Q, STM32U535RCT6, STM32U535RCT6Q, STM32U535REI6, STM32U535REI6Q, STM32U535RET6, STM32U535RET6Q, STM32U535VCI6, STM32U535VCI6Q, STM32U535VCT6, STM32U535VCT6Q, STM32U535VEI6, STM32U535VEI6Q, STM32U535VET6, STM32U535VET6Q, STM32U545CET6, STM32U545CET6Q, STM32U545CEU6, STM32U545CEU6Q, STM32U545JEY6QTR, STM32U545NEY6QTR, STM32U545REI6, STM32U545REI6Q, STM32U545RET6, STM32U545RET6Q, STM32U545VEI6, STM32U545VEI6Q, STM32U545VET6, STM32U545VET6Q, STM32U595AIH6, STM32U595AIH6Q, STM32U595AJH6, STM32U595AJH6Q, STM32U595QII6, STM32U595QII6Q, STM32U595QJI6, STM32U595QJI6Q, STM32U595RIT6, STM32U595RIT6Q, STM32U595RJT6, STM32U595RJT6Q, STM32U595VIT6, STM32U595VIT6Q, STM32U595VJT6, STM32U595VJT6Q, STM32U595ZIT6, STM32U595ZIT6Q, STM32U595ZIY6QTR, STM32U595ZJT6, STM32U595ZJT6Q, STM32U595ZJY6QTR, STM32U599BJY6QTR, STM32U599NIH6Q, STM32U599NJH6Q, STM32U599VIT6Q, STM32U599VJT6, STM32U599VJT6Q, STM32U599ZIT6Q, STM32U599ZIY6QTR, STM32U599ZJT6Q, STM32U599ZJY6QTR, STM32U5A5AJH6, STM32U5A5AJH6Q, STM32U5A5QII3Q , STM32U5A5QJI6, STM32U5A5QJI6Q, STM32U5A5RJT6, STM32U5A5RJT6Q, STM32U5A5VJT6, STM32U5A5VJT6Q, STM32U5A5ZJT6, STM32U5A5ZJT6Q, STM32U5A5ZJY6QTR, STM32U5A9BJY6QTR, STM32U5A9J-DK, STM32U5A9NJH6Q, STM32U5A9VJT6Q, STM32U5A9ZJT6Q, STM32U5A9ZJY6QTR, STM32U5F7VIT6, STM32U5F7VIT6Q, STM32U5F7VJT6, STM32U5F7VJT6Q, STM32U5F9BJY6QTR, STM32U5F9NJH6Q, STM32U5F9VIT6Q, STM32U5F9VJT6Q, STM32U5F9ZIJ6QTR, STM32U5F9ZIT6Q, STM32U5F9ZJJ6QTR, STM32U5F9ZJT6Q, STM32U5G7VJT6, STM32U5G7VJT6Q, STM32U5G9BJY6QTR, STM32U5G9J-DK1, STM32U5G9J-DK2, STM32U5G9NJH6Q, STM32U5G9VJT6Q, STM32U5G9ZJJ6QTR, STM32U5G9ZJT6Q, STM32WB05KZV6TR, STM32WB05KZV7TR, STM32WB05TZF6TR, STM32WB05TZF7TR, STM32WB06CCF6TR, STM32WB06CCF7TR, STM32WB06CCV6TR, STM32WB06CCV7TR, STM32WB06KCV6TR, STM32WB06KCV7TR, STM32WB07CCF6TR, STM32WB07CCF7TR, STM32WB07CCV6TR, STM32WB07CCV7TR, STM32WB07KCV6TR, STM32WB07KCV7TR, STM32WB09KEV6TR, STM32WB09KEV7TR, STM32WB09TEF6TR, STM32WB09TEF7TR, STM32WB1MMCH6, STM32WBA50KGU6, STM32WBA50KGU6TR, STM32WBA52CEU6, STM32WBA52CEU6TR, STM32WBA52CEU7, STM32WBA52CEU7TR, STM32WBA52CGU6, STM32WBA52CGU6TR, STM32WBA52CGU6U, STM32WBA52CGU7, STM32WBA52CGU7TR, STM32WBA52KEU6, STM32WBA52KEU6TR, STM32WBA52KGU6, STM32WBA52KGU6TR, STM32WBA54CEU6, STM32WBA54CEU6TR, STM32WBA54CEU7, STM32WBA54CEU7TR, STM32WBA54CGU6, STM32WBA54CGU6TR, STM32WBA54CGU7, STM32WBA54CGU7TR, STM32WBA54KEU6, STM32WBA54KEU6TR, STM32WBA54KEU7, STM32WBA54KEU7TR, STM32WBA54KGU6, STM32WBA54KGU6TR, STM32WBA54KGU7, STM32WBA54KGU7TR, STM32WBA55CEU6, STM32WBA55CEU6TR, STM32WBA55CEU7, STM32WBA55CEU7TR, STM32WBA55CGU6, STM32WBA55CGU6TR, STM32WBA55CGU6U, STM32WBA55CGU7, STM32WBA55CGU7TR, STM32WBA55G-DK1, STM32WBA55HEF6, STM32WBA55HEF7, STM32WBA55HGF6, STM32WBA55HGF7, STM32WBA55UEI6, STM32WBA55UEI6TR, STM32WBA55UEI7, STM32WBA55UEI7TR, STM32WBA55UGI6, STM32WBA55UGI6TR, STM32WBA55UGI7, STM32WBA55UGI7TR, STM32WBA5MMGH6TR, STM32WBA62MGF6, STM32WBA62MIF6, STM32WBA65MGF7, STM32WBA65MIF6, STM32WBA65MIF7, STM32WL30K8V6, STM32WL30KBV6, STM32WL31C8V6, STM32WL31CBV6, STM32WL31K8V6, STM32WL31KBV6, STM32WL33C8V6, STM32WL33C8V6X, STM32WL33CBV6, STM32WL33CBV6X, STM32WL33CCV6, STM32WL33CCV6A, STM32WL33CCV6X, STM32WL33K8V7, STM32WL33K8V7X, STM32WL33KBV7 , STM32WL33KBV7X, STM32WL33KCV7, STM32WL33KCV7X, STM32WL5MOCH6, STM32WL5MOCH6TR]
2025-12-31 13:52:25,132 [INFO] ApiDb:668 - CubeFinder database Data Model version=2.1
2025-12-31 13:52:25,132 [INFO] ApiDb:669 - CubeFinder database Configuration version=3.0.39
2025-12-31 13:52:25,132 [INFO] ApiDb:670 - CubeFinder database generation date=2025-11-05 (1762334721)
2025-12-31 13:52:25,132 [INFO] ApiDb:671 - CubeFinder database FW Pack versions=[FP-ATR-ASTRA1_V2.0.0, FP-SNS-FLIGHT1_V5.1.0, FP-SNS-MOTENV1_V5.1.0, FP-SNS-MOTENVWB1_V1.4.0, FP-SNS-SMARTAG2_V1.2.0, FP-SNS-STBOX1_V2.1.0, STM32Cube_FW_C0_V1.4.0, STM32Cube_FW_F4_V1.28.3, STM32Cube_FW_F7_V1.17.4, STM32Cube_FW_G0_V1.6.2, STM32Cube_FW_G4_V1.6.1, STM32Cube_FW_H5_V1.5.1, STM32Cube_FW_H7RS_V1.3.0, STM32Cube_FW_H7_V1.12.1, STM32Cube_FW_L0_V1.12.2, STM32Cube_FW_L4_V1.18.1, STM32Cube_FW_L5_V1.6.0, STM32Cube_FW_N6_V1.3.0, STM32Cube_FW_U0_V1.3.0, STM32Cube_FW_U3_V1.2.1, STM32Cube_FW_U5_V1.8.0, STM32Cube_FW_WB0_V1.4.0, STM32Cube_FW_WBA_V1.8.0, STM32Cube_FW_WB_V1.24.0, STM32Cube_FW_WL3_V1.3.0, STM32Cube_FW_WL_V1.4.0, X-CUBE-ALGOBUILD_V1.4.0, X-CUBE-ALS_V1.0.2, X-CUBE-AZRTOS-F4_V1.1.0, X-CUBE-AZRTOS-F7_V1.1.0, X-CUBE-AZRTOS-G0_V1.1.0, X-CUBE-AZRTOS-G4_V2.0.0, X-CUBE-AZRTOS-H7RS_V1.1.0, X-CUBE-AZRTOS-H7_V3.4.0, X-CUBE-AZRTOS-L4_V2.0.0, X-CUBE-AZRTOS-L5_V2.0.0, X-CUBE-AZRTOS-WB_V2.0.0, X-CUBE-AZRTOS-WL_V2.0.0, X-CUBE-BLE1_V7.1.0, X-CUBE-BLE2_V3.3.0, X-CUBE-BLEMGR_V4.1.0, X-CUBE-EEPRMA1_V5.2.0, X-CUBE-FREERTOS_V1.3.1, X-CUBE-GNSS1_V6.0.0, X-CUBE-MEMS1_V11.3.0, X-CUBE-NFC4_V3.0.0, X-CUBE-NFC7_V2.0.0, X-CUBE-SFXS2LP1_V4.0.0, X-CUBE-ST67W61_V1.1.0, X-CUBE-SUBG2_V5.0.0, X-CUBE-TOF1_V3.4.3]
2025-12-31 13:52:27,971 [INFO] ApiDb:240 - Found 880 in-development CPN: [B-G473E-ZEST1S, B-WB1M-WPAN1, B-WBA5M-WPAN, B-WL5M-SUBG1, NUCLEO-C031C6, NUCLEO-C051C8, NUCLEO-C071RB, NUCLEO-C092RC, NUCLEO-H503RB, NUCLEO-H533RE, NUCLEO-H563ZI, NUCLEO-H7S3L8, NUCLEO-N657X0-Q, NUCLEO-U031R8, NUCLEO-U083RC, NUCLEO-U385RG-Q, NUCLEO-U545RE-Q, NUCLEO-U5A5ZJ-Q, NUCLEO-WB05KZ, NUCLEO-WB07CC, NUCLEO-WB09KE, NUCLEO-WBA52CG, NUCLEO-WBA55CG, NUCLEO-WL33CC1, NUCLEO-WL33CC2, STEVAL-PROTEUS1, STEVAL-SMARTAG2, STEVAL-STWINBX1, STM320518-EVAL, STM32C0116-DK, STM32C011D6Y3TR, STM32C011D6Y6TR, STM32C011F4P3, STM32C011F4P6, STM32C011F4U3, STM32C011F4U6TR, STM32C011F6P3, STM32C011F6P6, STM32C011F6U3, STM32C011F6U6TR, STM32C011J4M3, STM32C011J4M6, STM32C011J6M3, STM32C011J6M6, STM32C0316-DK, STM32C031C4T3, STM32C031C4T6, STM32C031C4U3, STM32C031C4U6, STM32C031C6T3, STM32C031C6T6, STM32C031C6U3, STM32C031C6U6, STM32C031F4P3, STM32C031F4P6, STM32C031F6P3, STM32C031F6P6, STM32C031G4U3, STM32C031G4U6, STM32C031G6U3, STM32C031G6U6, STM32C031K4T3, STM32C031K4T6, STM32C031K4U3, STM32C031K4U6, STM32C031K6T3, STM32C031K6T6, STM32C031K6U3, STM32C031K6U6, STM32C051C6T6, STM32C051C6U6, STM32C051C8T6, STM32C051C8U6, STM32C051D8Y6TR, STM32C051F6P6, STM32C051F8P6, STM32C051G6U6, STM32C051G8U6, STM32C051K6T6, STM32C051K6U6, STM32C051K8T6, STM32C071C8T6, STM32C071C8T6N, STM32C071C8U6, STM32C071C8U6N, STM32C071CBT6, STM32C071CBT6N, STM32C071CBU6, STM32C071CBU6N, STM32C071F8P6, STM32C071F8P6N, STM32C071FBP6, STM32C071FBP6N, STM32C071FBY6TR, STM32C071G8U6, STM32C071G8U6N, STM32C071GBU6, STM32C071GBU6N, STM32C071K8T6, STM32C071K8T6N, STM32C071K8U6, STM32C071K8U6N, STM32C071KBT6, STM32C071KBT6N, STM32C071KBU6, STM32C071KBU6N, STM32C071R8T6, STM32C071R8T6N, STM32C071RBI6N, STM32C071RBT6, STM32C071RBT6N, STM32C091CBT6, STM32C091CBU6, STM32C091CCT6, STM32C091CCU6, STM32C091ECY6TR, STM32C091FBP6, STM32C091FCP6, STM32C091GBU6, STM32C091GCU6, STM32C091KBT6, STM32C091KBU6, STM32C091KCT6, STM32C091KCU6, STM32C091RBT6, STM32C091RCI6, STM32C091RCT6, STM32C092CBT6, STM32C092CBU6, STM32C092CCT6, STM32C092CCU6, STM32C092ECY6TR, STM32C092FBP6, STM32C092FCP6, STM32C092GBU6, STM32C092GCU6, STM32C092KBT6, STM32C092KBU6, STM32C092KCT6, STM32C092KCU6, STM32C092RBT6, STM32C092RCI6, STM32C092RCT6, STM32G071K8TXN, STM32G071K8UXN, STM32G081GBU6N, STM32G081KBT6N, STM32G081KBUXN, STM32G0B1CCT6N, STM32G0B1KCT6, STM32G0B1NEY6TR, STM32G0B1RCT6N, STM32G0C1CCT6, STM32G0C1CCT6N, STM32G0C1CCU6N, STM32G0C1CET6N, STM32G0C1CEU6N, STM32G0C1KCT6, STM32G0C1NEY6TR, STM32G0C1RCI6N, STM32G0C1RCT6N, STM32G0C1REI6N, STM32G0C1RET6N, STM32G0C1VCI6, STM32G0C1VEI6, STM32G411C6T3, STM32G411C6T6, STM32G411C6U3, STM32G411C6U6, STM32G411C8T3, STM32G411C8T6, STM32G411C8U3, STM32G411C8U6, STM32G411CBT3, STM32G411CBT6, STM32G411CBU3, STM32G411CBU6, STM32G411K6T3, STM32G411K6T6, STM32G411K6U3, STM32G411K6U6, STM32G411K8T3, STM32G411K8T6, STM32G411K8U3, STM32G411K8U6, STM32G411KBT3, STM32G411KBT6, STM32G411KBU3, STM32G411KBU6, STM32G411M6T3, STM32G411M6T6, STM32G411M8T3, STM32G411M8T6, STM32G411MBT3, STM32G411MBT6, STM32G411R6T3, STM32G411R6T6, STM32G411R8T3, STM32G411R8T6, STM32G411RBT3, STM32G411RBT6, STM32G414CBT3, STM32G414CBT6, STM32G414CBU3, STM32G414CBU6, STM32G414CCT3, STM32G414CCT6, STM32G414CCU3, STM32G414CCU6, STM32G414MBT3, STM32G414MBT6, STM32G414MCT3, STM32G414MCT6, STM32G414RBT3, STM32G414RBT6, STM32G414RCT3, STM32G414RCT6, STM32G414VBT3, STM32G414VBT6, STM32G414VCT3, STM32G414VCT6, STM32G431CBT3Z, STM32G431RBT3Z, STM32G471CCT6, STM32G471CCU6, STM32G471CET3, STM32G471CET6, STM32G471CEU3, STM32G471CEU6, STM32G471MCT6, STM32G471MET3, STM32G471MET6, STM32G471MEY6TR, STM32G471QCT6, STM32G471QET3, STM32G471RCT6, STM32G471RET3, STM32G471RET6, STM32G471VCH6, STM32G471VCI6, STM32G471VCT6, STM32G471VEH3, STM32G471VEH6, STM32G471VEI3, STM32G471VEI6, STM32G471VET3, STM32G471VET6, STM32G473QET3Z, STM32G473RET3Z, STM32G474CCT6, STM32G491RET3Z, STM32H503CBT6, STM32H503CBU6, STM32H503EBY6TR, STM32H503KBU6, STM32H503RBT6, STM32H523CCT6, STM32H523CCU6, STM32H523CET6, STM32H523CEU6, STM32H523HEY6TR, STM32H523RCT6, STM32H523RET6, STM32H523VCI6, STM32H523VCT6, STM32H523VEI6, STM32H523VET6, STM32H523ZCJ6, STM32H523ZCT6, STM32H523ZEJ6, STM32H523ZET6, STM32H533CET6, STM32H533CEU6, STM32H533HEY6TR, STM32H533RET6, STM32H533VEI6, STM32H533VET6, STM32H533ZEJ6, STM32H533ZET6, STM32H562AGI6, STM32H562AII6, STM32H562IGK6, STM32H562IGT6, STM32H562IIK6, STM32H562IIT6, STM32H562RGT6, STM32H562RGV6, STM32H562RIT6, STM32H562RIV6, STM32H562VGT6, STM32H562VIT6, STM32H562ZGT6, STM32H562ZIT6, STM32H563AGI6, STM32H563AII3Q, STM32H563AII6, STM32H563IGK6, STM32H563IGT6, STM32H563IIK3Q, STM32H563IIK6, STM32H563IIT3Q, STM32H563IIT6, STM32H563MIY3QTR, STM32H563RGT6, STM32H563RGV6, STM32H563RIT6, STM32H563RIV6, STM32H563VGT6, STM32H563VIT3Q, STM32H563VIT6, STM32H563ZGT6, STM32H563ZIT3Q, STM32H563ZIT6, STM32H573AII3Q, STM32H573AII6, STM32H573I-DK, STM32H573IIK3Q, STM32H573IIK6, STM32H573IIT3Q, STM32H573IIT6, STM32H573MIY3QTR, STM32H573RIT6, STM32H573RIV6, STM32H573VIT3Q, STM32H573VIT6, STM32H573ZIT3Q, STM32H573ZIT6, STM32H7R3A8I6, STM32H7R3I8K6, STM32H7R3I8T6, STM32H7R3L8H6, STM32H7R3L8H6H, STM32H7R3R8V6, STM32H7R3V8H6, STM32H7R3V8T6, STM32H7R3V8Y6TR, STM32H7R3Z8J6, STM32H7R3Z8T6, STM32H7R7A8I6, STM32H7R7I8K6, STM32H7R7I8T6, STM32H7R7L8H6, STM32H7R7L8H6H, STM32H7R7Z8J6, STM32H7S3A8I6, STM32H7S3I8K6, STM32H7S3I8T6, STM32H7S3L8H6, STM32H7S3L8H6H, STM32H7S3R8V6, STM32H7S3V8H6, STM32H7S3V8T6, STM32H7S3V8Y6TR, STM32H7S3Z8J6, STM32H7S3Z8T6, STM32H7S78-DK, STM32H7S7A8I6, STM32H7S7I8K6, STM32H7S7I8T6, STM32H7S7L8H6, STM32H7S7L8H6H, STM32H7S7Z8J6, STM32L4R5QGI6STR, STM32MP131AAE3, STM32MP131AAF3, STM32MP131AAG3, STM32MP131CAE3, STM32MP131CAF3, STM32MP131CAG3, STM32MP131DAE7, STM32MP131DAF7, STM32MP131DAG7, STM32MP131FAE7, STM32MP131FAF7, STM32MP131FAG7, STM32MP133AAE3, STM32MP133AAF3, STM32MP133AAG3, STM32MP133CAE3, STM32MP133CAF3, STM32MP133CAG3, STM32MP133DAE7, STM32MP133DAF7, STM32MP133DAG7, STM32MP133FAE7, STM32MP133FAF7, STM32MP133FAG7, STM32MP135AAE3, STM32MP135AAF3, STM32MP135AAG3, STM32MP135CAE3, STM32MP135CAF3, STM32MP135CAG3, STM32MP135DAE7, STM32MP135DAF7, STM32MP135DAG7, STM32MP135F-DK, STM32MP135FAE7, STM32MP135FAF7, STM32MP135FAF7T, STM32MP135FAF7U, STM32MP135FAG7, STM32MP211AAL3, STM32MP211AAM3, STM32MP211AAN3, STM32MP211AAO3, STM32MP211CAL3, STM32MP211CAM3, STM32MP211CAN3, STM32MP211CAO3, STM32MP211DAL3, STM32MP211DAM3, STM32MP211DAN3, STM32MP211DAO3, STM32MP211FAL3, STM32MP211FAM3, STM32MP211FAN3, STM32MP211FAO3, STM32MP213AAL3, STM32MP213AAM3, STM32MP213AAN3, STM32MP213AAO3, STM32MP213CAL3, STM32MP213CAM3, STM32MP213CAN3, STM32MP213CAO3, STM32MP213DAL3, STM32MP213DAM3, STM32MP213DAN3, STM32MP213DAO3, STM32MP213FAL3, STM32MP213FAM3, STM32MP213FAN3, STM32MP213FAO3, STM32MP215AAL3, STM32MP215AAM3, STM32MP215AAN3, STM32MP215AAO3, STM32MP215CAL3, STM32MP215CAM3, STM32MP215CAN3, STM32MP215CAO3, STM32MP215DAL3, STM32MP215DAM3, STM32MP215DAN3, STM32MP215DAO3, STM32MP215F-DK, STM32MP215FAL3, STM32MP215FAM3, STM32MP215FAN3, STM32MP215FAO3, STM32MP231AAJ3, STM32MP231AAK3, STM32MP231AAL3, STM32MP231CAJ3, STM32MP231CAK3, STM32MP231CAL3, STM32MP231DAJ3, STM32MP231DAK3, STM32MP231DAL3, STM32MP231FAJ3, STM32MP231FAK3, STM32MP231FAL3, STM32MP233AAJ3, STM32MP233AAK3, STM32MP233AAL3, STM32MP233CAJ3, STM32MP233CAK3, STM32MP233CAL3, STM32MP233DAJ3, STM32MP233DAK3, STM32MP233DAL3, STM32MP233FAJ3, STM32MP233FAK3, STM32MP233FAL3, STM32MP235AAJ3, STM32MP235AAK3, STM32MP235AAL3, STM32MP235CAJ3, STM32MP235CAK3, STM32MP235CAL3, STM32MP235DAJ3, STM32MP235DAK3, STM32MP235DAL3, STM32MP235FAJ3, STM32MP235FAK3, STM32MP235FAL3, STM32MP251AAI3, STM32MP251AAK3, STM32MP251AAL3, STM32MP251CAI3, STM32MP251CAK3, STM32MP251CAL3, STM32MP251DAI3, STM32MP251DAK3, STM32MP251DAL3, STM32MP251FAI3, STM32MP251FAK3, STM32MP251FAL3, STM32MP253AAI3, STM32MP253AAK3, STM32MP253AAL3, STM32MP253CAI3, STM32MP253CAK3, STM32MP253CAL3, STM32MP253DAI3, STM32MP253DAK3, STM32MP253DAL3, STM32MP253FAI3, STM32MP253FAK3, STM32MP253FAL3, STM32MP255AAI3, STM32MP255AAK3, STM32MP255AAL3, STM32MP255CAI3, STM32MP255CAK3, STM32MP255CAL3, STM32MP255DAI3, STM32MP255DAK3, STM32MP255DAL3, STM32MP255FAI3, STM32MP255FAK3, STM32MP255FAL3, STM32MP257AAI3, STM32MP257AAK3, STM32MP257AAL3, STM32MP257CAI3, STM32MP257CAK3, STM32MP257CAL3, STM32MP257DAI3, STM32MP257DAK3, STM32MP257DAL3, STM32MP257F-DK, STM32MP257F-EV1, STM32MP257FAI3, STM32MP257FAK3, STM32MP257FAL3, STM32N645A0H3Q, STM32N645B0H3Q, STM32N645I0H3Q, STM32N645L0H3Q, STM32N645X0H3Q, STM32N645Z0H3Q, STM32N647A0H3Q, STM32N647B0H3Q, STM32N647I0H3Q, STM32N647L0H3Q, STM32N647X0H3Q, STM32N647Z0H3Q, STM32N655A0H3Q, STM32N655B0H3Q, STM32N655I0H3Q, STM32N655L0H3Q, STM32N655X0H3Q, STM32N655Z0H3Q, STM32N6570-DK, STM32N657A0H3Q, STM32N657B0H3Q, STM32N657I0H3Q, STM32N657L0H3Q, STM32N657X0H3Q, STM32N657Z0H3Q, STM32U031C6T6, STM32U031C6U6, STM32U031C8T6, STM32U031C8U6, STM32U031F4P6, STM32U031F6P6, STM32U031F8P6, STM32U031G6Y6TR, STM32U031G8Y6TR, STM32U031K4U6, STM32U031K6U6, STM32U031K8U6, STM32U031R6I6, STM32U031R6T6, STM32U031R8I6, STM32U031R8T6, STM32U073C8T6, STM32U073C8U6, STM32U073CBT6, STM32U073CBU6, STM32U073CCT6, STM32U073CCU6, STM32U073H8Y6TR, STM32U073HBY6TR, STM32U073HCY6TR, STM32U073K8U6, STM32U073KBU6, STM32U073KCU6, STM32U073M8I6, STM32U073M8T6, STM32U073MBI6, STM32U073MBT6, STM32U073MCI6, STM32U073MCT6, STM32U073R8I6, STM32U073R8T6, STM32U073RBI6, STM32U073RBT6, STM32U073RCI6, STM32U073RCT6, STM32U083C-DK, STM32U083CCT6, STM32U083CCU6, STM32U083HCY6TR, STM32U083KCU6, STM32U083MCI6, STM32U083MCT6, STM32U083RCI6, STM32U083RCT6, STM32U375CET6, STM32U375CET6Q, STM32U375CEU6, STM32U375CEU6Q, STM32U375CEY6QTR, STM32U375CGT6, STM32U375CGT6Q, STM32U375CGU6, STM32U375CGU6Q, STM32U375CGY6QTR, STM32U375KEU6, STM32U375KGU6, STM32U375REI6, STM32U375REI6Q, STM32U375RET6, STM32U375RET6Q, STM32U375REY6GTR, STM32U375REY6QTR, STM32U375RGI6, STM32U375RGI6Q, STM32U375RGT6, STM32U375RGT6Q, STM32U375RGY6GTR, STM32U375RGY6QTR, STM32U375VEI6, STM32U375VEI6Q, STM32U375VET6, STM32U375VET6Q, STM32U375VGI6, STM32U375VGI6Q, STM32U375VGT6, STM32U375VGT6Q, STM32U385CGT6, STM32U385CGT6Q, STM32U385CGU6, STM32U385CGU6Q, STM32U385CGY6QTR, STM32U385KGU6, STM32U385RGI6, STM32U385RGI6Q, STM32U385RGT6, STM32U385RGT6Q, STM32U385RGY6GTR, STM32U385RGY6QTR, STM32U385VGI6, STM32U385VGI6Q, STM32U385VGT6, STM32U385VGT6Q, STM32U535CBT6, STM32U535CBT6Q, STM32U535CBU6, STM32U535CBU6Q, STM32U535CCT6, STM32U535CCT6Q, STM32U535CCU6, STM32U535CCU6Q, STM32U535CET6, STM32U535CET6Q, STM32U535CEU6, STM32U535CEU6Q, STM32U535JEY6QTR, STM32U535NCY6QTR, STM32U535NEY6QTR, STM32U535RBI6, STM32U535RBI6Q, STM32U535RBT6, STM32U535RBT6Q, STM32U535RCI6, STM32U535RCI6Q, STM32U535RCT6, STM32U535RCT6Q, STM32U535REI6, STM32U535REI6Q, STM32U535RET6, STM32U535RET6Q, STM32U535VCI6, STM32U535VCI6Q, STM32U535VCT6, STM32U535VCT6Q, STM32U535VEI6, STM32U535VEI6Q, STM32U535VET6, STM32U535VET6Q, STM32U545CET6, STM32U545CET6Q, STM32U545CEU6, STM32U545CEU6Q, STM32U545JEY6QTR, STM32U545NEY6QTR, STM32U545REI6, STM32U545REI6Q, STM32U545RET6, STM32U545RET6Q, STM32U545VEI6, STM32U545VEI6Q, STM32U545VET6, STM32U545VET6Q, STM32U595AIH6, STM32U595AIH6Q, STM32U595AJH6, STM32U595AJH6Q, STM32U595QII6, STM32U595QII6Q, STM32U595QJI6, STM32U595QJI6Q, STM32U595RIT6, STM32U595RIT6Q, STM32U595RJT6, STM32U595RJT6Q, STM32U595VIT6, STM32U595VIT6Q, STM32U595VJT6, STM32U595VJT6Q, STM32U595ZIT6, STM32U595ZIT6Q, STM32U595ZIY6QTR, STM32U595ZJT6, STM32U595ZJT6Q, STM32U595ZJY6QTR, STM32U599BJY6QTR, STM32U599NIH6Q, STM32U599NJH6Q, STM32U599VIT6Q, STM32U599VJT6, STM32U599VJT6Q, STM32U599ZIT6Q, STM32U599ZIY6QTR, STM32U599ZJT6Q, STM32U599ZJY6QTR, STM32U5A5AJH6, STM32U5A5AJH6Q, STM32U5A5QII3Q , STM32U5A5QJI6, STM32U5A5QJI6Q, STM32U5A5RJT6, STM32U5A5RJT6Q, STM32U5A5VJT6, STM32U5A5VJT6Q, STM32U5A5ZJT6, STM32U5A5ZJT6Q, STM32U5A5ZJY6QTR, STM32U5A9BJY6QTR, STM32U5A9J-DK, STM32U5A9NJH6Q, STM32U5A9VJT6Q, STM32U5A9ZJT6Q, STM32U5A9ZJY6QTR, STM32U5F7VIT6, STM32U5F7VIT6Q, STM32U5F7VJT6, STM32U5F7VJT6Q, STM32U5F9BJY6QTR, STM32U5F9NJH6Q, STM32U5F9VIT6Q, STM32U5F9VJT6Q, STM32U5F9ZIJ6QTR, STM32U5F9ZIT6Q, STM32U5F9ZJJ6QTR, STM32U5F9ZJT6Q, STM32U5G7VJT6, STM32U5G7VJT6Q, STM32U5G9BJY6QTR, STM32U5G9J-DK1, STM32U5G9J-DK2, STM32U5G9NJH6Q, STM32U5G9VJT6Q, STM32U5G9ZJJ6QTR, STM32U5G9ZJT6Q, STM32WB05KZV6TR, STM32WB05KZV7TR, STM32WB05TZF6TR, STM32WB05TZF7TR, STM32WB06CCF6TR, STM32WB06CCF7TR, STM32WB06CCV6TR, STM32WB06CCV7TR, STM32WB06KCV6TR, STM32WB06KCV7TR, STM32WB07CCF6TR, STM32WB07CCF7TR, STM32WB07CCV6TR, STM32WB07CCV7TR, STM32WB07KCV6TR, STM32WB07KCV7TR, STM32WB09KEV6TR, STM32WB09KEV7TR, STM32WB09TEF6TR, STM32WB09TEF7TR, STM32WB1MMCH6, STM32WBA50KGU6, STM32WBA50KGU6TR, STM32WBA52CEU6, STM32WBA52CEU6TR, STM32WBA52CEU7, STM32WBA52CEU7TR, STM32WBA52CGU6, STM32WBA52CGU6TR, STM32WBA52CGU6U, STM32WBA52CGU7, STM32WBA52CGU7TR, STM32WBA52KEU6, STM32WBA52KEU6TR, STM32WBA52KGU6, STM32WBA52KGU6TR, STM32WBA54CEU6, STM32WBA54CEU6TR, STM32WBA54CEU7, STM32WBA54CEU7TR, STM32WBA54CGU6, STM32WBA54CGU6TR, STM32WBA54CGU7, STM32WBA54CGU7TR, STM32WBA54KEU6, STM32WBA54KEU6TR, STM32WBA54KEU7, STM32WBA54KEU7TR, STM32WBA54KGU6, STM32WBA54KGU6TR, STM32WBA54KGU7, STM32WBA54KGU7TR, STM32WBA55CEU6, STM32WBA55CEU6TR, STM32WBA55CEU7, STM32WBA55CEU7TR, STM32WBA55CGU6, STM32WBA55CGU6TR, STM32WBA55CGU6U, STM32WBA55CGU7, STM32WBA55CGU7TR, STM32WBA55G-DK1, STM32WBA55HEF6, STM32WBA55HEF7, STM32WBA55HGF6, STM32WBA55HGF7, STM32WBA55UEI6, STM32WBA55UEI6TR, STM32WBA55UEI7, STM32WBA55UEI7TR, STM32WBA55UGI6, STM32WBA55UGI6TR, STM32WBA55UGI7, STM32WBA55UGI7TR, STM32WBA5MMGH6TR, STM32WBA62MGF6, STM32WBA62MIF6, STM32WBA65MGF7, STM32WBA65MIF6, STM32WBA65MIF7, STM32WL30K8V6, STM32WL30KBV6, STM32WL31C8V6, STM32WL31CBV6, STM32WL31K8V6, STM32WL31KBV6, STM32WL33C8V6, STM32WL33C8V6X, STM32WL33CBV6, STM32WL33CBV6X, STM32WL33CCV6, STM32WL33CCV6A, STM32WL33CCV6X, STM32WL33K8V7, STM32WL33K8V7X, STM32WL33KBV7 , STM32WL33KBV7X, STM32WL33KCV7, STM32WL33KCV7X, STM32WL5MOCH6, STM32WL5MOCH6TR]
2025-12-31 13:52:27,989 [INFO] DbMcus:218 - Found 4876 MCUs, 4876 are supported
2025-12-31 13:52:27,991 [INFO] ApiDb:423 - Load user favorites file C:\Users\Marom Keren/.stm32cubeide/favorites.mcus.txt: 0 item(s)
2025-12-31 13:52:27,991 [INFO] ApiDb:427 - User favorites MCUs=[]
2025-12-31 13:52:27,991 [INFO] DbMcus:224 - Set 0 / 0 favorites MCUs
2025-12-31 13:52:29,066 [INFO] BoardInfo:889 - No configuration file found for board P-NUCLEO-WB55
2025-12-31 13:52:29,070 [INFO] DbBoards:161 - Kit is not supported: P-NUCLEO-WB55
2025-12-31 13:52:29,078 [INFO] BoardInfo:889 - No configuration file found for board STEVAL-BFA001V1B
2025-12-31 13:52:29,078 [INFO] DbBoards:161 - Kit is not supported: STEVAL-BFA001V1B
2025-12-31 13:52:29,078 [INFO] BoardInfo:889 - No configuration file found for board STEVAL-BFA001V2B
2025-12-31 13:52:29,089 [INFO] DbBoards:161 - Kit is not supported: STEVAL-BFA001V2B
2025-12-31 13:52:29,509 [INFO] DbBoards:168 - Found 212 boards, 209 are supported
2025-12-31 13:52:29,509 [INFO] DbBoards:169 - Found 212 boards, 43 of them is supported for  Bsp
2025-12-31 13:52:29,519 [INFO] ApiDb:423 - Load user favorites file C:\Users\Marom Keren/.stm32cubeide/favorites.boards.txt: 1 item(s)
2025-12-31 13:52:29,519 [INFO] ApiDb:427 - User favorites Boards=[NUCLEO-F756ZG]
2025-12-31 13:52:29,519 [INFO] DbBoards:198 - Set 1 / 1 favorites Boards
2025-12-31 13:52:29,601 [INFO] UtilMem:75 - End LoadConfig() Used Memory: 190502440 Bytes (361758720)
2025-12-31 13:52:29,790 [WARN] ThirdParty:833 - waiting for thirdparty lock release [change project]
2025-12-31 13:52:29,790 [INFO] ThirdParty:835 - entering critical section [change project]
2025-12-31 13:52:29,790 [INFO] ThirdParty:1030 - CMSIS Pack Vendor :STMicroelectronics X-CUBE-PM33A1 1.0.0
2025-12-31 13:52:29,790 [INFO] ThirdParty:1030 - CMSIS Pack Vendor :STMicroelectronics USBPD 4.1
2025-12-31 13:52:29,790 [INFO] ThirdParty:1030 - CMSIS Pack Vendor :STMicroelectronics USB_HOST 2.0.0
2025-12-31 13:52:29,790 [INFO] ThirdParty:1030 - CMSIS Pack Vendor :STMicroelectronics FP-SNS-MOTENVWB1 1.4.0
2025-12-31 13:52:29,790 [INFO] ThirdParty:1030 - CMSIS Pack Vendor :STMicroelectronics X-CUBE-AZRTOS-F4 1.1.0
2025-12-31 13:52:29,790 [INFO] ThirdParty:1030 - CMSIS Pack Vendor :STMicroelectronics LIBJPEG 8.0.0
2025-12-31 13:52:29,790 [INFO] ThirdParty:1030 - CMSIS Pack Vendor :STMicroelectronics FP-ATR-ASTRA1 2.0.2
2025-12-31 13:52:29,790 [INFO] ThirdParty:1030 - CMSIS Pack Vendor :Avnet-IotConnect X-CUBE-IoTC-DA16k-PMOD 1.0.0
2025-12-31 13:52:29,790 [INFO] ThirdParty:1030 - CMSIS Pack Vendor :STMicroelectronics X-CUBE-SMBUS 2.1.0
2025-12-31 13:52:29,790 [INFO] ThirdParty:1030 - CMSIS Pack Vendor :STMicroelectronics X-CUBE-ISPU 2.1.0
2025-12-31 13:52:29,790 [INFO] ThirdParty:1030 - CMSIS Pack Vendor :STMicroelectronics X-CUBE-IPS 3.2.0
2025-12-31 13:52:29,792 [INFO] ThirdParty:1030 - CMSIS Pack Vendor :STMicroelectronics X-CUBE-ST60 1.0.0
2025-12-31 13:52:29,792 [INFO] ThirdParty:1030 - CMSIS Pack Vendor :STMicroelectronics X-CUBE-NFC12 1.0.0
2025-12-31 13:52:29,792 [INFO] ThirdParty:1030 - CMSIS Pack Vendor :STMicroelectronics X-CUBE-AZRTOS-F7 1.1.0
2025-12-31 13:52:29,792 [INFO] ThirdParty:1030 - CMSIS Pack Vendor :STMicroelectronics X-CUBE-AZRTOS-L5 2.0.0
2025-12-31 13:52:29,792 [INFO] ThirdParty:1030 - CMSIS Pack Vendor :STMicroelectronics USB_DEVICE 2.0.0
2025-12-31 13:52:29,792 [INFO] ThirdParty:1030 - CMSIS Pack Vendor :STMicroelectronics X-CUBE-NFC6 3.1.0
2025-12-31 13:52:29,792 [INFO] ThirdParty:1030 - CMSIS Pack Vendor :STMicroelectronics FP-SNS-MOTENV1 5.1.0
2025-12-31 13:52:29,792 [INFO] ThirdParty:1030 - CMSIS Pack Vendor :STMicroelectronics FreeRTOS 0.0.1
2025-12-31 13:52:29,792 [INFO] ThirdParty:1030 - CMSIS Pack Vendor :WES I-CUBE-Cesium 1.4.0
2025-12-31 13:52:29,792 [INFO] ThirdParty:1030 - CMSIS Pack Vendor :Infineon AIROC-Wi-Fi-Bluetooth-STM32 1.7.1
2025-12-31 13:52:29,792 [INFO] ThirdParty:1030 - CMSIS Pack Vendor :STMicroelectronics PDM2PCM 3.3.0
2025-12-31 13:52:29,792 [INFO] ThirdParty:1030 - CMSIS Pack Vendor :STMicroelectronics X-CUBE-AZRTOS-H7 3.4.0
2025-12-31 13:52:29,792 [INFO] ThirdParty:1030 - CMSIS Pack Vendor :STMicroelectronics X-CUBE-DISPLAY 3.0.0
2025-12-31 13:52:29,792 [INFO] ThirdParty:1030 - CMSIS Pack Vendor :STMicroelectronics X-CUBE-NFC10 1.0.0
2025-12-31 13:52:29,792 [INFO] ThirdParty:1030 - CMSIS Pack Vendor :STMicroelectronics X-CUBE-FREERTOS 1.3.1
2025-12-31 13:52:29,792 [INFO] ThirdParty:1030 - CMSIS Pack Vendor :STMicroelectronics HAL Drivers 0.0.0
2025-12-31 13:52:29,792 [INFO] ThirdParty:1030 - CMSIS Pack Vendor :STMicroelectronics X-CUBE-ST60 1.1.0
2025-12-31 13:52:29,792 [INFO] ThirdParty:1030 - CMSIS Pack Vendor :emotas I-CUBE-CANOPEN 1.3.0
2025-12-31 13:52:29,792 [INFO] ThirdParty:1030 - CMSIS Pack Vendor :STMicroelectronics MBEDTLS 2.14.1
2025-12-31 13:52:29,792 [INFO] ThirdParty:1030 - CMSIS Pack Vendor :STMicroelectronics X-CUBE-GNSS1 7.1.0
2025-12-31 13:52:29,792 [INFO] ThirdParty:1030 - CMSIS Pack Vendor :STMicroelectronics X-CUBE-TOUCHGFX 4.26.0
2025-12-31 13:52:29,792 [INFO] ThirdParty:1030 - CMSIS Pack Vendor :quantropi X-CUBE-qispace-sdk-base 2.0.0
2025-12-31 13:52:29,792 [INFO] ThirdParty:1030 - CMSIS Pack Vendor :STMicroelectronics FP-SNS-STBOX1 2.1.0
2025-12-31 13:52:29,792 [INFO] ThirdParty:1030 - CMSIS Pack Vendor :STMicroelectronics FP-SNS-STAIOTCFT 1.0.0
2025-12-31 13:52:29,792 [INFO] ThirdParty:1030 - CMSIS Pack Vendor :STMicroelectronics FP-SNS-SMARTAG2 1.2.0
2025-12-31 13:52:29,792 [INFO] ThirdParty:1030 - CMSIS Pack Vendor :STMicroelectronics FP-SNS-FLIGHT1 5.1.0
2025-12-31 13:52:29,792 [INFO] ThirdParty:1030 - CMSIS Pack Vendor :STMicroelectronics X-CUBE-AZRTOS-WL 2.0.0
2025-12-31 13:52:29,794 [INFO] ThirdParty:1030 - CMSIS Pack Vendor :STMicroelectronics X-CUBE-DPower 1.3.0
2025-12-31 13:52:29,794 [INFO] ThirdParty:1030 - CMSIS Pack Vendor :STMicroelectronics FP-SNS-MOTENV1 5.0.0
2025-12-31 13:52:29,794 [INFO] ThirdParty:1030 - CMSIS Pack Vendor :STMicroelectronics USB_DEVICE 1.0.0
2025-12-31 13:52:29,794 [INFO] ThirdParty:1030 - CMSIS Pack Vendor :STMicroelectronics X-CUBE-AZRTOS-H7RS 1.2.0
2025-12-31 13:52:29,794 [INFO] ThirdParty:1030 - CMSIS Pack Vendor :STMicroelectronics X-CUBE-AZRTOS-L4 2.0.0
2025-12-31 13:52:29,794 [INFO] ThirdParty:1030 - CMSIS Pack Vendor :STMicroelectronics ThreadX 0.0.2
2025-12-31 13:52:29,794 [INFO] ThirdParty:1030 - CMSIS Pack Vendor :WES I-CUBE-Cesium 1.3.0
2025-12-31 13:52:29,794 [INFO] ThirdParty:1030 - CMSIS Pack Vendor :STMicroelectronics lwIP 2.1.2
2025-12-31 13:52:29,794 [INFO] ThirdParty:1030 - CMSIS Pack Vendor :STMicroelectronics X-CUBE-SFXS2LP1 4.0.0
2025-12-31 13:52:29,794 [INFO] ThirdParty:1030 - CMSIS Pack Vendor :STMicroelectronics X-CUBE-BLE2 3.3.0
2025-12-31 13:52:29,794 [INFO] ThirdParty:1030 - CMSIS Pack Vendor :Avnet-IOTCONNECT X-CUBE-iotc-st67-sdk 1.0.0
2025-12-31 13:52:29,794 [INFO] ThirdParty:1030 - CMSIS Pack Vendor :Infineon AIROC-Wi-Fi-Bluetooth-STM32 1.8.0
2025-12-31 13:52:29,794 [INFO] ThirdParty:1030 - CMSIS Pack Vendor :STMicroelectronics PDM2PCM 3.2.0
2025-12-31 13:52:29,794 [INFO] ThirdParty:1030 - CMSIS Pack Vendor :STMicroelectronics X-CUBE-NFC9 1.0.0
2025-12-31 13:52:29,794 [INFO] ThirdParty:1030 - CMSIS Pack Vendor :wolfSSL I-CUBE-wolfSSL 5.8.0
2025-12-31 13:52:29,794 [INFO] ThirdParty:1030 - CMSIS Pack Vendor :STMicroelectronics X-CUBE-BLE1 7.1.0
2025-12-31 13:52:29,794 [INFO] ThirdParty:1030 - CMSIS Pack Vendor :wolfSSL I-CUBE-wolfMQTT 1.19.2
2025-12-31 13:52:29,794 [INFO] ThirdParty:1030 - CMSIS Pack Vendor :STMicroelectronics USB_DEVICE 3.0.0
2025-12-31 13:52:29,794 [INFO] ThirdParty:1030 - CMSIS Pack Vendor :STMicroelectronics X-CUBE-FREERTOS 1.4.0
2025-12-31 13:52:29,794 [INFO] ThirdParty:1030 - CMSIS Pack Vendor :STMicroelectronics X-CUBE-EEPRMA1 5.2.0
2025-12-31 13:52:29,794 [INFO] ThirdParty:1030 - CMSIS Pack Vendor :STMicroelectronics X-CUBE-BLEMGR 4.1.0
2025-12-31 13:52:29,794 [INFO] ThirdParty:1030 - CMSIS Pack Vendor :STMicroelectronics X-CUBE-AZRTOS-WB 2.0.0
2025-12-31 13:52:29,794 [INFO] ThirdParty:1030 - CMSIS Pack Vendor :wolfSSL I-CUBE-wolfSSL 5.8.4
2025-12-31 13:52:29,794 [INFO] ThirdParty:1030 - CMSIS Pack Vendor :Cesanta I-CUBE-Mongoose 7.20.0
2025-12-31 13:52:29,794 [INFO] ThirdParty:1030 - CMSIS Pack Vendor :STMicroelectronics X-CUBE-GNSS1 7.0.1
2025-12-31 13:52:29,794 [INFO] ThirdParty:1030 - CMSIS Pack Vendor :STMicroelectronics X-CUBE-TOUCHGFX 4.25.0
2025-12-31 13:52:29,794 [INFO] ThirdParty:1030 - CMSIS Pack Vendor :STMicroelectronics X-CUBE-ST67W61 1.1.0
2025-12-31 13:52:29,794 [INFO] ThirdParty:1030 - CMSIS Pack Vendor :STMicroelectronics X-CUBE-AI 10.1.0
2025-12-31 13:52:29,794 [INFO] ThirdParty:1030 - CMSIS Pack Vendor :STMicroelectronics FP-SNS-STBOX1 2.0.0
2025-12-31 13:52:29,794 [INFO] ThirdParty:1030 - CMSIS Pack Vendor :quantropi X-CUBE-qispace-sdk-base 2.1.0
2025-12-31 13:52:29,794 [INFO] ThirdParty:1030 - CMSIS Pack Vendor :STMicroelectronics X-CUBE-MEMS1 12.0.0
2025-12-31 13:52:29,794 [INFO] ThirdParty:1030 - CMSIS Pack Vendor :STMicroelectronics X-CUBE-AZRTOS-G0 1.1.0
2025-12-31 13:52:29,794 [INFO] ThirdParty:1030 - CMSIS Pack Vendor :STMicroelectronics X-CUBE-SAFEA1 1.2.2
2025-12-31 13:52:29,794 [INFO] ThirdParty:1030 - CMSIS Pack Vendor :STMicroelectronics X-CUBE-NFC4 3.0.0
2025-12-31 13:52:29,794 [INFO] ThirdParty:1030 - CMSIS Pack Vendor :STMicroelectronics X-CUBE-SUBG2 5.0.0
2025-12-31 13:52:29,794 [INFO] ThirdParty:1030 - CMSIS Pack Vendor :STMicroelectronics X-CUBE-AZRTOS-H7RS 1.1.0
2025-12-31 13:52:29,794 [INFO] ThirdParty:1030 - CMSIS Pack Vendor :STMicroelectronics STM32_WPAN 1.0.0
2025-12-31 13:52:29,794 [INFO] ThirdParty:1030 - CMSIS Pack Vendor :EmbeddedOffice I-CUBE-FS-RTOS 1.0.1
2025-12-31 13:52:29,794 [INFO] ThirdParty:1030 - CMSIS Pack Vendor :STMicroelectronics lwIP 2.0.3
2025-12-31 13:52:29,794 [INFO] ThirdParty:1030 - CMSIS Pack Vendor :Cesanta I-CUBE-Mongoose 7.13.0
2025-12-31 13:52:29,794 [INFO] ThirdParty:1030 - CMSIS Pack Vendor :STMicroelectronics USB_HOST 1.0.0
2025-12-31 13:52:29,794 [INFO] ThirdParty:1030 - CMSIS Pack Vendor :STMicroelectronics X-CUBE-AZRTOS-G4 2.0.0
2025-12-31 13:52:29,794 [INFO] ThirdParty:1030 - CMSIS Pack Vendor :STMicroelectronics X-CUBE-WB05N 2.0.0
2025-12-31 13:52:29,794 [INFO] ThirdParty:1030 - CMSIS Pack Vendor :STMicroelectronics PDM2PCM 3.1.0
2025-12-31 13:52:29,794 [INFO] ThirdParty:1030 - CMSIS Pack Vendor :wolfSSL I-CUBE-wolfTPM 3.8.0
2025-12-31 13:52:29,794 [INFO] ThirdParty:1030 - CMSIS Pack Vendor :wolfSSL I-CUBE-wolfSSH 1.4.20
2025-12-31 13:52:29,794 [INFO] ThirdParty:1030 - CMSIS Pack Vendor :STMicroelectronics X-CUBE-NFC7 2.0.0
2025-12-31 13:52:29,794 [INFO] ThirdParty:1030 - CMSIS Pack Vendor :STMicroelectronics X-CUBE-TCPP 4.2.0
2025-12-31 13:52:29,794 [INFO] ThirdParty:1030 - CMSIS Pack Vendor :RealThread X-CUBE-RT-Thread_Nano 4.1.1
2025-12-31 13:52:29,794 [INFO] ThirdParty:1030 - CMSIS Pack Vendor :STMicroelectronics FP-ATR-SIGFOX1 3.2.0
2025-12-31 13:52:29,794 [INFO] ThirdParty:1030 - CMSIS Pack Vendor :STMicroelectronics MBEDTLS 2.16.2
2025-12-31 13:52:29,794 [INFO] ThirdParty:1030 - CMSIS Pack Vendor :STMicroelectronics X-CUBE-IPS 3.1.0
2025-12-31 13:52:29,794 [INFO] ThirdParty:1030 - CMSIS Pack Vendor :STMicroelectronics X-CUBE-ALS 1.0.2
2025-12-31 13:52:29,794 [INFO] ThirdParty:1030 - CMSIS Pack Vendor :ITTIA_DB I-CUBE-ITTIADB 8.9.0
2025-12-31 13:52:29,794 [INFO] ThirdParty:1030 - CMSIS Pack Vendor :STMicroelectronics X-CUBE-STSE01 1.0.0
2025-12-31 13:52:29,797 [INFO] ThirdParty:1030 - CMSIS Pack Vendor :portGmbH I-Cube-SoM-uGOAL 1.1.0
2025-12-31 13:52:29,797 [INFO] ThirdParty:1030 - CMSIS Pack Vendor :STMicroelectronics X-CUBE-ST67W61 1.0.0
2025-12-31 13:52:29,797 [INFO] ThirdParty:1030 - CMSIS Pack Vendor :STMicroelectronics X-CUBE-AI 10.2.0
2025-12-31 13:52:29,797 [INFO] ThirdParty:1030 - CMSIS Pack Vendor :STMicroelectronics ThreadX 1.0.0
2025-12-31 13:52:29,797 [INFO] ThirdParty:1030 - CMSIS Pack Vendor :SEGGER I-CUBE-embOS 1.3.1
2025-12-31 13:52:29,797 [INFO] ThirdParty:1030 - CMSIS Pack Vendor :STMicroelectronics X-CUBE-ALGOBUILD 1.4.0
2025-12-31 13:52:29,797 [INFO] ThirdParty:1030 - CMSIS Pack Vendor :STMicroelectronics X-CUBE-MEMS1 11.3.0
2025-12-31 13:52:29,797 [INFO] ThirdParty:1030 - CMSIS Pack Vendor :STMicroelectronics X-CUBE-TOF1 3.4.3
2025-12-31 13:52:29,797 [INFO] ThirdParty:841 - exiting critical section [change project]
2025-12-31 13:52:31,046 [INFO] PinOutPanel:1589 - setPackage(No Configuration,No Configuration)
2025-12-31 13:52:31,051 [INFO] PinOutPanel:1589 - setPackage(STM32F756ZGTx,LQFP144)
2025-12-31 13:52:32,998 [INFO] UtilMem:75 - Before build in PCC Used Memory: 287309824 Bytes (361758720)
2025-12-31 13:52:34,843 [INFO] UtilMem:75 - After build in PCC Used Memory: 200890728 Bytes (361758720)
2025-12-31 13:52:34,966 [INFO] IPUIPlugin:80 - create IPUIPlugin
2025-12-31 13:52:34,966 [INFO] IPUIPlugin:80 - create IPUIPlugin
2025-12-31 13:52:34,966 [INFO] IPUIPlugin:80 - create IPUIPlugin
2025-12-31 13:52:34,966 [INFO] IPUIPlugin:80 - create IPUIPlugin
2025-12-31 13:52:34,967 [INFO] IPUIPlugin:80 - create IPUIPlugin
2025-12-31 13:52:34,967 [INFO] IPUIPlugin:80 - create IPUIPlugin
2025-12-31 13:52:34,967 [INFO] IPUIPlugin:80 - create IPUIPlugin
2025-12-31 13:52:34,969 [INFO] IPUIPlugin:80 - create IPUIPlugin
2025-12-31 13:52:34,969 [INFO] IPUIPlugin:80 - create IPUIPlugin
2025-12-31 13:52:34,970 [INFO] IPUIPlugin:80 - create IPUIPlugin
2025-12-31 13:52:34,970 [INFO] IPUIPlugin:80 - create IPUIPlugin
2025-12-31 13:52:34,970 [INFO] IPUIPlugin:80 - create IPUIPlugin
2025-12-31 13:52:34,971 [INFO] IPUIPlugin:80 - create IPUIPlugin
2025-12-31 13:52:34,971 [INFO] IPUIPlugin:80 - create IPUIPlugin
2025-12-31 13:52:34,971 [INFO] IPUIPlugin:80 - create IPUIPlugin
2025-12-31 13:52:34,972 [INFO] IPUIPlugin:80 - create IPUIPlugin
2025-12-31 13:52:34,972 [INFO] IPUIPlugin:80 - create IPUIPlugin
2025-12-31 13:52:34,972 [INFO] IPUIPlugin:80 - create IPUIPlugin
2025-12-31 13:52:34,973 [INFO] IPUIPlugin:80 - create IPUIPlugin
2025-12-31 13:52:34,973 [INFO] IPUIPlugin:80 - create IPUIPlugin
2025-12-31 13:52:34,973 [INFO] IPUIPlugin:80 - create IPUIPlugin
2025-12-31 13:52:34,973 [INFO] IPUIPlugin:80 - create IPUIPlugin
2025-12-31 13:52:34,973 [INFO] IPUIPlugin:80 - create IPUIPlugin
2025-12-31 13:52:34,973 [INFO] IPUIPlugin:80 - create IPUIPlugin
2025-12-31 13:52:34,973 [INFO] IPUIPlugin:80 - create IPUIPlugin
2025-12-31 13:52:34,973 [INFO] IPUIPlugin:80 - create IPUIPlugin
2025-12-31 13:52:34,973 [INFO] IPUIPlugin:80 - create IPUIPlugin
2025-12-31 13:52:34,973 [INFO] IPUIPlugin:80 - create IPUIPlugin
2025-12-31 13:52:34,973 [INFO] IPUIPlugin:80 - create IPUIPlugin
2025-12-31 13:52:34,973 [INFO] IPUIPlugin:80 - create IPUIPlugin
2025-12-31 13:52:34,973 [INFO] IPUIPlugin:80 - create IPUIPlugin
2025-12-31 13:52:34,973 [INFO] IPUIPlugin:80 - create IPUIPlugin
2025-12-31 13:52:34,973 [INFO] IPUIPlugin:80 - create IPUIPlugin
2025-12-31 13:52:34,973 [INFO] IPUIPlugin:80 - create IPUIPlugin
2025-12-31 13:52:34,973 [INFO] IPUIPlugin:80 - create IPUIPlugin
2025-12-31 13:52:34,973 [INFO] IPUIPlugin:80 - create IPUIPlugin
2025-12-31 13:52:34,973 [INFO] IPUIPlugin:80 - create IPUIPlugin
2025-12-31 13:52:34,982 [INFO] IPUIPlugin:80 - create IPUIPlugin
2025-12-31 13:52:34,982 [INFO] IPUIPlugin:80 - create IPUIPlugin
2025-12-31 13:52:34,983 [INFO] IPUIPlugin:80 - create IPUIPlugin
2025-12-31 13:52:34,984 [INFO] IPUIPlugin:80 - create IPUIPlugin
2025-12-31 13:52:34,985 [INFO] IPUIPlugin:80 - create IPUIPlugin
2025-12-31 13:52:34,985 [INFO] IPUIPlugin:80 - create IPUIPlugin
2025-12-31 13:52:34,986 [INFO] IPUIPlugin:80 - create IPUIPlugin
2025-12-31 13:52:34,987 [INFO] IPUIPlugin:80 - create IPUIPlugin
2025-12-31 13:52:34,987 [INFO] IPUIPlugin:80 - create IPUIPlugin
2025-12-31 13:52:34,987 [INFO] IPUIPlugin:80 - create IPUIPlugin
2025-12-31 13:52:34,988 [INFO] IPUIPlugin:80 - create IPUIPlugin
2025-12-31 13:52:34,988 [INFO] IPUIPlugin:80 - create IPUIPlugin
2025-12-31 13:52:34,988 [INFO] IPUIPlugin:80 - create IPUIPlugin
2025-12-31 13:52:34,988 [INFO] IPUIPlugin:80 - create IPUIPlugin
2025-12-31 13:52:34,988 [INFO] IPUIPlugin:80 - create IPUIPlugin
2025-12-31 13:52:34,988 [INFO] IPUIPlugin:80 - create IPUIPlugin
2025-12-31 13:52:34,988 [INFO] IPUIPlugin:80 - create IPUIPlugin
2025-12-31 13:52:34,988 [INFO] IPUIPlugin:80 - create IPUIPlugin
2025-12-31 13:52:34,988 [INFO] IPUIPlugin:80 - create IPUIPlugin
2025-12-31 13:52:34,988 [INFO] IPUIPlugin:80 - create IPUIPlugin
2025-12-31 13:52:34,988 [INFO] IPUIPlugin:80 - create IPUIPlugin
2025-12-31 13:52:34,988 [INFO] IPUIPlugin:80 - create IPUIPlugin
2025-12-31 13:52:34,988 [INFO] IPUIPlugin:80 - create IPUIPlugin
2025-12-31 13:52:34,998 [INFO] IPUIPlugin:80 - create IPUIPlugin
2025-12-31 13:52:34,999 [INFO] IPUIPlugin:80 - create IPUIPlugin
2025-12-31 13:52:35,000 [INFO] IPUIPlugin:80 - create IPUIPlugin
2025-12-31 13:52:35,001 [INFO] IPUIPlugin:80 - create IPUIPlugin
2025-12-31 13:52:35,002 [INFO] IPUIPlugin:80 - create IPUIPlugin
2025-12-31 13:52:35,003 [INFO] IPUIPlugin:80 - create IPUIPlugin
2025-12-31 13:52:35,004 [INFO] IPUIPlugin:80 - create IPUIPlugin
2025-12-31 13:52:35,004 [INFO] IPUIPlugin:80 - create IPUIPlugin
2025-12-31 13:52:35,004 [INFO] IPUIPlugin:80 - create IPUIPlugin
2025-12-31 13:52:35,004 [INFO] IPUIPlugin:80 - create IPUIPlugin
2025-12-31 13:52:35,004 [INFO] IPUIPlugin:80 - create IPUIPlugin
2025-12-31 13:52:35,004 [INFO] IPUIPlugin:80 - create IPUIPlugin
2025-12-31 13:52:35,004 [INFO] IPUIPlugin:80 - create IPUIPlugin
2025-12-31 13:52:35,004 [INFO] IPUIPlugin:80 - create IPUIPlugin
2025-12-31 13:52:35,004 [INFO] IPUIPlugin:80 - create IPUIPlugin
2025-12-31 13:52:35,004 [INFO] IPUIPlugin:80 - create IPUIPlugin
2025-12-31 13:52:35,256 [INFO] ApiDbMcu:532 - Load IP Config File for PDM2PCM
2025-12-31 13:52:35,871 [INFO] CADModel:165 - CPN selected for project levelSTM32F756ZGT6
2025-12-31 13:52:35,872 [INFO] CADModel:114 - Register for checkConnection events
2025-12-31 13:52:35,919 [INFO] OpenFileManager:386 - Restore cursor
2025-12-31 13:52:36,486 [WARN] IP:2250 - Warning not found: check if there is a RefParameter without a condition.
2025-12-31 13:52:36,487 [WARN] IP:2250 - RxBufferAddress not found: check if there is a RefParameter without a condition.
2025-12-31 13:52:36,487 [WARN] IP:2250 - DESC_SIZE_UNIT not found: check if there is a RefParameter without a condition.
2025-12-31 13:52:36,489 [WARN] IP:2250 - Warning not found: check if there is a RefParameter without a condition.
2025-12-31 13:52:36,489 [WARN] IP:2250 - RxBufferAddress not found: check if there is a RefParameter without a condition.
2025-12-31 13:52:36,490 [WARN] IP:2250 - DESC_SIZE_UNIT not found: check if there is a RefParameter without a condition.
2025-12-31 13:52:39,534 [INFO] LogOutputStream:77 - [STDOUT_REDIRECT] 
2025-12-31 13:52:40,198 [INFO] McuFinderGlobals:63 - Set McuFinder mode to 2 (CubeIDE integrated)
2025-12-31 13:52:40,200 [INFO] UserAuth:487 - Internet connection configuration mode: 1
2025-12-31 13:52:40,234 [INFO] JxBrowserEngine:152 - Initiate JxBrowser Engine with user profile folder
2025-12-31 13:52:41,579 [INFO] WebApp:169 - Instantiating new browser for Auth
2025-12-31 13:52:42,960 [INFO] WebApp:463 - Apply proxy settings
2025-12-31 13:52:42,961 [INFO] WebApp:548 - Chromium requires no authentication
2025-12-31 13:52:42,976 [INFO] WebApp:491 - Direct internet connection detected
2025-12-31 13:52:43,021 [INFO] WebApp:900 - Register for checkConnection events
2025-12-31 13:52:43,022 [INFO] WebApp:463 - Apply proxy settings
2025-12-31 13:52:43,022 [INFO] WebApp:548 - Chromium requires no authentication
2025-12-31 13:52:43,022 [INFO] WebApp:491 - Direct internet connection detected
2025-12-31 13:52:43,216 [INFO] WebApp:191 - Connection restablished
2025-12-31 13:52:43,353 [INFO] WebApp:225 - Starting web application
2025-12-31 13:52:43,353 [INFO] WebApp:593 - Web application path used C:\ST\STM32CubeIDE_1.19.0\STM32CubeIDE\plugins\com.st.stm32cube.common.mx_6.15.0.202507011659\db\plugins\mcufinder\reactClient1\index.html
2025-12-31 13:52:43,524 [INFO] UserAuth:487 - Internet connection configuration mode: 1
2025-12-31 13:53:05,004 [INFO] I2cTimingTraitement:330 - 0x00808CD2
2025-12-31 13:53:05,120 [WARN] IP:2250 - Warning not found: check if there is a RefParameter without a condition.
2025-12-31 13:53:05,120 [WARN] IP:2250 - RxBufferAddress not found: check if there is a RefParameter without a condition.
2025-12-31 13:53:05,120 [WARN] IP:2250 - DESC_SIZE_UNIT not found: check if there is a RefParameter without a condition.
2025-12-31 13:53:05,121 [WARN] IP:2250 - Warning not found: check if there is a RefParameter without a condition.
2025-12-31 13:53:05,121 [WARN] IP:2250 - RxBufferAddress not found: check if there is a RefParameter without a condition.
2025-12-31 13:53:05,121 [WARN] IP:2250 - DESC_SIZE_UNIT not found: check if there is a RefParameter without a condition.
2025-12-31 13:53:27,002 [INFO] I2cTimingTraitement:330 - 0x00808CD2
2025-12-31 13:54:34,305 [INFO] UtilMem:75 - End SaveConfig() Used Memory: 767150824 Bytes (1073741824)
2025-12-31 13:54:39,842 [INFO] UtilMem:75 - End SaveConfig() Used Memory: 801894504 Bytes (1073741824)
2025-12-31 13:58:33,088 [INFO] Activator:176 - 


2025-12-31 13:58:33,091 [INFO] Activator:177 - !SESSION log4j initialized
2025-12-31 13:58:36,562 [INFO] ApplicationProperties:184 - Using Application install path: C:\ST\STM32CubeIDE_1.19.0\STM32CubeIDE\plugins\com.st.stm32cube.common.mx_6.15.0.202507011659
2025-12-31 13:58:36,586 [INFO] DbMcusXml:78 - Set database path to: C:\ST\STM32CubeIDE_1.19.0\STM32CubeIDE\plugins\com.st.stm32cube.common.mx_6.15.0.202507011659\\db\/mcu/
2025-12-31 13:58:36,586 [INFO] ApiDb:274 - Set plugin database path to: C:\ST\STM32CubeIDE_1.19.0\STM32CubeIDE\plugins\com.st.stm32cube.common.mx_6.15.0.202507011659\\db\/plugins/boardmanager/
2025-12-31 13:58:36,586 [WARN] ApiDb:259 - Overriding images path with different value:  => C:\ST\STM32CubeIDE_1.19.0\STM32CubeIDE\plugins\com.st.stm32cube.common.mx_6.15.0.202507011659\\db\/plugins/mcufinder/images/
2025-12-31 13:58:36,593 [INFO] ApiDb:250 - Set database path to: C:\Users\Marom Keren\.stmcufinder\plugins\mcufinder//mcu/
2025-12-31 13:58:36,596 [INFO] DbMcusAds:125 - Set database path to: C:\Users\Marom Keren\.stmcufinder\plugins\mcufinder//mcu/
2025-12-31 13:58:36,617 [INFO] CrossReferenceDbSqlite:203 - Set database path to: C:\Users\Marom Keren\.stmcufinder\plugins\mcufinder//mcu/cs/
2025-12-31 13:58:36,799 [INFO] RulesReader:64 - Compatibility file has been processed (317 Rules)
2025-12-31 13:58:36,963 [INFO] DbMcusXml:78 - Set database path to: C:\ST\STM32CubeIDE_1.19.0\STM32CubeIDE\plugins\com.st.stm32cube.common.mx_6.15.0.202507011659\\db\/mcu/
2025-12-31 13:58:36,963 [INFO] ApiDb:274 - Set plugin database path to: C:\ST\STM32CubeIDE_1.19.0\STM32CubeIDE\plugins\com.st.stm32cube.common.mx_6.15.0.202507011659\\db\/plugins/boardmanager/
2025-12-31 13:58:36,963 [INFO] ApiDb:261 - Set plugin images path to: C:\ST\STM32CubeIDE_1.19.0\STM32CubeIDE\plugins\com.st.stm32cube.common.mx_6.15.0.202507011659\\db\/plugins/mcufinder/images/
2025-12-31 13:58:36,964 [WARN] DbFile:41 - Overriding database path with different value: C:\Users\Marom Keren\.stmcufinder\plugins\mcufinder/ => C:\Users\Marom Keren\.stmcufinder\plugins\mcufinder
2025-12-31 13:58:36,964 [INFO] ApiDb:250 - Set database path to: C:\Users\Marom Keren\.stmcufinder\plugins\mcufinder//mcu/
2025-12-31 13:58:36,964 [WARN] DbFile:41 - Overriding database path with different value: C:\Users\Marom Keren\.stmcufinder\plugins\mcufinder/ => C:\Users\Marom Keren\.stmcufinder\plugins\mcufinder
2025-12-31 13:58:36,964 [INFO] DbMcusAds:125 - Set database path to: C:\Users\Marom Keren\.stmcufinder\plugins\mcufinder//mcu/
2025-12-31 13:58:36,965 [WARN] DbFile:41 - Overriding database path with different value: C:\Users\Marom Keren\.stmcufinder\plugins\mcufinder/ => C:\Users\Marom Keren\.stmcufinder\plugins\mcufinder
2025-12-31 13:58:36,965 [WARN] DbFile:41 - Overriding database path with different value: C:\Users\Marom Keren\.stmcufinder\plugins\mcufinder/ => C:\Users\Marom Keren\.stmcufinder\plugins\mcufinder
2025-12-31 13:58:36,965 [INFO] CrossReferenceDbSqlite:203 - Set database path to: C:\Users\Marom Keren\.stmcufinder\plugins\mcufinder//mcu/cs/
2025-12-31 13:58:37,065 [INFO] MainPanel:274 - HeapMemory: 268435456
2025-12-31 13:58:37,225 [INFO] DbMcusXml:78 - Set database path to: C:\ST\STM32CubeIDE_1.19.0\STM32CubeIDE\plugins\com.st.stm32cube.common.mx_6.15.0.202507011659\\db\/mcu/
2025-12-31 13:58:37,225 [INFO] ApiDb:274 - Set plugin database path to: C:\ST\STM32CubeIDE_1.19.0\STM32CubeIDE\plugins\com.st.stm32cube.common.mx_6.15.0.202507011659\\db\/plugins/boardmanager/
2025-12-31 13:58:37,225 [INFO] ApiDb:261 - Set plugin images path to: C:\ST\STM32CubeIDE_1.19.0\STM32CubeIDE\plugins\com.st.stm32cube.common.mx_6.15.0.202507011659\\db\/plugins/mcufinder/images/
2025-12-31 13:58:37,231 [WARN] DbFile:41 - Overriding database path with different value: C:\Users\Marom Keren\.stmcufinder\plugins\mcufinder/ => C:\Users\Marom Keren\.stmcufinder\plugins\mcufinder
2025-12-31 13:58:37,231 [INFO] ApiDb:250 - Set database path to: C:\Users\Marom Keren\.stmcufinder\plugins\mcufinder//mcu/
2025-12-31 13:58:37,231 [WARN] DbFile:41 - Overriding database path with different value: C:\Users\Marom Keren\.stmcufinder\plugins\mcufinder/ => C:\Users\Marom Keren\.stmcufinder\plugins\mcufinder
2025-12-31 13:58:37,231 [INFO] DbMcusAds:125 - Set database path to: C:\Users\Marom Keren\.stmcufinder\plugins\mcufinder//mcu/
2025-12-31 13:58:37,231 [WARN] DbFile:41 - Overriding database path with different value: C:\Users\Marom Keren\.stmcufinder\plugins\mcufinder/ => C:\Users\Marom Keren\.stmcufinder\plugins\mcufinder
2025-12-31 13:58:37,231 [WARN] DbFile:41 - Overriding database path with different value: C:\Users\Marom Keren\.stmcufinder\plugins\mcufinder/ => C:\Users\Marom Keren\.stmcufinder\plugins\mcufinder
2025-12-31 13:58:37,231 [INFO] CrossReferenceDbSqlite:203 - Set database path to: C:\Users\Marom Keren\.stmcufinder\plugins\mcufinder//mcu/cs/
2025-12-31 13:58:37,260 [INFO] ApplicationProperties:184 - Using Application install path: C:\ST\STM32CubeIDE_1.19.0\STM32CubeIDE\plugins\com.st.stm32cube.common.mx_6.15.0.202507011659
2025-12-31 13:58:37,261 [INFO] PluginManage:196 - Search for loadable plugins [exclusion list=, ]
2025-12-31 13:58:37,263 [INFO] PluginManage:310 - Check plugin analytics
2025-12-31 13:58:37,782 [INFO] AnalyticsPlugin:253 - Accepted Software Licenses: STM32CubeMX.6.13.0
2025-12-31 13:58:37,782 [INFO] AnalyticsPlugin:255 - Accepted CMSIS Pack Licenses: STMicroelectronics.X-CUBE-AZRTOS-F7.1.1.0,STMicroelectronics.X-CUBE-AZRTOS-F7.1.0.0
2025-12-31 13:58:37,782 [INFO] AnalyticsPlugin:257 - Accepted Firmware Licenses: FW.F7.1.17.0
2025-12-31 13:58:37,782 [INFO] PluginManage:359 - Loaded plugin analytics (category:tool,tabindex:-1)
2025-12-31 13:58:37,792 [INFO] PluginManage:310 - Check plugin cadmodel
2025-12-31 13:58:37,802 [INFO] CADModel:105 - Init CAD model plugin
2025-12-31 13:58:37,802 [INFO] PluginManage:359 - Loaded plugin cadmodel (category:power,tabindex:5)
2025-12-31 13:58:37,802 [INFO] PluginManage:310 - Check plugin clock
2025-12-31 13:58:37,843 [INFO] PluginManage:359 - Loaded plugin clock (category:base,tabindex:2)
2025-12-31 13:58:37,843 [INFO] PluginManage:310 - Check plugin ddr
2025-12-31 13:58:37,853 [INFO] PluginManage:359 - Loaded plugin ddr (category:tool,tabindex:6)
2025-12-31 13:58:37,853 [INFO] PluginManage:310 - Check plugin filemanager
2025-12-31 13:58:38,226 [INFO] PluginManage:359 - Loaded plugin filemanager (category:base,tabindex:10)
2025-12-31 13:58:38,226 [INFO] PluginManage:310 - Check plugin ipmanager
2025-12-31 13:58:38,238 [INFO] PluginManage:359 - Loaded plugin ipmanager (category:base,tabindex:5)
2025-12-31 13:58:38,238 [INFO] PluginManage:310 - Check plugin lpbam
2025-12-31 13:58:38,249 [INFO] PluginManage:359 - Loaded plugin lpbam (category:base,tabindex:0)
2025-12-31 13:58:38,258 [INFO] PluginManage:310 - Check plugin memorymap
2025-12-31 13:58:38,289 [INFO] PluginManage:359 - Loaded plugin memorymap (category:base,tabindex:4)
2025-12-31 13:58:38,289 [INFO] PluginManage:310 - Check plugin pinoutandconfiguration
2025-12-31 13:58:38,302 [INFO] PluginManage:359 - Loaded plugin pinoutandconfiguration (category:base,tabindex:1)
2025-12-31 13:58:38,302 [INFO] PluginManage:310 - Check plugin pinoutconfig
2025-12-31 13:58:38,543 [WARN] SupportedApi:132 - Cannot load RTOS API schema: s4s-elt-must-match.1: The content of 'definitions' must match (annotation?, (simpleType | complexType)?, (unique | key | keyref)*)). A problem was found starting at: attribute.
2025-12-31 13:58:38,785 [INFO] PluginManage:359 - Loaded plugin pinoutconfig (category:base,tabindex:0)
2025-12-31 13:58:38,785 [INFO] PluginManage:310 - Check plugin power
2025-12-31 13:58:38,804 [INFO] PluginManage:359 - Loaded plugin power (category:power,tabindex:4)
2025-12-31 13:58:38,814 [INFO] PluginManage:310 - Check plugin projectmanager
2025-12-31 13:58:38,845 [INFO] PluginManage:359 - Loaded plugin projectmanager (category:projectmanager,tabindex:4)
2025-12-31 13:58:38,845 [INFO] PluginManage:310 - Check plugin rif
2025-12-31 13:58:38,855 [INFO] PluginManage:359 - Loaded plugin rif (category:base,tabindex:3)
2025-12-31 13:58:38,855 [INFO] PluginManage:310 - Check plugin thirdparty
2025-12-31 13:58:39,096 [WARN] IntegrityCheckThread:84 - waiting for thirdparty lock release [integrity check]
2025-12-31 13:58:39,096 [INFO] IntegrityCheckThread:86 - entering critical section [integrity check]
2025-12-31 13:58:39,096 [INFO] ThirdPartyUpdaterWithRetryManager:70 - Updater plugin not ready yet. [1/15]
2025-12-31 13:58:39,096 [INFO] PluginManage:359 - Loaded plugin thirdparty (category:base,tabindex:-1)
2025-12-31 13:58:39,096 [INFO] PluginManage:310 - Check plugin tools
2025-12-31 13:58:39,106 [INFO] PluginManage:359 - Loaded plugin tools (category:base,tabindex:7)
2025-12-31 13:58:39,106 [INFO] PluginManage:310 - Check plugin tutovideos
2025-12-31 13:58:39,408 [INFO] PluginManage:359 - Loaded plugin tutovideos (category:base,tabindex:-1)
2025-12-31 13:58:39,408 [INFO] PluginManage:310 - Check plugin updater
2025-12-31 13:58:39,435 [INFO] PluginManage:359 - Loaded plugin updater (category:base,tabindex:12)
2025-12-31 13:58:39,435 [INFO] PluginManage:310 - Check plugin userauth
2025-12-31 13:58:39,441 [INFO] UserAuth:118 - Init User Auth plugin
2025-12-31 13:58:39,441 [INFO] PluginManage:359 - Loaded plugin userauth (category:base,tabindex:14)
2025-12-31 13:58:39,445 [INFO] PluginManage:283 - PluginManage : Loaded plugins [18]
2025-12-31 13:58:39,893 [INFO] PinOutPanel:1589 - setPackage(No Configuration,No Configuration)
2025-12-31 13:58:40,019 [INFO] CADModel:165 - CPN selected for project level
2025-12-31 13:58:40,019 [INFO] CADModel:114 - Register for checkConnection events
2025-12-31 13:58:40,042 [INFO] IPUIPlugin:80 - create IPUIPlugin
2025-12-31 13:58:40,042 [INFO] PluginManager:220 - loadIPPluginJar : add adc
2025-12-31 13:58:40,046 [INFO] IPUIPlugin:80 - create IPUIPlugin
2025-12-31 13:58:40,047 [INFO] PluginManager:220 - loadIPPluginJar : add aes
2025-12-31 13:58:40,052 [INFO] IPUIPlugin:80 - create IPUIPlugin
2025-12-31 13:58:40,052 [INFO] PluginManager:220 - loadIPPluginJar : add can
2025-12-31 13:58:40,054 [INFO] IPUIPlugin:80 - create IPUIPlugin
2025-12-31 13:58:40,054 [INFO] PluginManager:220 - loadIPPluginJar : add comp
2025-12-31 13:58:40,057 [INFO] IPUIPlugin:80 - create IPUIPlugin
2025-12-31 13:58:40,057 [INFO] PluginManager:220 - loadIPPluginJar : add cryp
2025-12-31 13:58:40,061 [INFO] IPUIPlugin:80 - create IPUIPlugin
2025-12-31 13:58:40,061 [INFO] PluginManager:220 - loadIPPluginJar : add ddr_ctrl_phy
2025-12-31 13:58:40,066 [INFO] IPUIPlugin:80 - create IPUIPlugin
2025-12-31 13:58:40,066 [INFO] PluginManager:220 - loadIPPluginJar : add dfsdm
2025-12-31 13:58:40,072 [INFO] IPUIPlugin:80 - create IPUIPlugin
2025-12-31 13:58:40,072 [INFO] PluginManager:220 - loadIPPluginJar : add dma
2025-12-31 13:58:40,080 [INFO] IPUIPlugin:80 - create IPUIPlugin
2025-12-31 13:58:40,080 [INFO] PluginManager:220 - loadIPPluginJar : add dma3
2025-12-31 13:58:40,082 [INFO] IPUIPlugin:80 - create IPUIPlugin
2025-12-31 13:58:40,082 [INFO] PluginManager:220 - loadIPPluginJar : add extmemmanager
2025-12-31 13:58:40,082 [INFO] IPUIPlugin:80 - create IPUIPlugin
2025-12-31 13:58:40,082 [INFO] PluginManager:220 - loadIPPluginJar : add fatfs
2025-12-31 13:58:40,092 [INFO] IPUIPlugin:80 - create IPUIPlugin
2025-12-31 13:58:40,092 [INFO] PluginManager:220 - loadIPPluginJar : add fmc
2025-12-31 13:58:40,103 [INFO] IPUIPlugin:80 - create IPUIPlugin
2025-12-31 13:58:40,113 [INFO] PluginManager:220 - loadIPPluginJar : add freertos
2025-12-31 13:58:40,113 [INFO] IPUIPlugin:80 - create IPUIPlugin
2025-12-31 13:58:40,113 [INFO] PluginManager:220 - loadIPPluginJar : add genericplugin
2025-12-31 13:58:40,116 [INFO] IPUIPlugin:80 - create IPUIPlugin
2025-12-31 13:58:40,116 [INFO] PluginManager:220 - loadIPPluginJar : add gfxmmu
2025-12-31 13:58:40,123 [INFO] IPUIPlugin:80 - create IPUIPlugin
2025-12-31 13:58:40,123 [INFO] PluginManager:220 - loadIPPluginJar : add gic
2025-12-31 13:58:40,129 [INFO] IPUIPlugin:80 - create IPUIPlugin
2025-12-31 13:58:40,129 [INFO] PluginManager:220 - loadIPPluginJar : add gpio
2025-12-31 13:58:40,133 [INFO] IPUIPlugin:80 - create IPUIPlugin
2025-12-31 13:58:40,133 [INFO] PluginManager:220 - loadIPPluginJar : add gtzc
2025-12-31 13:58:40,135 [INFO] IPUIPlugin:80 - create IPUIPlugin
2025-12-31 13:58:40,135 [INFO] PluginManager:220 - loadIPPluginJar : add hash
2025-12-31 13:58:40,140 [INFO] IPUIPlugin:80 - create IPUIPlugin
2025-12-31 13:58:40,140 [INFO] PluginManager:220 - loadIPPluginJar : add i2c
2025-12-31 13:58:40,144 [INFO] IPUIPlugin:80 - create IPUIPlugin
2025-12-31 13:58:40,144 [INFO] PluginManager:220 - loadIPPluginJar : add i2s
2025-12-31 13:58:40,149 [INFO] IPUIPlugin:80 - create IPUIPlugin
2025-12-31 13:58:40,149 [INFO] PluginManager:220 - loadIPPluginJar : add i3c
2025-12-31 13:58:40,154 [INFO] IPUIPlugin:80 - create IPUIPlugin
2025-12-31 13:58:40,154 [INFO] PluginManager:220 - loadIPPluginJar : add ipddr
2025-12-31 13:58:40,163 [INFO] IPUIPlugin:80 - create IPUIPlugin
2025-12-31 13:58:40,163 [INFO] PluginManager:220 - loadIPPluginJar : add linkedlist
2025-12-31 13:58:40,168 [INFO] IPUIPlugin:80 - create IPUIPlugin
2025-12-31 13:58:40,168 [INFO] PluginManager:220 - loadIPPluginJar : add lorawan
2025-12-31 13:58:40,170 [INFO] IPUIPlugin:80 - create IPUIPlugin
2025-12-31 13:58:40,170 [INFO] PluginManager:220 - loadIPPluginJar : add ltdc
2025-12-31 13:58:40,175 [INFO] IPUIPlugin:80 - create IPUIPlugin
2025-12-31 13:58:40,175 [INFO] PluginManager:220 - loadIPPluginJar : add mdma
2025-12-31 13:58:40,185 [INFO] IPUIPlugin:80 - create IPUIPlugin
2025-12-31 13:58:40,185 [INFO] PluginManager:220 - loadIPPluginJar : add nvic
2025-12-31 13:58:40,185 [INFO] IPUIPlugin:80 - create IPUIPlugin
2025-12-31 13:58:40,185 [INFO] PluginManager:220 - loadIPPluginJar : add opamp
2025-12-31 13:58:40,185 [INFO] IPUIPlugin:80 - create IPUIPlugin
2025-12-31 13:58:40,185 [INFO] PluginManager:220 - loadIPPluginJar : add openamp
2025-12-31 13:58:40,197 [INFO] IPUIPlugin:80 - create IPUIPlugin
2025-12-31 13:58:40,197 [INFO] PluginManager:220 - loadIPPluginJar : add pdm2pcm
2025-12-31 13:58:40,205 [INFO] IPUIPlugin:80 - create IPUIPlugin
2025-12-31 13:58:40,209 [INFO] PluginManager:220 - loadIPPluginJar : add plateformsettings
2025-12-31 13:58:40,209 [INFO] IPUIPlugin:80 - create IPUIPlugin
2025-12-31 13:58:40,209 [INFO] PluginManager:220 - loadIPPluginJar : add quadspi
2025-12-31 13:58:40,215 [INFO] IPUIPlugin:80 - create IPUIPlugin
2025-12-31 13:58:40,215 [INFO] PluginManager:220 - loadIPPluginJar : add radio
2025-12-31 13:58:40,215 [INFO] IPUIPlugin:80 - create IPUIPlugin
2025-12-31 13:58:40,215 [INFO] PluginManager:220 - loadIPPluginJar : add resmgrutility
2025-12-31 13:58:40,225 [INFO] IPUIPlugin:80 - create IPUIPlugin
2025-12-31 13:58:40,225 [INFO] PluginManager:220 - loadIPPluginJar : add sai
2025-12-31 13:58:40,225 [INFO] IPUIPlugin:80 - create IPUIPlugin
2025-12-31 13:58:40,225 [INFO] PluginManager:220 - loadIPPluginJar : add spi
2025-12-31 13:58:40,241 [INFO] IPUIPlugin:80 - create IPUIPlugin
2025-12-31 13:58:40,241 [INFO] PluginManager:220 - loadIPPluginJar : add stm32_wpan
2025-12-31 13:58:40,244 [INFO] IPUIPlugin:80 - create IPUIPlugin
2025-12-31 13:58:40,244 [INFO] PluginManager:220 - loadIPPluginJar : add tim
2025-12-31 13:58:40,248 [INFO] IPUIPlugin:80 - create IPUIPlugin
2025-12-31 13:58:40,248 [INFO] PluginManager:220 - loadIPPluginJar : add touchsensing
2025-12-31 13:58:40,252 [INFO] IPUIPlugin:80 - create IPUIPlugin
2025-12-31 13:58:40,252 [INFO] PluginManager:220 - loadIPPluginJar : add tracer_emb
2025-12-31 13:58:40,255 [INFO] IPUIPlugin:80 - create IPUIPlugin
2025-12-31 13:58:40,255 [INFO] PluginManager:220 - loadIPPluginJar : add ts
2025-12-31 13:58:40,257 [INFO] IPUIPlugin:80 - create IPUIPlugin
2025-12-31 13:58:40,258 [INFO] PluginManager:220 - loadIPPluginJar : add tsc
2025-12-31 13:58:40,260 [INFO] IPUIPlugin:80 - create IPUIPlugin
2025-12-31 13:58:40,260 [INFO] PluginManager:220 - loadIPPluginJar : add ucpd
2025-12-31 13:58:40,264 [INFO] IPUIPlugin:80 - create IPUIPlugin
2025-12-31 13:58:40,264 [INFO] PluginManager:220 - loadIPPluginJar : add usart
2025-12-31 13:58:40,264 [INFO] IPUIPlugin:80 - create IPUIPlugin
2025-12-31 13:58:40,264 [INFO] PluginManager:220 - loadIPPluginJar : add usbx
2025-12-31 13:58:40,454 [FATAL] Updater:351 - Updater called before beeing initialized
2025-12-31 13:58:40,543 [INFO] RulesReader:64 - Compatibility file has been processed (317 Rules)
2025-12-31 13:58:40,570 [INFO] RulesReader:64 - Compatibility file has been processed (317 Rules)
2025-12-31 13:58:40,600 [INFO] CADModel:165 - CPN selected for project level
2025-12-31 13:58:40,600 [INFO] CADModel:114 - Register for checkConnection events
2025-12-31 13:58:40,600 [FATAL] Updater:351 - Updater called before beeing initialized
2025-12-31 13:58:40,600 [ERROR] CADModel:125 - Updater not yet initialized, retry later 
2025-12-31 13:58:40,898 [FATAL] Updater:351 - Updater called before beeing initialized
2025-12-31 13:58:40,898 [INFO] CADModel:165 - CPN selected for project level
2025-12-31 13:58:40,898 [INFO] CADModel:114 - Register for checkConnection events
2025-12-31 13:58:40,898 [FATAL] Updater:351 - Updater called before beeing initialized
2025-12-31 13:58:40,898 [ERROR] CADModel:125 - Updater not yet initialized, retry later 
2025-12-31 13:58:40,908 [FATAL] Updater:351 - Updater called before beeing initialized
2025-12-31 13:58:41,108 [FATAL] Updater:351 - Updater called before beeing initialized
2025-12-31 13:58:41,128 [INFO] DbMcusAds:53 - JSON generation date=Fri Dec 05 04:13:14 EST 2025 (1764925994673)
2025-12-31 13:58:41,128 [FATAL] Updater:351 - Updater called before beeing initialized
2025-12-31 13:58:41,199 [WARN] DetailPanel:346 - Failed to get advertising image, set to default
2025-12-31 13:58:41,334 [FATAL] Updater:351 - Updater called before beeing initialized
2025-12-31 13:58:41,344 [FATAL] Updater:351 - Updater called before beeing initialized
2025-12-31 13:58:41,344 [FATAL] Updater:351 - Updater called before beeing initialized
2025-12-31 13:58:41,344 [WARN] DetailPanel:346 - Failed to get advertising image, set to default
2025-12-31 13:58:41,346 [FATAL] Updater:351 - Updater called before beeing initialized
2025-12-31 13:58:41,420 [ERROR] Updater:1198 - MainUpdater not yet initialized. External WinMGr cannot be set.
2025-12-31 13:58:41,422 [INFO] Updater:1134 - Updater Version found : 6.15.0
2025-12-31 13:58:41,435 [INFO] ApplicationProperties:184 - Using Application install path: C:\ST\STM32CubeIDE_1.19.0\STM32CubeIDE\plugins\com.st.stm32cube.common.mx_6.15.0.202507011659
2025-12-31 13:58:42,103 [INFO] ThirdPartyUpdaterWithRetryManager:70 - Updater plugin not ready yet. [2/15]
2025-12-31 13:58:43,822 [INFO] MainUpdater:2872 - connection check result : 10
2025-12-31 13:58:43,823 [INFO] MainUpdater:289 - Updater Check For Update Now.
2025-12-31 13:58:43,823 [INFO] MicroXplorer:498 - Change Database Version : DB.6.0.150
2025-12-31 13:58:44,094 [INFO] CheckServerUpdateThread:120 - End of CheckServer Thread
2025-12-31 13:58:44,272 [INFO] MainUpdater:2872 - connection check result : 10
2025-12-31 13:58:44,272 [INFO] MainUpdater:2872 - connection check result : 10
2025-12-31 13:58:44,383 [INFO] MicroXplorer:468 - Change Database Path : 
2025-12-31 13:58:44,383 [INFO] MicroXplorer:498 - Change Database Version : DB.6.0.150
2025-12-31 13:58:44,404 [WARN] ThirdParty:871 - waiting for thirdparty lock release [close project]
2025-12-31 13:58:45,633 [WARN] PackLoader:240 - Cannot read IP mode file for STMicroelectronics.FP-SNS-MOTENVWB1.1.4.0
2025-12-31 13:58:45,645 [WARN] PackLoader:240 - Cannot read IP mode file for STMicroelectronics.FP-ATR-ASTRA1.2.0.2
2025-12-31 13:58:45,664 [WARN] PackLoader:240 - Cannot read IP mode file for STMicroelectronics.X-CUBE-SMBUS.2.1.0
2025-12-31 13:58:45,674 [WARN] PackLoader:240 - Cannot read IP mode file for STMicroelectronics.X-CUBE-ST60.1.0.0
2025-12-31 13:58:45,747 [WARN] PackLoader:240 - Cannot read IP mode file for STMicroelectronics.X-CUBE-AZRTOS-F7.1.1.0
2025-12-31 13:58:46,188 [WARN] PackLoader:240 - Cannot read IP mode file for STMicroelectronics.FP-SNS-MOTENV1.5.1.0
2025-12-31 13:58:46,213 [WARN] PackLoader:240 - Cannot read IP mode file for WES.I-CUBE-Cesium.1.4.0
2025-12-31 13:58:46,276 [WARN] PackLoader:240 - Cannot read IP mode file for Infineon.AIROC-Wi-Fi-Bluetooth-STM32.1.7.1
2025-12-31 13:58:46,337 [WARN] PackLoader:240 - Cannot read IP mode file for STMicroelectronics.X-CUBE-AZRTOS-H7.3.4.0
2025-12-31 13:58:46,360 [WARN] PackLoader:240 - Cannot read IP mode file for STMicroelectronics.X-CUBE-DISPLAY.3.0.0
2025-12-31 13:58:46,390 [WARN] PackLoader:240 - Cannot read IP mode file for STMicroelectronics.X-CUBE-NFC10.1.0.0
2025-12-31 13:58:46,396 [WARN] PackLoader:240 - Cannot read IP mode file for STMicroelectronics.X-CUBE-ST60.1.1.0
2025-12-31 13:58:46,410 [WARN] PackLoader:240 - Cannot read IP mode file for emotas.I-CUBE-CANOPEN.1.3.0
2025-12-31 13:58:46,422 [WARN] PackLoader:240 - Cannot read IP mode file for STMicroelectronics.X-CUBE-GNSS1.7.1.0
2025-12-31 13:58:46,434 [WARN] ConditionMgr:438 - getConditionDescription Invalid condition id : Cortex-A Device cause : null
2025-12-31 13:58:46,444 [WARN] ConditionMgr:1044 - genDependencies : Invalid condition id : Cortex-A Device cause : null
2025-12-31 13:58:46,444 [WARN] ConditionMgr:1044 - genDependencies : Invalid condition id : Cortex-A Device cause : null
2025-12-31 13:58:46,444 [WARN] ConditionMgr:1044 - genDependencies : Invalid condition id : Cortex-A Device cause : null
2025-12-31 13:58:46,464 [WARN] PackLoader:240 - Cannot read IP mode file for STMicroelectronics.FP-SNS-STBOX1.2.1.0
2025-12-31 13:58:46,474 [WARN] PackLoader:240 - Cannot read IP mode file for STMicroelectronics.FP-SNS-SMARTAG2.1.2.0
2025-12-31 13:58:46,487 [WARN] PackLoader:240 - Cannot read IP mode file for STMicroelectronics.FP-SNS-FLIGHT1.5.1.0
2025-12-31 13:58:46,508 [INFO] LogOutputStream:77 - [STDOUT_REDIRECT] 1 : Invalid condition id : UX_CORESTACK_Condition cause : null
2025-12-31 13:58:46,510 [INFO] LogOutputStream:77 - [STDOUT_REDIRECT] 1 : Invalid condition id : UX_CORESTACK_Condition cause : null
2025-12-31 13:58:46,513 [INFO] LogOutputStream:77 - [STDOUT_REDIRECT] 1 : Invalid condition id : UX_CORESTACK_Condition cause : null
2025-12-31 13:58:46,517 [INFO] LogOutputStream:77 - [STDOUT_REDIRECT] 1 : Invalid condition id : UX_CORESTACK_Condition cause : null
2025-12-31 13:58:46,519 [INFO] LogOutputStream:77 - [STDOUT_REDIRECT] 1 : Invalid condition id : UX_CORESTACK_Condition cause : null
2025-12-31 13:58:46,524 [WARN] PackLoader:240 - Cannot read IP mode file for STMicroelectronics.X-CUBE-AZRTOS-WL.2.0.0
2025-12-31 13:58:46,538 [WARN] PackLoader:240 - Cannot read IP mode file for STMicroelectronics.FP-SNS-MOTENV1.5.0.0
2025-12-31 13:58:46,579 [WARN] PackLoader:240 - Cannot read IP mode file for STMicroelectronics.X-CUBE-AZRTOS-H7RS.1.2.0
2025-12-31 13:58:46,593 [WARN] PackLoader:240 - Cannot read IP mode file for WES.I-CUBE-Cesium.1.3.0
2025-12-31 13:58:46,603 [WARN] PackLoader:240 - Cannot read IP mode file for STMicroelectronics.X-CUBE-BLE2.3.3.0
2025-12-31 13:58:46,654 [WARN] PackLoader:240 - Cannot read IP mode file for Infineon.AIROC-Wi-Fi-Bluetooth-STM32.1.8.0
2025-12-31 13:58:46,676 [WARN] PackLoader:240 - Cannot read IP mode file for STMicroelectronics.X-CUBE-NFC9.1.0.0
2025-12-31 13:58:46,685 [WARN] PackLoader:240 - Cannot read IP mode file for wolfSSL.I-CUBE-wolfSSL.5.8.0
2025-12-31 13:58:46,696 [WARN] PackLoader:240 - Cannot read IP mode file for STMicroelectronics.X-CUBE-BLE1.7.1.0
2025-12-31 13:58:46,702 [WARN] PackLoader:240 - Cannot read IP mode file for wolfSSL.I-CUBE-wolfMQTT.1.19.2
2025-12-31 13:58:46,713 [WARN] PackLoader:240 - Cannot read IP mode file for STMicroelectronics.X-CUBE-FREERTOS.1.4.0
2025-12-31 13:58:46,716 [WARN] PackLoader:240 - Cannot read IP mode file for STMicroelectronics.X-CUBE-EEPRMA1.5.2.0
2025-12-31 13:58:46,732 [WARN] PackLoader:240 - Cannot read IP mode file for wolfSSL.I-CUBE-wolfSSL.5.8.4
2025-12-31 13:58:46,736 [WARN] PackLoader:240 - Cannot read IP mode file for Cesanta.I-CUBE-Mongoose.7.20.0
2025-12-31 13:58:46,746 [WARN] PackLoader:240 - Cannot read IP mode file for STMicroelectronics.X-CUBE-ST67W61.1.1.0
2025-12-31 13:58:46,752 [WARN] PackLoader:240 - Cannot read IP mode file for STMicroelectronics.X-CUBE-AI.10.1.0
2025-12-31 13:58:46,825 [WARN] PackLoader:240 - Cannot read IP mode file for STMicroelectronics.X-CUBE-MEMS1.12.0.0
2025-12-31 13:58:47,021 [WARN] PackLoader:240 - Cannot read IP mode file for STMicroelectronics.X-CUBE-AZRTOS-G0.1.1.0
2025-12-31 13:58:47,031 [WARN] PackLoader:240 - Cannot read IP mode file for STMicroelectronics.X-CUBE-SAFEA1.1.2.2
2025-12-31 13:58:47,047 [WARN] PackLoader:240 - Cannot read IP mode file for STMicroelectronics.X-CUBE-NFC4.3.0.0
2025-12-31 13:58:47,059 [WARN] PackLoader:240 - Cannot read IP mode file for EmbeddedOffice.I-CUBE-FS-RTOS.1.0.1
2025-12-31 13:58:47,059 [WARN] PackLoader:240 - Cannot read IP mode file for STMicroelectronics.X-CUBE-WB05N.2.0.0
2025-12-31 13:58:47,072 [WARN] PackLoader:240 - Cannot read IP mode file for wolfSSL.I-CUBE-wolfTPM.3.8.0
2025-12-31 13:58:47,082 [WARN] PackLoader:240 - Cannot read IP mode file for STMicroelectronics.X-CUBE-TCPP.4.2.0
2025-12-31 13:58:47,090 [WARN] PackLoader:240 - Cannot read IP mode file for RealThread.X-CUBE-RT-Thread_Nano.4.1.1
2025-12-31 13:58:47,096 [WARN] PackLoader:240 - Cannot read IP mode file for STMicroelectronics.FP-ATR-SIGFOX1.3.2.0
2025-12-31 13:58:47,100 [WARN] PackLoader:240 - Cannot read IP mode file for ITTIA_DB.I-CUBE-ITTIADB.8.9.0
2025-12-31 13:58:47,114 [WARN] PackLoader:240 - Cannot read IP mode file for STMicroelectronics.X-CUBE-ST67W61.1.0.0
2025-12-31 13:58:47,120 [WARN] PackLoader:240 - Cannot read IP mode file for STMicroelectronics.X-CUBE-AI.10.2.0
2025-12-31 13:58:47,167 [WARN] PackLoader:240 - Cannot read IP mode file for SEGGER.I-CUBE-embOS.1.3.1
2025-12-31 13:58:47,232 [WARN] PackLoader:240 - Cannot read IP mode file for STMicroelectronics.X-CUBE-ALGOBUILD.1.4.0
2025-12-31 13:58:47,311 [WARN] PackLoader:240 - Cannot read IP mode file for STMicroelectronics.X-CUBE-MEMS1.11.3.0
2025-12-31 13:58:47,524 [WARN] PackLoader:240 - Cannot read IP mode file for STMicroelectronics.X-CUBE-PM33A1.1.0.0
2025-12-31 13:58:47,544 [WARN] PackLoader:240 - Cannot read IP mode file for STMicroelectronics.X-CUBE-AZRTOS-F4.1.1.0
2025-12-31 13:58:47,562 [WARN] PackLoader:240 - Cannot read IP mode file for Avnet-IotConnect.X-CUBE-IoTC-DA16k-PMOD.1.0.0
2025-12-31 13:58:47,565 [WARN] PackLoader:240 - Cannot read IP mode file for STMicroelectronics.X-CUBE-ISPU.2.1.0
2025-12-31 13:58:47,585 [WARN] PackLoader:240 - Cannot read IP mode file for STMicroelectronics.X-CUBE-IPS.3.2.0
2025-12-31 13:58:47,605 [WARN] PackLoader:240 - Cannot read IP mode file for STMicroelectronics.X-CUBE-NFC12.1.0.0
2025-12-31 13:58:47,640 [WARN] PackLoader:240 - Cannot read IP mode file for STMicroelectronics.X-CUBE-AZRTOS-L5.2.0.0
2025-12-31 13:58:47,657 [WARN] PackLoader:240 - Cannot read IP mode file for STMicroelectronics.X-CUBE-NFC6.3.1.0
2025-12-31 13:58:47,669 [WARN] PackLoader:240 - Cannot read IP mode file for STMicroelectronics.X-CUBE-FREERTOS.1.3.1
2025-12-31 13:58:47,680 [WARN] PackLoader:240 - Cannot read IP mode file for STMicroelectronics.X-CUBE-TOUCHGFX.4.26.0
2025-12-31 13:58:47,689 [WARN] PackLoader:240 - Cannot read IP mode file for STMicroelectronics.FP-SNS-STAIOTCFT.1.0.0
2025-12-31 13:58:47,699 [WARN] PackLoader:240 - Cannot read IP mode file for STMicroelectronics.X-CUBE-DPower.1.3.0
2025-12-31 13:58:47,743 [WARN] ConditionMgr:438 - getConditionDescription Invalid condition id : LAN8742 Phy interface Condition cause : null
2025-12-31 13:58:47,745 [WARN] PackLoader:240 - Cannot read IP mode file for STMicroelectronics.X-CUBE-AZRTOS-L4.2.0.0
2025-12-31 13:58:47,751 [WARN] ConditionMgr:1044 - genDependencies : Invalid condition id : LAN8742 Phy interface Condition cause : null
2025-12-31 13:58:47,754 [WARN] ConditionMgr:1044 - genDependencies : Invalid condition id : LAN8742 Phy interface Condition cause : null
2025-12-31 13:58:47,755 [WARN] ConditionMgr:1044 - genDependencies : Invalid condition id : LAN8742 Phy interface Condition cause : null
2025-12-31 13:58:47,776 [WARN] PackLoader:240 - Cannot read IP mode file for STMicroelectronics.X-CUBE-SFXS2LP1.4.0.0
2025-12-31 13:58:47,799 [WARN] PackLoader:240 - Cannot read IP mode file for STMicroelectronics.X-CUBE-BLEMGR.4.1.0
2025-12-31 13:58:47,830 [WARN] ConditionMgr:438 - getConditionDescription Invalid condition id : UX DEVICE CLASS RTOS Condition cause : null
2025-12-31 13:58:47,830 [WARN] ConditionMgr:438 - getConditionDescription Invalid condition id : UX DEVICE CLASS RTOS Condition cause : null
2025-12-31 13:58:47,833 [WARN] PackLoader:240 - Cannot read IP mode file for STMicroelectronics.X-CUBE-AZRTOS-WB.2.0.0
2025-12-31 13:58:47,834 [WARN] ConditionMgr:1044 - genDependencies : Invalid condition id : UX DEVICE CLASS RTOS Condition cause : null
2025-12-31 13:58:47,834 [WARN] ConditionMgr:1044 - genDependencies : Invalid condition id : UX DEVICE CLASS RTOS Condition cause : null
2025-12-31 13:58:47,835 [WARN] ConditionMgr:1044 - genDependencies : Invalid condition id : UX DEVICE CLASS RTOS Condition cause : null
2025-12-31 13:58:47,836 [WARN] ConditionMgr:1044 - genDependencies : Invalid condition id : UX DEVICE CLASS RTOS Condition cause : null
2025-12-31 13:58:47,836 [WARN] ConditionMgr:1044 - genDependencies : Invalid condition id : UX DEVICE CLASS RTOS Condition cause : null
2025-12-31 13:58:47,846 [WARN] PackLoader:240 - Cannot read IP mode file for STMicroelectronics.X-CUBE-GNSS1.7.0.1
2025-12-31 13:58:47,852 [WARN] PackLoader:240 - Cannot read IP mode file for STMicroelectronics.X-CUBE-TOUCHGFX.4.25.0
2025-12-31 13:58:47,861 [WARN] PackLoader:240 - Cannot read IP mode file for STMicroelectronics.FP-SNS-STBOX1.2.0.0
2025-12-31 13:58:47,869 [WARN] ConditionMgr:438 - getConditionDescription Invalid condition id : Cortex-A Device cause : null
2025-12-31 13:58:47,881 [WARN] ConditionMgr:1044 - genDependencies : Invalid condition id : Cortex-A Device cause : null
2025-12-31 13:58:47,881 [WARN] ConditionMgr:1044 - genDependencies : Invalid condition id : Cortex-A Device cause : null
2025-12-31 13:58:47,881 [WARN] ConditionMgr:1044 - genDependencies : Invalid condition id : Cortex-A Device cause : null
2025-12-31 13:58:47,899 [WARN] PackLoader:240 - Cannot read IP mode file for STMicroelectronics.X-CUBE-SUBG2.5.0.0
2025-12-31 13:58:47,925 [WARN] PackLoader:240 - Cannot read IP mode file for STMicroelectronics.X-CUBE-AZRTOS-H7RS.1.1.0
2025-12-31 13:58:47,933 [WARN] PackLoader:240 - Cannot read IP mode file for Cesanta.I-CUBE-Mongoose.7.13.0
2025-12-31 13:58:47,953 [WARN] PackLoader:240 - Cannot read IP mode file for STMicroelectronics.X-CUBE-AZRTOS-G4.2.0.0
2025-12-31 13:58:47,964 [WARN] PackLoader:240 - Cannot read IP mode file for wolfSSL.I-CUBE-wolfSSH.1.4.20
2025-12-31 13:58:47,973 [WARN] PackLoader:240 - Cannot read IP mode file for STMicroelectronics.X-CUBE-NFC7.2.0.0
2025-12-31 13:58:47,990 [WARN] PackLoader:240 - Cannot read IP mode file for STMicroelectronics.X-CUBE-IPS.3.1.0
2025-12-31 13:58:48,004 [WARN] PackLoader:240 - Cannot read IP mode file for STMicroelectronics.X-CUBE-ALS.1.0.2
2025-12-31 13:58:48,016 [WARN] PackLoader:240 - Cannot read IP mode file for STMicroelectronics.X-CUBE-STSE01.1.0.0
2025-12-31 13:58:48,029 [WARN] PackLoader:240 - Cannot read IP mode file for portGmbH.I-Cube-SoM-uGOAL.1.1.0
2025-12-31 13:58:48,048 [WARN] PackLoader:240 - Cannot read IP mode file for STMicroelectronics.X-CUBE-TOF1.3.4.3
2025-12-31 13:58:48,065 [INFO] ThirdParty:978 - Integrity check success = true
2025-12-31 13:58:48,066 [INFO] IntegrityCheckThread:100 - exiting critical section [integrity check]
2025-12-31 13:58:48,066 [INFO] IntegrityCheckThread:103 - End integrity checks thread
2025-12-31 13:58:48,066 [INFO] ThirdParty:873 - entering critical section [close project]
2025-12-31 13:58:48,069 [INFO] ThirdParty:883 - exiting critical section [close project]
2025-12-31 13:58:48,079 [INFO] PinOutPanel:1589 - setPackage(No Configuration,No Configuration)
2025-12-31 13:58:48,082 [INFO] UtilMem:75 - Begin LoadConfig() Used Memory: 199547416 Bytes (268435456)
2025-12-31 13:58:48,085 [INFO] MicroXplorer:468 - Change Database Path : 
2025-12-31 13:58:48,085 [INFO] MicroXplorer:498 - Change Database Version : DB.6.0.150
2025-12-31 13:58:48,085 [INFO] OpenFileManager:355 - Change cursor
2025-12-31 13:58:48,142 [INFO] Mcu:2029 - Initializing MCU STM32F756ZGTx STM32F756ZGTx STM32F756ZGT6
2025-12-31 13:58:52,185 [INFO] Context:786 - Trying to add GPIOservice into a context  which must be forbidden
2025-12-31 13:58:53,465 [INFO] ImportTextPane:234 - (OptionalMessage_ERROR) Pin32 (VP_RIF_VS_RIF1) cannot be retrieved for this MCU
2025-12-31 13:58:53,688 [INFO] RtosManager:558 - Registered RTOS mode: class=CMSIS, group=RTOS, mode=CMSIS_V1, owner=FREERTOS
2025-12-31 13:58:53,688 [INFO] RtosManager:558 - Registered RTOS mode: class=CMSIS, group=RTOS2, mode=CMSIS_V2, owner=FREERTOS
2025-12-31 13:58:53,688 [INFO] RtosManager:558 - Registered RTOS mode: class=RTOS, group=Core, mode=CMSIS_V1, owner=FREERTOS
2025-12-31 13:58:53,688 [INFO] RtosManager:558 - Registered RTOS mode: class=RTOS, group=Core, mode=CMSIS_V2, owner=FREERTOS
2025-12-31 13:58:53,688 [WARN] ModelIntegratedComponent:184 - Missing modes for component STMicroelectronics:FreeRTOS:0.0.1:STMicroelectronics:RTOS:FreeRTOS:Core:::10.2.0:
2025-12-31 13:58:53,709 [WARN] ModelIntegratedComponent:63 - No mode defined for component null
2025-12-31 13:58:53,709 [WARN] ModelIntegratedComponent:63 - No mode defined for component null
2025-12-31 13:58:53,709 [WARN] ModelIntegratedComponent:63 - No mode defined for component null
2025-12-31 13:58:53,709 [WARN] ModelIntegratedComponent:63 - No mode defined for component null
2025-12-31 13:58:53,709 [WARN] ModelIntegratedComponent:63 - No mode defined for component null
2025-12-31 13:58:53,709 [WARN] ModelIntegratedComponent:63 - No mode defined for component null
2025-12-31 13:58:53,709 [WARN] ModelIntegratedComponent:63 - No mode defined for component null
2025-12-31 13:58:53,709 [WARN] ModelIntegratedComponent:63 - No mode defined for component null
2025-12-31 13:58:53,709 [WARN] ModelIntegratedComponent:63 - No mode defined for component null
2025-12-31 13:58:53,709 [WARN] ModelIntegratedComponent:63 - No mode defined for component null
2025-12-31 13:58:53,709 [WARN] ModelIntegratedComponent:63 - No mode defined for component null
2025-12-31 13:58:53,709 [WARN] ModelIntegratedComponent:63 - No mode defined for component null
2025-12-31 13:58:53,709 [WARN] ModelIntegratedComponent:63 - No mode defined for component null
2025-12-31 13:58:53,709 [WARN] ModelIntegratedComponent:63 - No mode defined for component null
2025-12-31 13:58:53,709 [WARN] ModelIntegratedComponent:63 - No mode defined for component null
2025-12-31 13:58:53,709 [WARN] ModelIntegratedComponent:63 - No mode defined for component null
2025-12-31 13:58:53,709 [WARN] ModelIntegratedComponent:63 - No mode defined for component null
2025-12-31 13:58:53,709 [WARN] ModelIntegratedComponent:63 - No mode defined for component null
2025-12-31 13:58:53,709 [WARN] ModelIntegratedComponent:63 - No mode defined for component null
2025-12-31 13:58:53,709 [WARN] ModelIntegratedComponent:63 - No mode defined for component null
2025-12-31 13:58:53,709 [WARN] ModelIntegratedComponent:63 - No mode defined for component null
2025-12-31 13:58:53,709 [WARN] ModelIntegratedComponent:63 - No mode defined for component null
2025-12-31 13:58:53,709 [WARN] ModelIntegratedComponent:63 - No mode defined for component null
2025-12-31 13:58:53,709 [WARN] ModelIntegratedComponent:63 - No mode defined for component null
2025-12-31 13:58:53,709 [WARN] ModelIntegratedComponent:63 - No mode defined for component null
2025-12-31 13:58:53,709 [WARN] ModelIntegratedComponent:63 - No mode defined for component null
2025-12-31 13:58:53,709 [WARN] ModelIntegratedComponent:63 - No mode defined for component null
2025-12-31 13:58:53,709 [WARN] ModelIntegratedComponent:63 - No mode defined for component null
2025-12-31 13:58:53,709 [WARN] ModelIntegratedComponent:63 - No mode defined for component null
2025-12-31 13:58:53,709 [WARN] ModelIntegratedComponent:63 - No mode defined for component null
2025-12-31 13:58:53,709 [WARN] ModelIntegratedComponent:63 - No mode defined for component null
2025-12-31 13:58:53,709 [WARN] ModelIntegratedComponent:63 - No mode defined for component null
2025-12-31 13:58:53,709 [WARN] ModelIntegratedComponent:63 - No mode defined for component null
2025-12-31 13:58:53,709 [WARN] ModelIntegratedComponent:63 - No mode defined for component null
2025-12-31 13:58:53,709 [WARN] ModelIntegratedComponent:63 - No mode defined for component null
2025-12-31 13:58:53,709 [WARN] ModelPack:524 - Component already loaded: STMicroelectronics:HAL Drivers:0.0.0:STMicroelectronics:Device:STMicro_Driver:XSPI:HAL::0.0.1:HAL_XSPI
2025-12-31 13:58:54,207 [INFO] ThirdPartyModel:298 - Start build external matchings
2025-12-31 13:58:55,221 [INFO] ThirdPartyModel:316 - End build external matchings
2025-12-31 13:58:55,242 [WARN] IP:2250 - Warning not found: check if there is a RefParameter without a condition.
2025-12-31 13:58:55,242 [WARN] IP:2250 - RxBufferAddress not found: check if there is a RefParameter without a condition.
2025-12-31 13:58:55,252 [WARN] IP:2250 - DESC_SIZE_UNIT not found: check if there is a RefParameter without a condition.
2025-12-31 13:58:55,252 [INFO] ImportTextPane:234 - (OptionalMessage_ERROR) IP (ETH) : Invalid parameter (PHY_Name)
2025-12-31 13:58:55,252 [INFO] ImportTextPane:234 - (OptionalMessage_ERROR) IP (ETH) : Invalid parameter (PHY_Value)
2025-12-31 13:58:55,252 [INFO] ImportTextPane:234 - (OptionalMessage_ERROR) IP (ETH) : Invalid parameter (PhyAddress)
2025-12-31 13:58:55,255 [INFO] ImportTextPane:234 - (OptionalMessage_ERROR) IP (RCC) : Invalid parameter (48MHZClocksFreq_Value)
2025-12-31 13:58:55,255 [INFO] ImportTextPane:234 - (OptionalMessage_ERROR) IP (RCC) : Invalid parameter (ADC12outputFreq_Value)
2025-12-31 13:58:55,256 [INFO] ImportTextPane:234 - (OptionalMessage_ERROR) IP (RCC) : Invalid parameter (ADC34outputFreq_Value)
2025-12-31 13:58:55,256 [INFO] ImportTextPane:234 - (OptionalMessage_ERROR) IP (RCC) : Invalid parameter (FamilyName)
2025-12-31 13:58:55,256 [INFO] ImportTextPane:234 - (OptionalMessage_ERROR) IP (RCC) : Invalid parameter (I2SClocksFreq_Value)
2025-12-31 13:58:55,256 [INFO] ImportTextPane:234 - (OptionalMessage_ERROR) IP (RCC) : Parameter (LCDTFToutputFreq_Value) has invalid value (96000000)
2025-12-31 13:58:55,256 [INFO] ImportTextPane:234 - (OptionalMessage_ERROR) IP (RCC) : Invalid parameter (MCOFreq_Value)
2025-12-31 13:58:55,257 [INFO] ImportTextPane:234 - (OptionalMessage_ERROR) IP (RCC) : Invalid parameter (PLLMCOFreq_Value)
2025-12-31 13:58:55,257 [INFO] ImportTextPane:234 - (OptionalMessage_ERROR) IP (RCC) : Invalid parameter (PLLMUL)
2025-12-31 13:58:55,258 [INFO] ImportTextPane:234 - (OptionalMessage_ERROR) IP (RCC) : Invalid parameter (PRESCALERUSB)
2025-12-31 13:58:55,258 [INFO] ImportTextPane:234 - (OptionalMessage_ERROR) IP (RCC) : Invalid parameter (RTCHSEDivFreq_Value)
2025-12-31 13:58:55,258 [INFO] ImportTextPane:234 - (OptionalMessage_ERROR) IP (RCC) : Parameter (SDMMCFreq_Value) has invalid value (72000000)
2025-12-31 13:58:55,258 [INFO] ImportTextPane:234 - (OptionalMessage_ERROR) IP (RCC) : Invalid parameter (SYSCLKSourceVirtual)
2025-12-31 13:58:55,258 [INFO] ImportTextPane:234 - (OptionalMessage_ERROR) IP (RCC) : Invalid parameter (TIM15Freq_Value)
2025-12-31 13:58:55,258 [INFO] ImportTextPane:234 - (OptionalMessage_ERROR) IP (RCC) : Invalid parameter (TIM16Freq_Value)
2025-12-31 13:58:55,258 [INFO] ImportTextPane:234 - (OptionalMessage_ERROR) IP (RCC) : Invalid parameter (TIM17Freq_Value)
2025-12-31 13:58:55,259 [INFO] ImportTextPane:234 - (OptionalMessage_ERROR) IP (RCC) : Invalid parameter (TIM1Freq_Value)
2025-12-31 13:58:55,259 [INFO] ImportTextPane:234 - (OptionalMessage_ERROR) IP (RCC) : Invalid parameter (TIM20Freq_Value)
2025-12-31 13:58:55,259 [INFO] ImportTextPane:234 - (OptionalMessage_ERROR) IP (RCC) : Invalid parameter (TIM2Freq_Value)
2025-12-31 13:58:55,259 [INFO] ImportTextPane:234 - (OptionalMessage_ERROR) IP (RCC) : Invalid parameter (TIM3Freq_Value)
2025-12-31 13:58:55,259 [INFO] ImportTextPane:234 - (OptionalMessage_ERROR) IP (RCC) : Invalid parameter (TIM8Freq_Value)
2025-12-31 13:58:55,260 [INFO] ImportTextPane:234 - (OptionalMessage_ERROR) IP (RCC) : Invalid parameter (VCOOutput2Freq_Value)
2025-12-31 13:58:55,260 [INFO] ImportTextPane:234 - (OptionalMessage_ERROR) IP (RCC) : Invalid parameter (VcooutputI2S)
2025-12-31 13:58:56,309 [INFO] ApiDb:581 - Connected to CubeFinder SQLite database (C:\Users\Marom Keren\.stmcufinder\plugins\mcufinder\mcu\cube-finder-db.db)
2025-12-31 13:58:56,501 [INFO] ApiDb:668 - CubeFinder database Data Model version=2.1
2025-12-31 13:58:56,501 [INFO] ApiDb:669 - CubeFinder database Configuration version=3.0.39
2025-12-31 13:58:56,501 [INFO] ApiDb:670 - CubeFinder database generation date=2025-11-05 (1762334721)
2025-12-31 13:58:56,501 [INFO] ApiDb:671 - CubeFinder database FW Pack versions=[FP-ATR-ASTRA1_V2.0.0, FP-SNS-FLIGHT1_V5.1.0, FP-SNS-MOTENV1_V5.1.0, FP-SNS-MOTENVWB1_V1.4.0, FP-SNS-SMARTAG2_V1.2.0, FP-SNS-STBOX1_V2.1.0, STM32Cube_FW_C0_V1.4.0, STM32Cube_FW_F4_V1.28.3, STM32Cube_FW_F7_V1.17.4, STM32Cube_FW_G0_V1.6.2, STM32Cube_FW_G4_V1.6.1, STM32Cube_FW_H5_V1.5.1, STM32Cube_FW_H7RS_V1.3.0, STM32Cube_FW_H7_V1.12.1, STM32Cube_FW_L0_V1.12.2, STM32Cube_FW_L4_V1.18.1, STM32Cube_FW_L5_V1.6.0, STM32Cube_FW_N6_V1.3.0, STM32Cube_FW_U0_V1.3.0, STM32Cube_FW_U3_V1.2.1, STM32Cube_FW_U5_V1.8.0, STM32Cube_FW_WB0_V1.4.0, STM32Cube_FW_WBA_V1.8.0, STM32Cube_FW_WB_V1.24.0, STM32Cube_FW_WL3_V1.3.0, STM32Cube_FW_WL_V1.4.0, X-CUBE-ALGOBUILD_V1.4.0, X-CUBE-ALS_V1.0.2, X-CUBE-AZRTOS-F4_V1.1.0, X-CUBE-AZRTOS-F7_V1.1.0, X-CUBE-AZRTOS-G0_V1.1.0, X-CUBE-AZRTOS-G4_V2.0.0, X-CUBE-AZRTOS-H7RS_V1.1.0, X-CUBE-AZRTOS-H7_V3.4.0, X-CUBE-AZRTOS-L4_V2.0.0, X-CUBE-AZRTOS-L5_V2.0.0, X-CUBE-AZRTOS-WB_V2.0.0, X-CUBE-AZRTOS-WL_V2.0.0, X-CUBE-BLE1_V7.1.0, X-CUBE-BLE2_V3.3.0, X-CUBE-BLEMGR_V4.1.0, X-CUBE-EEPRMA1_V5.2.0, X-CUBE-FREERTOS_V1.3.1, X-CUBE-GNSS1_V6.0.0, X-CUBE-MEMS1_V11.3.0, X-CUBE-NFC4_V3.0.0, X-CUBE-NFC7_V2.0.0, X-CUBE-SFXS2LP1_V4.0.0, X-CUBE-ST67W61_V1.1.0, X-CUBE-SUBG2_V5.0.0, X-CUBE-TOF1_V3.4.3]
2025-12-31 13:58:56,610 [INFO] DbBoardsSqlite:226 - include board P-NUCLEO-WB55-NUCLEO as a kit item of type 'Nucleo-64'
2025-12-31 13:58:56,611 [INFO] DbBoardsSqlite:226 - include board P-NUCLEO-WB55-USBDONGLE as a kit item of type 'Nucleo USB Dongle'
2025-12-31 13:58:56,611 [INFO] DbBoardsSqlite:226 - include board STEVAL-IDP005V1 as a kit item of type 'Evaluation Board'
2025-12-31 13:58:56,612 [INFO] DbBoardsSqlite:226 - include board STEVAL-IDP005V2 as a kit item of type 'Evaluation Board'
2025-12-31 13:58:56,754 [INFO] ApiDb:240 - Found 880 in-development CPN: [B-G473E-ZEST1S, B-WB1M-WPAN1, B-WBA5M-WPAN, B-WL5M-SUBG1, NUCLEO-C031C6, NUCLEO-C051C8, NUCLEO-C071RB, NUCLEO-C092RC, NUCLEO-H503RB, NUCLEO-H533RE, NUCLEO-H563ZI, NUCLEO-H7S3L8, NUCLEO-N657X0-Q, NUCLEO-U031R8, NUCLEO-U083RC, NUCLEO-U385RG-Q, NUCLEO-U545RE-Q, NUCLEO-U5A5ZJ-Q, NUCLEO-WB05KZ, NUCLEO-WB07CC, NUCLEO-WB09KE, NUCLEO-WBA52CG, NUCLEO-WBA55CG, NUCLEO-WL33CC1, NUCLEO-WL33CC2, STEVAL-PROTEUS1, STEVAL-SMARTAG2, STEVAL-STWINBX1, STM320518-EVAL, STM32C0116-DK, STM32C011D6Y3TR, STM32C011D6Y6TR, STM32C011F4P3, STM32C011F4P6, STM32C011F4U3, STM32C011F4U6TR, STM32C011F6P3, STM32C011F6P6, STM32C011F6U3, STM32C011F6U6TR, STM32C011J4M3, STM32C011J4M6, STM32C011J6M3, STM32C011J6M6, STM32C0316-DK, STM32C031C4T3, STM32C031C4T6, STM32C031C4U3, STM32C031C4U6, STM32C031C6T3, STM32C031C6T6, STM32C031C6U3, STM32C031C6U6, STM32C031F4P3, STM32C031F4P6, STM32C031F6P3, STM32C031F6P6, STM32C031G4U3, STM32C031G4U6, STM32C031G6U3, STM32C031G6U6, STM32C031K4T3, STM32C031K4T6, STM32C031K4U3, STM32C031K4U6, STM32C031K6T3, STM32C031K6T6, STM32C031K6U3, STM32C031K6U6, STM32C051C6T6, STM32C051C6U6, STM32C051C8T6, STM32C051C8U6, STM32C051D8Y6TR, STM32C051F6P6, STM32C051F8P6, STM32C051G6U6, STM32C051G8U6, STM32C051K6T6, STM32C051K6U6, STM32C051K8T6, STM32C071C8T6, STM32C071C8T6N, STM32C071C8U6, STM32C071C8U6N, STM32C071CBT6, STM32C071CBT6N, STM32C071CBU6, STM32C071CBU6N, STM32C071F8P6, STM32C071F8P6N, STM32C071FBP6, STM32C071FBP6N, STM32C071FBY6TR, STM32C071G8U6, STM32C071G8U6N, STM32C071GBU6, STM32C071GBU6N, STM32C071K8T6, STM32C071K8T6N, STM32C071K8U6, STM32C071K8U6N, STM32C071KBT6, STM32C071KBT6N, STM32C071KBU6, STM32C071KBU6N, STM32C071R8T6, STM32C071R8T6N, STM32C071RBI6N, STM32C071RBT6, STM32C071RBT6N, STM32C091CBT6, STM32C091CBU6, STM32C091CCT6, STM32C091CCU6, STM32C091ECY6TR, STM32C091FBP6, STM32C091FCP6, STM32C091GBU6, STM32C091GCU6, STM32C091KBT6, STM32C091KBU6, STM32C091KCT6, STM32C091KCU6, STM32C091RBT6, STM32C091RCI6, STM32C091RCT6, STM32C092CBT6, STM32C092CBU6, STM32C092CCT6, STM32C092CCU6, STM32C092ECY6TR, STM32C092FBP6, STM32C092FCP6, STM32C092GBU6, STM32C092GCU6, STM32C092KBT6, STM32C092KBU6, STM32C092KCT6, STM32C092KCU6, STM32C092RBT6, STM32C092RCI6, STM32C092RCT6, STM32G071K8TXN, STM32G071K8UXN, STM32G081GBU6N, STM32G081KBT6N, STM32G081KBUXN, STM32G0B1CCT6N, STM32G0B1KCT6, STM32G0B1NEY6TR, STM32G0B1RCT6N, STM32G0C1CCT6, STM32G0C1CCT6N, STM32G0C1CCU6N, STM32G0C1CET6N, STM32G0C1CEU6N, STM32G0C1KCT6, STM32G0C1NEY6TR, STM32G0C1RCI6N, STM32G0C1RCT6N, STM32G0C1REI6N, STM32G0C1RET6N, STM32G0C1VCI6, STM32G0C1VEI6, STM32G411C6T3, STM32G411C6T6, STM32G411C6U3, STM32G411C6U6, STM32G411C8T3, STM32G411C8T6, STM32G411C8U3, STM32G411C8U6, STM32G411CBT3, STM32G411CBT6, STM32G411CBU3, STM32G411CBU6, STM32G411K6T3, STM32G411K6T6, STM32G411K6U3, STM32G411K6U6, STM32G411K8T3, STM32G411K8T6, STM32G411K8U3, STM32G411K8U6, STM32G411KBT3, STM32G411KBT6, STM32G411KBU3, STM32G411KBU6, STM32G411M6T3, STM32G411M6T6, STM32G411M8T3, STM32G411M8T6, STM32G411MBT3, STM32G411MBT6, STM32G411R6T3, STM32G411R6T6, STM32G411R8T3, STM32G411R8T6, STM32G411RBT3, STM32G411RBT6, STM32G414CBT3, STM32G414CBT6, STM32G414CBU3, STM32G414CBU6, STM32G414CCT3, STM32G414CCT6, STM32G414CCU3, STM32G414CCU6, STM32G414MBT3, STM32G414MBT6, STM32G414MCT3, STM32G414MCT6, STM32G414RBT3, STM32G414RBT6, STM32G414RCT3, STM32G414RCT6, STM32G414VBT3, STM32G414VBT6, STM32G414VCT3, STM32G414VCT6, STM32G431CBT3Z, STM32G431RBT3Z, STM32G471CCT6, STM32G471CCU6, STM32G471CET3, STM32G471CET6, STM32G471CEU3, STM32G471CEU6, STM32G471MCT6, STM32G471MET3, STM32G471MET6, STM32G471MEY6TR, STM32G471QCT6, STM32G471QET3, STM32G471RCT6, STM32G471RET3, STM32G471RET6, STM32G471VCH6, STM32G471VCI6, STM32G471VCT6, STM32G471VEH3, STM32G471VEH6, STM32G471VEI3, STM32G471VEI6, STM32G471VET3, STM32G471VET6, STM32G473QET3Z, STM32G473RET3Z, STM32G474CCT6, STM32G491RET3Z, STM32H503CBT6, STM32H503CBU6, STM32H503EBY6TR, STM32H503KBU6, STM32H503RBT6, STM32H523CCT6, STM32H523CCU6, STM32H523CET6, STM32H523CEU6, STM32H523HEY6TR, STM32H523RCT6, STM32H523RET6, STM32H523VCI6, STM32H523VCT6, STM32H523VEI6, STM32H523VET6, STM32H523ZCJ6, STM32H523ZCT6, STM32H523ZEJ6, STM32H523ZET6, STM32H533CET6, STM32H533CEU6, STM32H533HEY6TR, STM32H533RET6, STM32H533VEI6, STM32H533VET6, STM32H533ZEJ6, STM32H533ZET6, STM32H562AGI6, STM32H562AII6, STM32H562IGK6, STM32H562IGT6, STM32H562IIK6, STM32H562IIT6, STM32H562RGT6, STM32H562RGV6, STM32H562RIT6, STM32H562RIV6, STM32H562VGT6, STM32H562VIT6, STM32H562ZGT6, STM32H562ZIT6, STM32H563AGI6, STM32H563AII3Q, STM32H563AII6, STM32H563IGK6, STM32H563IGT6, STM32H563IIK3Q, STM32H563IIK6, STM32H563IIT3Q, STM32H563IIT6, STM32H563MIY3QTR, STM32H563RGT6, STM32H563RGV6, STM32H563RIT6, STM32H563RIV6, STM32H563VGT6, STM32H563VIT3Q, STM32H563VIT6, STM32H563ZGT6, STM32H563ZIT3Q, STM32H563ZIT6, STM32H573AII3Q, STM32H573AII6, STM32H573I-DK, STM32H573IIK3Q, STM32H573IIK6, STM32H573IIT3Q, STM32H573IIT6, STM32H573MIY3QTR, STM32H573RIT6, STM32H573RIV6, STM32H573VIT3Q, STM32H573VIT6, STM32H573ZIT3Q, STM32H573ZIT6, STM32H7R3A8I6, STM32H7R3I8K6, STM32H7R3I8T6, STM32H7R3L8H6, STM32H7R3L8H6H, STM32H7R3R8V6, STM32H7R3V8H6, STM32H7R3V8T6, STM32H7R3V8Y6TR, STM32H7R3Z8J6, STM32H7R3Z8T6, STM32H7R7A8I6, STM32H7R7I8K6, STM32H7R7I8T6, STM32H7R7L8H6, STM32H7R7L8H6H, STM32H7R7Z8J6, STM32H7S3A8I6, STM32H7S3I8K6, STM32H7S3I8T6, STM32H7S3L8H6, STM32H7S3L8H6H, STM32H7S3R8V6, STM32H7S3V8H6, STM32H7S3V8T6, STM32H7S3V8Y6TR, STM32H7S3Z8J6, STM32H7S3Z8T6, STM32H7S78-DK, STM32H7S7A8I6, STM32H7S7I8K6, STM32H7S7I8T6, STM32H7S7L8H6, STM32H7S7L8H6H, STM32H7S7Z8J6, STM32L4R5QGI6STR, STM32MP131AAE3, STM32MP131AAF3, STM32MP131AAG3, STM32MP131CAE3, STM32MP131CAF3, STM32MP131CAG3, STM32MP131DAE7, STM32MP131DAF7, STM32MP131DAG7, STM32MP131FAE7, STM32MP131FAF7, STM32MP131FAG7, STM32MP133AAE3, STM32MP133AAF3, STM32MP133AAG3, STM32MP133CAE3, STM32MP133CAF3, STM32MP133CAG3, STM32MP133DAE7, STM32MP133DAF7, STM32MP133DAG7, STM32MP133FAE7, STM32MP133FAF7, STM32MP133FAG7, STM32MP135AAE3, STM32MP135AAF3, STM32MP135AAG3, STM32MP135CAE3, STM32MP135CAF3, STM32MP135CAG3, STM32MP135DAE7, STM32MP135DAF7, STM32MP135DAG7, STM32MP135F-DK, STM32MP135FAE7, STM32MP135FAF7, STM32MP135FAF7T, STM32MP135FAF7U, STM32MP135FAG7, STM32MP211AAL3, STM32MP211AAM3, STM32MP211AAN3, STM32MP211AAO3, STM32MP211CAL3, STM32MP211CAM3, STM32MP211CAN3, STM32MP211CAO3, STM32MP211DAL3, STM32MP211DAM3, STM32MP211DAN3, STM32MP211DAO3, STM32MP211FAL3, STM32MP211FAM3, STM32MP211FAN3, STM32MP211FAO3, STM32MP213AAL3, STM32MP213AAM3, STM32MP213AAN3, STM32MP213AAO3, STM32MP213CAL3, STM32MP213CAM3, STM32MP213CAN3, STM32MP213CAO3, STM32MP213DAL3, STM32MP213DAM3, STM32MP213DAN3, STM32MP213DAO3, STM32MP213FAL3, STM32MP213FAM3, STM32MP213FAN3, STM32MP213FAO3, STM32MP215AAL3, STM32MP215AAM3, STM32MP215AAN3, STM32MP215AAO3, STM32MP215CAL3, STM32MP215CAM3, STM32MP215CAN3, STM32MP215CAO3, STM32MP215DAL3, STM32MP215DAM3, STM32MP215DAN3, STM32MP215DAO3, STM32MP215F-DK, STM32MP215FAL3, STM32MP215FAM3, STM32MP215FAN3, STM32MP215FAO3, STM32MP231AAJ3, STM32MP231AAK3, STM32MP231AAL3, STM32MP231CAJ3, STM32MP231CAK3, STM32MP231CAL3, STM32MP231DAJ3, STM32MP231DAK3, STM32MP231DAL3, STM32MP231FAJ3, STM32MP231FAK3, STM32MP231FAL3, STM32MP233AAJ3, STM32MP233AAK3, STM32MP233AAL3, STM32MP233CAJ3, STM32MP233CAK3, STM32MP233CAL3, STM32MP233DAJ3, STM32MP233DAK3, STM32MP233DAL3, STM32MP233FAJ3, STM32MP233FAK3, STM32MP233FAL3, STM32MP235AAJ3, STM32MP235AAK3, STM32MP235AAL3, STM32MP235CAJ3, STM32MP235CAK3, STM32MP235CAL3, STM32MP235DAJ3, STM32MP235DAK3, STM32MP235DAL3, STM32MP235FAJ3, STM32MP235FAK3, STM32MP235FAL3, STM32MP251AAI3, STM32MP251AAK3, STM32MP251AAL3, STM32MP251CAI3, STM32MP251CAK3, STM32MP251CAL3, STM32MP251DAI3, STM32MP251DAK3, STM32MP251DAL3, STM32MP251FAI3, STM32MP251FAK3, STM32MP251FAL3, STM32MP253AAI3, STM32MP253AAK3, STM32MP253AAL3, STM32MP253CAI3, STM32MP253CAK3, STM32MP253CAL3, STM32MP253DAI3, STM32MP253DAK3, STM32MP253DAL3, STM32MP253FAI3, STM32MP253FAK3, STM32MP253FAL3, STM32MP255AAI3, STM32MP255AAK3, STM32MP255AAL3, STM32MP255CAI3, STM32MP255CAK3, STM32MP255CAL3, STM32MP255DAI3, STM32MP255DAK3, STM32MP255DAL3, STM32MP255FAI3, STM32MP255FAK3, STM32MP255FAL3, STM32MP257AAI3, STM32MP257AAK3, STM32MP257AAL3, STM32MP257CAI3, STM32MP257CAK3, STM32MP257CAL3, STM32MP257DAI3, STM32MP257DAK3, STM32MP257DAL3, STM32MP257F-DK, STM32MP257F-EV1, STM32MP257FAI3, STM32MP257FAK3, STM32MP257FAL3, STM32N645A0H3Q, STM32N645B0H3Q, STM32N645I0H3Q, STM32N645L0H3Q, STM32N645X0H3Q, STM32N645Z0H3Q, STM32N647A0H3Q, STM32N647B0H3Q, STM32N647I0H3Q, STM32N647L0H3Q, STM32N647X0H3Q, STM32N647Z0H3Q, STM32N655A0H3Q, STM32N655B0H3Q, STM32N655I0H3Q, STM32N655L0H3Q, STM32N655X0H3Q, STM32N655Z0H3Q, STM32N6570-DK, STM32N657A0H3Q, STM32N657B0H3Q, STM32N657I0H3Q, STM32N657L0H3Q, STM32N657X0H3Q, STM32N657Z0H3Q, STM32U031C6T6, STM32U031C6U6, STM32U031C8T6, STM32U031C8U6, STM32U031F4P6, STM32U031F6P6, STM32U031F8P6, STM32U031G6Y6TR, STM32U031G8Y6TR, STM32U031K4U6, STM32U031K6U6, STM32U031K8U6, STM32U031R6I6, STM32U031R6T6, STM32U031R8I6, STM32U031R8T6, STM32U073C8T6, STM32U073C8U6, STM32U073CBT6, STM32U073CBU6, STM32U073CCT6, STM32U073CCU6, STM32U073H8Y6TR, STM32U073HBY6TR, STM32U073HCY6TR, STM32U073K8U6, STM32U073KBU6, STM32U073KCU6, STM32U073M8I6, STM32U073M8T6, STM32U073MBI6, STM32U073MBT6, STM32U073MCI6, STM32U073MCT6, STM32U073R8I6, STM32U073R8T6, STM32U073RBI6, STM32U073RBT6, STM32U073RCI6, STM32U073RCT6, STM32U083C-DK, STM32U083CCT6, STM32U083CCU6, STM32U083HCY6TR, STM32U083KCU6, STM32U083MCI6, STM32U083MCT6, STM32U083RCI6, STM32U083RCT6, STM32U375CET6, STM32U375CET6Q, STM32U375CEU6, STM32U375CEU6Q, STM32U375CEY6QTR, STM32U375CGT6, STM32U375CGT6Q, STM32U375CGU6, STM32U375CGU6Q, STM32U375CGY6QTR, STM32U375KEU6, STM32U375KGU6, STM32U375REI6, STM32U375REI6Q, STM32U375RET6, STM32U375RET6Q, STM32U375REY6GTR, STM32U375REY6QTR, STM32U375RGI6, STM32U375RGI6Q, STM32U375RGT6, STM32U375RGT6Q, STM32U375RGY6GTR, STM32U375RGY6QTR, STM32U375VEI6, STM32U375VEI6Q, STM32U375VET6, STM32U375VET6Q, STM32U375VGI6, STM32U375VGI6Q, STM32U375VGT6, STM32U375VGT6Q, STM32U385CGT6, STM32U385CGT6Q, STM32U385CGU6, STM32U385CGU6Q, STM32U385CGY6QTR, STM32U385KGU6, STM32U385RGI6, STM32U385RGI6Q, STM32U385RGT6, STM32U385RGT6Q, STM32U385RGY6GTR, STM32U385RGY6QTR, STM32U385VGI6, STM32U385VGI6Q, STM32U385VGT6, STM32U385VGT6Q, STM32U535CBT6, STM32U535CBT6Q, STM32U535CBU6, STM32U535CBU6Q, STM32U535CCT6, STM32U535CCT6Q, STM32U535CCU6, STM32U535CCU6Q, STM32U535CET6, STM32U535CET6Q, STM32U535CEU6, STM32U535CEU6Q, STM32U535JEY6QTR, STM32U535NCY6QTR, STM32U535NEY6QTR, STM32U535RBI6, STM32U535RBI6Q, STM32U535RBT6, STM32U535RBT6Q, STM32U535RCI6, STM32U535RCI6Q, STM32U535RCT6, STM32U535RCT6Q, STM32U535REI6, STM32U535REI6Q, STM32U535RET6, STM32U535RET6Q, STM32U535VCI6, STM32U535VCI6Q, STM32U535VCT6, STM32U535VCT6Q, STM32U535VEI6, STM32U535VEI6Q, STM32U535VET6, STM32U535VET6Q, STM32U545CET6, STM32U545CET6Q, STM32U545CEU6, STM32U545CEU6Q, STM32U545JEY6QTR, STM32U545NEY6QTR, STM32U545REI6, STM32U545REI6Q, STM32U545RET6, STM32U545RET6Q, STM32U545VEI6, STM32U545VEI6Q, STM32U545VET6, STM32U545VET6Q, STM32U595AIH6, STM32U595AIH6Q, STM32U595AJH6, STM32U595AJH6Q, STM32U595QII6, STM32U595QII6Q, STM32U595QJI6, STM32U595QJI6Q, STM32U595RIT6, STM32U595RIT6Q, STM32U595RJT6, STM32U595RJT6Q, STM32U595VIT6, STM32U595VIT6Q, STM32U595VJT6, STM32U595VJT6Q, STM32U595ZIT6, STM32U595ZIT6Q, STM32U595ZIY6QTR, STM32U595ZJT6, STM32U595ZJT6Q, STM32U595ZJY6QTR, STM32U599BJY6QTR, STM32U599NIH6Q, STM32U599NJH6Q, STM32U599VIT6Q, STM32U599VJT6, STM32U599VJT6Q, STM32U599ZIT6Q, STM32U599ZIY6QTR, STM32U599ZJT6Q, STM32U599ZJY6QTR, STM32U5A5AJH6, STM32U5A5AJH6Q, STM32U5A5QII3Q , STM32U5A5QJI6, STM32U5A5QJI6Q, STM32U5A5RJT6, STM32U5A5RJT6Q, STM32U5A5VJT6, STM32U5A5VJT6Q, STM32U5A5ZJT6, STM32U5A5ZJT6Q, STM32U5A5ZJY6QTR, STM32U5A9BJY6QTR, STM32U5A9J-DK, STM32U5A9NJH6Q, STM32U5A9VJT6Q, STM32U5A9ZJT6Q, STM32U5A9ZJY6QTR, STM32U5F7VIT6, STM32U5F7VIT6Q, STM32U5F7VJT6, STM32U5F7VJT6Q, STM32U5F9BJY6QTR, STM32U5F9NJH6Q, STM32U5F9VIT6Q, STM32U5F9VJT6Q, STM32U5F9ZIJ6QTR, STM32U5F9ZIT6Q, STM32U5F9ZJJ6QTR, STM32U5F9ZJT6Q, STM32U5G7VJT6, STM32U5G7VJT6Q, STM32U5G9BJY6QTR, STM32U5G9J-DK1, STM32U5G9J-DK2, STM32U5G9NJH6Q, STM32U5G9VJT6Q, STM32U5G9ZJJ6QTR, STM32U5G9ZJT6Q, STM32WB05KZV6TR, STM32WB05KZV7TR, STM32WB05TZF6TR, STM32WB05TZF7TR, STM32WB06CCF6TR, STM32WB06CCF7TR, STM32WB06CCV6TR, STM32WB06CCV7TR, STM32WB06KCV6TR, STM32WB06KCV7TR, STM32WB07CCF6TR, STM32WB07CCF7TR, STM32WB07CCV6TR, STM32WB07CCV7TR, STM32WB07KCV6TR, STM32WB07KCV7TR, STM32WB09KEV6TR, STM32WB09KEV7TR, STM32WB09TEF6TR, STM32WB09TEF7TR, STM32WB1MMCH6, STM32WBA50KGU6, STM32WBA50KGU6TR, STM32WBA52CEU6, STM32WBA52CEU6TR, STM32WBA52CEU7, STM32WBA52CEU7TR, STM32WBA52CGU6, STM32WBA52CGU6TR, STM32WBA52CGU6U, STM32WBA52CGU7, STM32WBA52CGU7TR, STM32WBA52KEU6, STM32WBA52KEU6TR, STM32WBA52KGU6, STM32WBA52KGU6TR, STM32WBA54CEU6, STM32WBA54CEU6TR, STM32WBA54CEU7, STM32WBA54CEU7TR, STM32WBA54CGU6, STM32WBA54CGU6TR, STM32WBA54CGU7, STM32WBA54CGU7TR, STM32WBA54KEU6, STM32WBA54KEU6TR, STM32WBA54KEU7, STM32WBA54KEU7TR, STM32WBA54KGU6, STM32WBA54KGU6TR, STM32WBA54KGU7, STM32WBA54KGU7TR, STM32WBA55CEU6, STM32WBA55CEU6TR, STM32WBA55CEU7, STM32WBA55CEU7TR, STM32WBA55CGU6, STM32WBA55CGU6TR, STM32WBA55CGU6U, STM32WBA55CGU7, STM32WBA55CGU7TR, STM32WBA55G-DK1, STM32WBA55HEF6, STM32WBA55HEF7, STM32WBA55HGF6, STM32WBA55HGF7, STM32WBA55UEI6, STM32WBA55UEI6TR, STM32WBA55UEI7, STM32WBA55UEI7TR, STM32WBA55UGI6, STM32WBA55UGI6TR, STM32WBA55UGI7, STM32WBA55UGI7TR, STM32WBA5MMGH6TR, STM32WBA62MGF6, STM32WBA62MIF6, STM32WBA65MGF7, STM32WBA65MIF6, STM32WBA65MIF7, STM32WL30K8V6, STM32WL30KBV6, STM32WL31C8V6, STM32WL31CBV6, STM32WL31K8V6, STM32WL31KBV6, STM32WL33C8V6, STM32WL33C8V6X, STM32WL33CBV6, STM32WL33CBV6X, STM32WL33CCV6, STM32WL33CCV6A, STM32WL33CCV6X, STM32WL33K8V7, STM32WL33K8V7X, STM32WL33KBV7 , STM32WL33KBV7X, STM32WL33KCV7, STM32WL33KCV7X, STM32WL5MOCH6, STM32WL5MOCH6TR]
2025-12-31 13:58:56,764 [INFO] ApiDb:668 - CubeFinder database Data Model version=2.1
2025-12-31 13:58:56,764 [INFO] ApiDb:669 - CubeFinder database Configuration version=3.0.39
2025-12-31 13:58:56,764 [INFO] ApiDb:670 - CubeFinder database generation date=2025-11-05 (1762334721)
2025-12-31 13:58:56,764 [INFO] ApiDb:671 - CubeFinder database FW Pack versions=[FP-ATR-ASTRA1_V2.0.0, FP-SNS-FLIGHT1_V5.1.0, FP-SNS-MOTENV1_V5.1.0, FP-SNS-MOTENVWB1_V1.4.0, FP-SNS-SMARTAG2_V1.2.0, FP-SNS-STBOX1_V2.1.0, STM32Cube_FW_C0_V1.4.0, STM32Cube_FW_F4_V1.28.3, STM32Cube_FW_F7_V1.17.4, STM32Cube_FW_G0_V1.6.2, STM32Cube_FW_G4_V1.6.1, STM32Cube_FW_H5_V1.5.1, STM32Cube_FW_H7RS_V1.3.0, STM32Cube_FW_H7_V1.12.1, STM32Cube_FW_L0_V1.12.2, STM32Cube_FW_L4_V1.18.1, STM32Cube_FW_L5_V1.6.0, STM32Cube_FW_N6_V1.3.0, STM32Cube_FW_U0_V1.3.0, STM32Cube_FW_U3_V1.2.1, STM32Cube_FW_U5_V1.8.0, STM32Cube_FW_WB0_V1.4.0, STM32Cube_FW_WBA_V1.8.0, STM32Cube_FW_WB_V1.24.0, STM32Cube_FW_WL3_V1.3.0, STM32Cube_FW_WL_V1.4.0, X-CUBE-ALGOBUILD_V1.4.0, X-CUBE-ALS_V1.0.2, X-CUBE-AZRTOS-F4_V1.1.0, X-CUBE-AZRTOS-F7_V1.1.0, X-CUBE-AZRTOS-G0_V1.1.0, X-CUBE-AZRTOS-G4_V2.0.0, X-CUBE-AZRTOS-H7RS_V1.1.0, X-CUBE-AZRTOS-H7_V3.4.0, X-CUBE-AZRTOS-L4_V2.0.0, X-CUBE-AZRTOS-L5_V2.0.0, X-CUBE-AZRTOS-WB_V2.0.0, X-CUBE-AZRTOS-WL_V2.0.0, X-CUBE-BLE1_V7.1.0, X-CUBE-BLE2_V3.3.0, X-CUBE-BLEMGR_V4.1.0, X-CUBE-EEPRMA1_V5.2.0, X-CUBE-FREERTOS_V1.3.1, X-CUBE-GNSS1_V6.0.0, X-CUBE-MEMS1_V11.3.0, X-CUBE-NFC4_V3.0.0, X-CUBE-NFC7_V2.0.0, X-CUBE-SFXS2LP1_V4.0.0, X-CUBE-ST67W61_V1.1.0, X-CUBE-SUBG2_V5.0.0, X-CUBE-TOF1_V3.4.3]
2025-12-31 13:58:59,576 [INFO] ApiDb:240 - Found 880 in-development CPN: [B-G473E-ZEST1S, B-WB1M-WPAN1, B-WBA5M-WPAN, B-WL5M-SUBG1, NUCLEO-C031C6, NUCLEO-C051C8, NUCLEO-C071RB, NUCLEO-C092RC, NUCLEO-H503RB, NUCLEO-H533RE, NUCLEO-H563ZI, NUCLEO-H7S3L8, NUCLEO-N657X0-Q, NUCLEO-U031R8, NUCLEO-U083RC, NUCLEO-U385RG-Q, NUCLEO-U545RE-Q, NUCLEO-U5A5ZJ-Q, NUCLEO-WB05KZ, NUCLEO-WB07CC, NUCLEO-WB09KE, NUCLEO-WBA52CG, NUCLEO-WBA55CG, NUCLEO-WL33CC1, NUCLEO-WL33CC2, STEVAL-PROTEUS1, STEVAL-SMARTAG2, STEVAL-STWINBX1, STM320518-EVAL, STM32C0116-DK, STM32C011D6Y3TR, STM32C011D6Y6TR, STM32C011F4P3, STM32C011F4P6, STM32C011F4U3, STM32C011F4U6TR, STM32C011F6P3, STM32C011F6P6, STM32C011F6U3, STM32C011F6U6TR, STM32C011J4M3, STM32C011J4M6, STM32C011J6M3, STM32C011J6M6, STM32C0316-DK, STM32C031C4T3, STM32C031C4T6, STM32C031C4U3, STM32C031C4U6, STM32C031C6T3, STM32C031C6T6, STM32C031C6U3, STM32C031C6U6, STM32C031F4P3, STM32C031F4P6, STM32C031F6P3, STM32C031F6P6, STM32C031G4U3, STM32C031G4U6, STM32C031G6U3, STM32C031G6U6, STM32C031K4T3, STM32C031K4T6, STM32C031K4U3, STM32C031K4U6, STM32C031K6T3, STM32C031K6T6, STM32C031K6U3, STM32C031K6U6, STM32C051C6T6, STM32C051C6U6, STM32C051C8T6, STM32C051C8U6, STM32C051D8Y6TR, STM32C051F6P6, STM32C051F8P6, STM32C051G6U6, STM32C051G8U6, STM32C051K6T6, STM32C051K6U6, STM32C051K8T6, STM32C071C8T6, STM32C071C8T6N, STM32C071C8U6, STM32C071C8U6N, STM32C071CBT6, STM32C071CBT6N, STM32C071CBU6, STM32C071CBU6N, STM32C071F8P6, STM32C071F8P6N, STM32C071FBP6, STM32C071FBP6N, STM32C071FBY6TR, STM32C071G8U6, STM32C071G8U6N, STM32C071GBU6, STM32C071GBU6N, STM32C071K8T6, STM32C071K8T6N, STM32C071K8U6, STM32C071K8U6N, STM32C071KBT6, STM32C071KBT6N, STM32C071KBU6, STM32C071KBU6N, STM32C071R8T6, STM32C071R8T6N, STM32C071RBI6N, STM32C071RBT6, STM32C071RBT6N, STM32C091CBT6, STM32C091CBU6, STM32C091CCT6, STM32C091CCU6, STM32C091ECY6TR, STM32C091FBP6, STM32C091FCP6, STM32C091GBU6, STM32C091GCU6, STM32C091KBT6, STM32C091KBU6, STM32C091KCT6, STM32C091KCU6, STM32C091RBT6, STM32C091RCI6, STM32C091RCT6, STM32C092CBT6, STM32C092CBU6, STM32C092CCT6, STM32C092CCU6, STM32C092ECY6TR, STM32C092FBP6, STM32C092FCP6, STM32C092GBU6, STM32C092GCU6, STM32C092KBT6, STM32C092KBU6, STM32C092KCT6, STM32C092KCU6, STM32C092RBT6, STM32C092RCI6, STM32C092RCT6, STM32G071K8TXN, STM32G071K8UXN, STM32G081GBU6N, STM32G081KBT6N, STM32G081KBUXN, STM32G0B1CCT6N, STM32G0B1KCT6, STM32G0B1NEY6TR, STM32G0B1RCT6N, STM32G0C1CCT6, STM32G0C1CCT6N, STM32G0C1CCU6N, STM32G0C1CET6N, STM32G0C1CEU6N, STM32G0C1KCT6, STM32G0C1NEY6TR, STM32G0C1RCI6N, STM32G0C1RCT6N, STM32G0C1REI6N, STM32G0C1RET6N, STM32G0C1VCI6, STM32G0C1VEI6, STM32G411C6T3, STM32G411C6T6, STM32G411C6U3, STM32G411C6U6, STM32G411C8T3, STM32G411C8T6, STM32G411C8U3, STM32G411C8U6, STM32G411CBT3, STM32G411CBT6, STM32G411CBU3, STM32G411CBU6, STM32G411K6T3, STM32G411K6T6, STM32G411K6U3, STM32G411K6U6, STM32G411K8T3, STM32G411K8T6, STM32G411K8U3, STM32G411K8U6, STM32G411KBT3, STM32G411KBT6, STM32G411KBU3, STM32G411KBU6, STM32G411M6T3, STM32G411M6T6, STM32G411M8T3, STM32G411M8T6, STM32G411MBT3, STM32G411MBT6, STM32G411R6T3, STM32G411R6T6, STM32G411R8T3, STM32G411R8T6, STM32G411RBT3, STM32G411RBT6, STM32G414CBT3, STM32G414CBT6, STM32G414CBU3, STM32G414CBU6, STM32G414CCT3, STM32G414CCT6, STM32G414CCU3, STM32G414CCU6, STM32G414MBT3, STM32G414MBT6, STM32G414MCT3, STM32G414MCT6, STM32G414RBT3, STM32G414RBT6, STM32G414RCT3, STM32G414RCT6, STM32G414VBT3, STM32G414VBT6, STM32G414VCT3, STM32G414VCT6, STM32G431CBT3Z, STM32G431RBT3Z, STM32G471CCT6, STM32G471CCU6, STM32G471CET3, STM32G471CET6, STM32G471CEU3, STM32G471CEU6, STM32G471MCT6, STM32G471MET3, STM32G471MET6, STM32G471MEY6TR, STM32G471QCT6, STM32G471QET3, STM32G471RCT6, STM32G471RET3, STM32G471RET6, STM32G471VCH6, STM32G471VCI6, STM32G471VCT6, STM32G471VEH3, STM32G471VEH6, STM32G471VEI3, STM32G471VEI6, STM32G471VET3, STM32G471VET6, STM32G473QET3Z, STM32G473RET3Z, STM32G474CCT6, STM32G491RET3Z, STM32H503CBT6, STM32H503CBU6, STM32H503EBY6TR, STM32H503KBU6, STM32H503RBT6, STM32H523CCT6, STM32H523CCU6, STM32H523CET6, STM32H523CEU6, STM32H523HEY6TR, STM32H523RCT6, STM32H523RET6, STM32H523VCI6, STM32H523VCT6, STM32H523VEI6, STM32H523VET6, STM32H523ZCJ6, STM32H523ZCT6, STM32H523ZEJ6, STM32H523ZET6, STM32H533CET6, STM32H533CEU6, STM32H533HEY6TR, STM32H533RET6, STM32H533VEI6, STM32H533VET6, STM32H533ZEJ6, STM32H533ZET6, STM32H562AGI6, STM32H562AII6, STM32H562IGK6, STM32H562IGT6, STM32H562IIK6, STM32H562IIT6, STM32H562RGT6, STM32H562RGV6, STM32H562RIT6, STM32H562RIV6, STM32H562VGT6, STM32H562VIT6, STM32H562ZGT6, STM32H562ZIT6, STM32H563AGI6, STM32H563AII3Q, STM32H563AII6, STM32H563IGK6, STM32H563IGT6, STM32H563IIK3Q, STM32H563IIK6, STM32H563IIT3Q, STM32H563IIT6, STM32H563MIY3QTR, STM32H563RGT6, STM32H563RGV6, STM32H563RIT6, STM32H563RIV6, STM32H563VGT6, STM32H563VIT3Q, STM32H563VIT6, STM32H563ZGT6, STM32H563ZIT3Q, STM32H563ZIT6, STM32H573AII3Q, STM32H573AII6, STM32H573I-DK, STM32H573IIK3Q, STM32H573IIK6, STM32H573IIT3Q, STM32H573IIT6, STM32H573MIY3QTR, STM32H573RIT6, STM32H573RIV6, STM32H573VIT3Q, STM32H573VIT6, STM32H573ZIT3Q, STM32H573ZIT6, STM32H7R3A8I6, STM32H7R3I8K6, STM32H7R3I8T6, STM32H7R3L8H6, STM32H7R3L8H6H, STM32H7R3R8V6, STM32H7R3V8H6, STM32H7R3V8T6, STM32H7R3V8Y6TR, STM32H7R3Z8J6, STM32H7R3Z8T6, STM32H7R7A8I6, STM32H7R7I8K6, STM32H7R7I8T6, STM32H7R7L8H6, STM32H7R7L8H6H, STM32H7R7Z8J6, STM32H7S3A8I6, STM32H7S3I8K6, STM32H7S3I8T6, STM32H7S3L8H6, STM32H7S3L8H6H, STM32H7S3R8V6, STM32H7S3V8H6, STM32H7S3V8T6, STM32H7S3V8Y6TR, STM32H7S3Z8J6, STM32H7S3Z8T6, STM32H7S78-DK, STM32H7S7A8I6, STM32H7S7I8K6, STM32H7S7I8T6, STM32H7S7L8H6, STM32H7S7L8H6H, STM32H7S7Z8J6, STM32L4R5QGI6STR, STM32MP131AAE3, STM32MP131AAF3, STM32MP131AAG3, STM32MP131CAE3, STM32MP131CAF3, STM32MP131CAG3, STM32MP131DAE7, STM32MP131DAF7, STM32MP131DAG7, STM32MP131FAE7, STM32MP131FAF7, STM32MP131FAG7, STM32MP133AAE3, STM32MP133AAF3, STM32MP133AAG3, STM32MP133CAE3, STM32MP133CAF3, STM32MP133CAG3, STM32MP133DAE7, STM32MP133DAF7, STM32MP133DAG7, STM32MP133FAE7, STM32MP133FAF7, STM32MP133FAG7, STM32MP135AAE3, STM32MP135AAF3, STM32MP135AAG3, STM32MP135CAE3, STM32MP135CAF3, STM32MP135CAG3, STM32MP135DAE7, STM32MP135DAF7, STM32MP135DAG7, STM32MP135F-DK, STM32MP135FAE7, STM32MP135FAF7, STM32MP135FAF7T, STM32MP135FAF7U, STM32MP135FAG7, STM32MP211AAL3, STM32MP211AAM3, STM32MP211AAN3, STM32MP211AAO3, STM32MP211CAL3, STM32MP211CAM3, STM32MP211CAN3, STM32MP211CAO3, STM32MP211DAL3, STM32MP211DAM3, STM32MP211DAN3, STM32MP211DAO3, STM32MP211FAL3, STM32MP211FAM3, STM32MP211FAN3, STM32MP211FAO3, STM32MP213AAL3, STM32MP213AAM3, STM32MP213AAN3, STM32MP213AAO3, STM32MP213CAL3, STM32MP213CAM3, STM32MP213CAN3, STM32MP213CAO3, STM32MP213DAL3, STM32MP213DAM3, STM32MP213DAN3, STM32MP213DAO3, STM32MP213FAL3, STM32MP213FAM3, STM32MP213FAN3, STM32MP213FAO3, STM32MP215AAL3, STM32MP215AAM3, STM32MP215AAN3, STM32MP215AAO3, STM32MP215CAL3, STM32MP215CAM3, STM32MP215CAN3, STM32MP215CAO3, STM32MP215DAL3, STM32MP215DAM3, STM32MP215DAN3, STM32MP215DAO3, STM32MP215F-DK, STM32MP215FAL3, STM32MP215FAM3, STM32MP215FAN3, STM32MP215FAO3, STM32MP231AAJ3, STM32MP231AAK3, STM32MP231AAL3, STM32MP231CAJ3, STM32MP231CAK3, STM32MP231CAL3, STM32MP231DAJ3, STM32MP231DAK3, STM32MP231DAL3, STM32MP231FAJ3, STM32MP231FAK3, STM32MP231FAL3, STM32MP233AAJ3, STM32MP233AAK3, STM32MP233AAL3, STM32MP233CAJ3, STM32MP233CAK3, STM32MP233CAL3, STM32MP233DAJ3, STM32MP233DAK3, STM32MP233DAL3, STM32MP233FAJ3, STM32MP233FAK3, STM32MP233FAL3, STM32MP235AAJ3, STM32MP235AAK3, STM32MP235AAL3, STM32MP235CAJ3, STM32MP235CAK3, STM32MP235CAL3, STM32MP235DAJ3, STM32MP235DAK3, STM32MP235DAL3, STM32MP235FAJ3, STM32MP235FAK3, STM32MP235FAL3, STM32MP251AAI3, STM32MP251AAK3, STM32MP251AAL3, STM32MP251CAI3, STM32MP251CAK3, STM32MP251CAL3, STM32MP251DAI3, STM32MP251DAK3, STM32MP251DAL3, STM32MP251FAI3, STM32MP251FAK3, STM32MP251FAL3, STM32MP253AAI3, STM32MP253AAK3, STM32MP253AAL3, STM32MP253CAI3, STM32MP253CAK3, STM32MP253CAL3, STM32MP253DAI3, STM32MP253DAK3, STM32MP253DAL3, STM32MP253FAI3, STM32MP253FAK3, STM32MP253FAL3, STM32MP255AAI3, STM32MP255AAK3, STM32MP255AAL3, STM32MP255CAI3, STM32MP255CAK3, STM32MP255CAL3, STM32MP255DAI3, STM32MP255DAK3, STM32MP255DAL3, STM32MP255FAI3, STM32MP255FAK3, STM32MP255FAL3, STM32MP257AAI3, STM32MP257AAK3, STM32MP257AAL3, STM32MP257CAI3, STM32MP257CAK3, STM32MP257CAL3, STM32MP257DAI3, STM32MP257DAK3, STM32MP257DAL3, STM32MP257F-DK, STM32MP257F-EV1, STM32MP257FAI3, STM32MP257FAK3, STM32MP257FAL3, STM32N645A0H3Q, STM32N645B0H3Q, STM32N645I0H3Q, STM32N645L0H3Q, STM32N645X0H3Q, STM32N645Z0H3Q, STM32N647A0H3Q, STM32N647B0H3Q, STM32N647I0H3Q, STM32N647L0H3Q, STM32N647X0H3Q, STM32N647Z0H3Q, STM32N655A0H3Q, STM32N655B0H3Q, STM32N655I0H3Q, STM32N655L0H3Q, STM32N655X0H3Q, STM32N655Z0H3Q, STM32N6570-DK, STM32N657A0H3Q, STM32N657B0H3Q, STM32N657I0H3Q, STM32N657L0H3Q, STM32N657X0H3Q, STM32N657Z0H3Q, STM32U031C6T6, STM32U031C6U6, STM32U031C8T6, STM32U031C8U6, STM32U031F4P6, STM32U031F6P6, STM32U031F8P6, STM32U031G6Y6TR, STM32U031G8Y6TR, STM32U031K4U6, STM32U031K6U6, STM32U031K8U6, STM32U031R6I6, STM32U031R6T6, STM32U031R8I6, STM32U031R8T6, STM32U073C8T6, STM32U073C8U6, STM32U073CBT6, STM32U073CBU6, STM32U073CCT6, STM32U073CCU6, STM32U073H8Y6TR, STM32U073HBY6TR, STM32U073HCY6TR, STM32U073K8U6, STM32U073KBU6, STM32U073KCU6, STM32U073M8I6, STM32U073M8T6, STM32U073MBI6, STM32U073MBT6, STM32U073MCI6, STM32U073MCT6, STM32U073R8I6, STM32U073R8T6, STM32U073RBI6, STM32U073RBT6, STM32U073RCI6, STM32U073RCT6, STM32U083C-DK, STM32U083CCT6, STM32U083CCU6, STM32U083HCY6TR, STM32U083KCU6, STM32U083MCI6, STM32U083MCT6, STM32U083RCI6, STM32U083RCT6, STM32U375CET6, STM32U375CET6Q, STM32U375CEU6, STM32U375CEU6Q, STM32U375CEY6QTR, STM32U375CGT6, STM32U375CGT6Q, STM32U375CGU6, STM32U375CGU6Q, STM32U375CGY6QTR, STM32U375KEU6, STM32U375KGU6, STM32U375REI6, STM32U375REI6Q, STM32U375RET6, STM32U375RET6Q, STM32U375REY6GTR, STM32U375REY6QTR, STM32U375RGI6, STM32U375RGI6Q, STM32U375RGT6, STM32U375RGT6Q, STM32U375RGY6GTR, STM32U375RGY6QTR, STM32U375VEI6, STM32U375VEI6Q, STM32U375VET6, STM32U375VET6Q, STM32U375VGI6, STM32U375VGI6Q, STM32U375VGT6, STM32U375VGT6Q, STM32U385CGT6, STM32U385CGT6Q, STM32U385CGU6, STM32U385CGU6Q, STM32U385CGY6QTR, STM32U385KGU6, STM32U385RGI6, STM32U385RGI6Q, STM32U385RGT6, STM32U385RGT6Q, STM32U385RGY6GTR, STM32U385RGY6QTR, STM32U385VGI6, STM32U385VGI6Q, STM32U385VGT6, STM32U385VGT6Q, STM32U535CBT6, STM32U535CBT6Q, STM32U535CBU6, STM32U535CBU6Q, STM32U535CCT6, STM32U535CCT6Q, STM32U535CCU6, STM32U535CCU6Q, STM32U535CET6, STM32U535CET6Q, STM32U535CEU6, STM32U535CEU6Q, STM32U535JEY6QTR, STM32U535NCY6QTR, STM32U535NEY6QTR, STM32U535RBI6, STM32U535RBI6Q, STM32U535RBT6, STM32U535RBT6Q, STM32U535RCI6, STM32U535RCI6Q, STM32U535RCT6, STM32U535RCT6Q, STM32U535REI6, STM32U535REI6Q, STM32U535RET6, STM32U535RET6Q, STM32U535VCI6, STM32U535VCI6Q, STM32U535VCT6, STM32U535VCT6Q, STM32U535VEI6, STM32U535VEI6Q, STM32U535VET6, STM32U535VET6Q, STM32U545CET6, STM32U545CET6Q, STM32U545CEU6, STM32U545CEU6Q, STM32U545JEY6QTR, STM32U545NEY6QTR, STM32U545REI6, STM32U545REI6Q, STM32U545RET6, STM32U545RET6Q, STM32U545VEI6, STM32U545VEI6Q, STM32U545VET6, STM32U545VET6Q, STM32U595AIH6, STM32U595AIH6Q, STM32U595AJH6, STM32U595AJH6Q, STM32U595QII6, STM32U595QII6Q, STM32U595QJI6, STM32U595QJI6Q, STM32U595RIT6, STM32U595RIT6Q, STM32U595RJT6, STM32U595RJT6Q, STM32U595VIT6, STM32U595VIT6Q, STM32U595VJT6, STM32U595VJT6Q, STM32U595ZIT6, STM32U595ZIT6Q, STM32U595ZIY6QTR, STM32U595ZJT6, STM32U595ZJT6Q, STM32U595ZJY6QTR, STM32U599BJY6QTR, STM32U599NIH6Q, STM32U599NJH6Q, STM32U599VIT6Q, STM32U599VJT6, STM32U599VJT6Q, STM32U599ZIT6Q, STM32U599ZIY6QTR, STM32U599ZJT6Q, STM32U599ZJY6QTR, STM32U5A5AJH6, STM32U5A5AJH6Q, STM32U5A5QII3Q , STM32U5A5QJI6, STM32U5A5QJI6Q, STM32U5A5RJT6, STM32U5A5RJT6Q, STM32U5A5VJT6, STM32U5A5VJT6Q, STM32U5A5ZJT6, STM32U5A5ZJT6Q, STM32U5A5ZJY6QTR, STM32U5A9BJY6QTR, STM32U5A9J-DK, STM32U5A9NJH6Q, STM32U5A9VJT6Q, STM32U5A9ZJT6Q, STM32U5A9ZJY6QTR, STM32U5F7VIT6, STM32U5F7VIT6Q, STM32U5F7VJT6, STM32U5F7VJT6Q, STM32U5F9BJY6QTR, STM32U5F9NJH6Q, STM32U5F9VIT6Q, STM32U5F9VJT6Q, STM32U5F9ZIJ6QTR, STM32U5F9ZIT6Q, STM32U5F9ZJJ6QTR, STM32U5F9ZJT6Q, STM32U5G7VJT6, STM32U5G7VJT6Q, STM32U5G9BJY6QTR, STM32U5G9J-DK1, STM32U5G9J-DK2, STM32U5G9NJH6Q, STM32U5G9VJT6Q, STM32U5G9ZJJ6QTR, STM32U5G9ZJT6Q, STM32WB05KZV6TR, STM32WB05KZV7TR, STM32WB05TZF6TR, STM32WB05TZF7TR, STM32WB06CCF6TR, STM32WB06CCF7TR, STM32WB06CCV6TR, STM32WB06CCV7TR, STM32WB06KCV6TR, STM32WB06KCV7TR, STM32WB07CCF6TR, STM32WB07CCF7TR, STM32WB07CCV6TR, STM32WB07CCV7TR, STM32WB07KCV6TR, STM32WB07KCV7TR, STM32WB09KEV6TR, STM32WB09KEV7TR, STM32WB09TEF6TR, STM32WB09TEF7TR, STM32WB1MMCH6, STM32WBA50KGU6, STM32WBA50KGU6TR, STM32WBA52CEU6, STM32WBA52CEU6TR, STM32WBA52CEU7, STM32WBA52CEU7TR, STM32WBA52CGU6, STM32WBA52CGU6TR, STM32WBA52CGU6U, STM32WBA52CGU7, STM32WBA52CGU7TR, STM32WBA52KEU6, STM32WBA52KEU6TR, STM32WBA52KGU6, STM32WBA52KGU6TR, STM32WBA54CEU6, STM32WBA54CEU6TR, STM32WBA54CEU7, STM32WBA54CEU7TR, STM32WBA54CGU6, STM32WBA54CGU6TR, STM32WBA54CGU7, STM32WBA54CGU7TR, STM32WBA54KEU6, STM32WBA54KEU6TR, STM32WBA54KEU7, STM32WBA54KEU7TR, STM32WBA54KGU6, STM32WBA54KGU6TR, STM32WBA54KGU7, STM32WBA54KGU7TR, STM32WBA55CEU6, STM32WBA55CEU6TR, STM32WBA55CEU7, STM32WBA55CEU7TR, STM32WBA55CGU6, STM32WBA55CGU6TR, STM32WBA55CGU6U, STM32WBA55CGU7, STM32WBA55CGU7TR, STM32WBA55G-DK1, STM32WBA55HEF6, STM32WBA55HEF7, STM32WBA55HGF6, STM32WBA55HGF7, STM32WBA55UEI6, STM32WBA55UEI6TR, STM32WBA55UEI7, STM32WBA55UEI7TR, STM32WBA55UGI6, STM32WBA55UGI6TR, STM32WBA55UGI7, STM32WBA55UGI7TR, STM32WBA5MMGH6TR, STM32WBA62MGF6, STM32WBA62MIF6, STM32WBA65MGF7, STM32WBA65MIF6, STM32WBA65MIF7, STM32WL30K8V6, STM32WL30KBV6, STM32WL31C8V6, STM32WL31CBV6, STM32WL31K8V6, STM32WL31KBV6, STM32WL33C8V6, STM32WL33C8V6X, STM32WL33CBV6, STM32WL33CBV6X, STM32WL33CCV6, STM32WL33CCV6A, STM32WL33CCV6X, STM32WL33K8V7, STM32WL33K8V7X, STM32WL33KBV7 , STM32WL33KBV7X, STM32WL33KCV7, STM32WL33KCV7X, STM32WL5MOCH6, STM32WL5MOCH6TR]
2025-12-31 13:58:59,582 [INFO] DbMcus:218 - Found 4876 MCUs, 4876 are supported
2025-12-31 13:58:59,582 [INFO] ApiDb:423 - Load user favorites file C:\Users\Marom Keren/.stm32cubeide/favorites.mcus.txt: 0 item(s)
2025-12-31 13:58:59,582 [INFO] ApiDb:427 - User favorites MCUs=[]
2025-12-31 13:58:59,582 [INFO] DbMcus:224 - Set 0 / 0 favorites MCUs
2025-12-31 13:59:00,631 [INFO] BoardInfo:889 - No configuration file found for board P-NUCLEO-WB55
2025-12-31 13:59:00,631 [INFO] DbBoards:161 - Kit is not supported: P-NUCLEO-WB55
2025-12-31 13:59:00,639 [INFO] BoardInfo:889 - No configuration file found for board STEVAL-BFA001V1B
2025-12-31 13:59:00,639 [INFO] DbBoards:161 - Kit is not supported: STEVAL-BFA001V1B
2025-12-31 13:59:00,649 [INFO] BoardInfo:889 - No configuration file found for board STEVAL-BFA001V2B
2025-12-31 13:59:00,663 [INFO] DbBoards:161 - Kit is not supported: STEVAL-BFA001V2B
2025-12-31 13:59:01,071 [INFO] DbBoards:168 - Found 212 boards, 209 are supported
2025-12-31 13:59:01,071 [INFO] DbBoards:169 - Found 212 boards, 43 of them is supported for  Bsp
2025-12-31 13:59:01,081 [INFO] ApiDb:423 - Load user favorites file C:\Users\Marom Keren/.stm32cubeide/favorites.boards.txt: 1 item(s)
2025-12-31 13:59:01,081 [INFO] ApiDb:427 - User favorites Boards=[NUCLEO-F756ZG]
2025-12-31 13:59:01,081 [INFO] DbBoards:198 - Set 1 / 1 favorites Boards
2025-12-31 13:59:01,154 [INFO] UtilMem:75 - End LoadConfig() Used Memory: 271149696 Bytes (363855872)
2025-12-31 13:59:01,330 [WARN] ThirdParty:833 - waiting for thirdparty lock release [change project]
2025-12-31 13:59:01,332 [INFO] ThirdParty:835 - entering critical section [change project]
2025-12-31 13:59:01,332 [INFO] ThirdParty:1030 - CMSIS Pack Vendor :STMicroelectronics X-CUBE-PM33A1 1.0.0
2025-12-31 13:59:01,332 [INFO] ThirdParty:1030 - CMSIS Pack Vendor :STMicroelectronics USBPD 4.1
2025-12-31 13:59:01,332 [INFO] ThirdParty:1030 - CMSIS Pack Vendor :STMicroelectronics USB_HOST 2.0.0
2025-12-31 13:59:01,332 [INFO] ThirdParty:1030 - CMSIS Pack Vendor :STMicroelectronics FP-SNS-MOTENVWB1 1.4.0
2025-12-31 13:59:01,332 [INFO] ThirdParty:1030 - CMSIS Pack Vendor :STMicroelectronics X-CUBE-AZRTOS-F4 1.1.0
2025-12-31 13:59:01,332 [INFO] ThirdParty:1030 - CMSIS Pack Vendor :STMicroelectronics LIBJPEG 8.0.0
2025-12-31 13:59:01,332 [INFO] ThirdParty:1030 - CMSIS Pack Vendor :STMicroelectronics FP-ATR-ASTRA1 2.0.2
2025-12-31 13:59:01,332 [INFO] ThirdParty:1030 - CMSIS Pack Vendor :Avnet-IotConnect X-CUBE-IoTC-DA16k-PMOD 1.0.0
2025-12-31 13:59:01,332 [INFO] ThirdParty:1030 - CMSIS Pack Vendor :STMicroelectronics X-CUBE-SMBUS 2.1.0
2025-12-31 13:59:01,332 [INFO] ThirdParty:1030 - CMSIS Pack Vendor :STMicroelectronics X-CUBE-ISPU 2.1.0
2025-12-31 13:59:01,332 [INFO] ThirdParty:1030 - CMSIS Pack Vendor :STMicroelectronics X-CUBE-IPS 3.2.0
2025-12-31 13:59:01,332 [INFO] ThirdParty:1030 - CMSIS Pack Vendor :STMicroelectronics X-CUBE-ST60 1.0.0
2025-12-31 13:59:01,332 [INFO] ThirdParty:1030 - CMSIS Pack Vendor :STMicroelectronics X-CUBE-NFC12 1.0.0
2025-12-31 13:59:01,332 [INFO] ThirdParty:1030 - CMSIS Pack Vendor :STMicroelectronics X-CUBE-AZRTOS-F7 1.1.0
2025-12-31 13:59:01,332 [INFO] ThirdParty:1030 - CMSIS Pack Vendor :STMicroelectronics X-CUBE-AZRTOS-L5 2.0.0
2025-12-31 13:59:01,332 [INFO] ThirdParty:1030 - CMSIS Pack Vendor :STMicroelectronics USB_DEVICE 2.0.0
2025-12-31 13:59:01,332 [INFO] ThirdParty:1030 - CMSIS Pack Vendor :STMicroelectronics X-CUBE-NFC6 3.1.0
2025-12-31 13:59:01,332 [INFO] ThirdParty:1030 - CMSIS Pack Vendor :STMicroelectronics FP-SNS-MOTENV1 5.1.0
2025-12-31 13:59:01,332 [INFO] ThirdParty:1030 - CMSIS Pack Vendor :STMicroelectronics FreeRTOS 0.0.1
2025-12-31 13:59:01,332 [INFO] ThirdParty:1030 - CMSIS Pack Vendor :WES I-CUBE-Cesium 1.4.0
2025-12-31 13:59:01,332 [INFO] ThirdParty:1030 - CMSIS Pack Vendor :Infineon AIROC-Wi-Fi-Bluetooth-STM32 1.7.1
2025-12-31 13:59:01,332 [INFO] ThirdParty:1030 - CMSIS Pack Vendor :STMicroelectronics PDM2PCM 3.3.0
2025-12-31 13:59:01,332 [INFO] ThirdParty:1030 - CMSIS Pack Vendor :STMicroelectronics X-CUBE-AZRTOS-H7 3.4.0
2025-12-31 13:59:01,332 [INFO] ThirdParty:1030 - CMSIS Pack Vendor :STMicroelectronics X-CUBE-DISPLAY 3.0.0
2025-12-31 13:59:01,332 [INFO] ThirdParty:1030 - CMSIS Pack Vendor :STMicroelectronics X-CUBE-NFC10 1.0.0
2025-12-31 13:59:01,332 [INFO] ThirdParty:1030 - CMSIS Pack Vendor :STMicroelectronics X-CUBE-FREERTOS 1.3.1
2025-12-31 13:59:01,332 [INFO] ThirdParty:1030 - CMSIS Pack Vendor :STMicroelectronics HAL Drivers 0.0.0
2025-12-31 13:59:01,332 [INFO] ThirdParty:1030 - CMSIS Pack Vendor :STMicroelectronics X-CUBE-ST60 1.1.0
2025-12-31 13:59:01,332 [INFO] ThirdParty:1030 - CMSIS Pack Vendor :emotas I-CUBE-CANOPEN 1.3.0
2025-12-31 13:59:01,332 [INFO] ThirdParty:1030 - CMSIS Pack Vendor :STMicroelectronics MBEDTLS 2.14.1
2025-12-31 13:59:01,332 [INFO] ThirdParty:1030 - CMSIS Pack Vendor :STMicroelectronics X-CUBE-GNSS1 7.1.0
2025-12-31 13:59:01,334 [INFO] ThirdParty:1030 - CMSIS Pack Vendor :STMicroelectronics X-CUBE-TOUCHGFX 4.26.0
2025-12-31 13:59:01,334 [INFO] ThirdParty:1030 - CMSIS Pack Vendor :quantropi X-CUBE-qispace-sdk-base 2.0.0
2025-12-31 13:59:01,334 [INFO] ThirdParty:1030 - CMSIS Pack Vendor :STMicroelectronics FP-SNS-STBOX1 2.1.0
2025-12-31 13:59:01,334 [INFO] ThirdParty:1030 - CMSIS Pack Vendor :STMicroelectronics FP-SNS-STAIOTCFT 1.0.0
2025-12-31 13:59:01,334 [INFO] ThirdParty:1030 - CMSIS Pack Vendor :STMicroelectronics FP-SNS-SMARTAG2 1.2.0
2025-12-31 13:59:01,334 [INFO] ThirdParty:1030 - CMSIS Pack Vendor :STMicroelectronics FP-SNS-FLIGHT1 5.1.0
2025-12-31 13:59:01,334 [INFO] ThirdParty:1030 - CMSIS Pack Vendor :STMicroelectronics X-CUBE-AZRTOS-WL 2.0.0
2025-12-31 13:59:01,334 [INFO] ThirdParty:1030 - CMSIS Pack Vendor :STMicroelectronics X-CUBE-DPower 1.3.0
2025-12-31 13:59:01,334 [INFO] ThirdParty:1030 - CMSIS Pack Vendor :STMicroelectronics FP-SNS-MOTENV1 5.0.0
2025-12-31 13:59:01,334 [INFO] ThirdParty:1030 - CMSIS Pack Vendor :STMicroelectronics USB_DEVICE 1.0.0
2025-12-31 13:59:01,334 [INFO] ThirdParty:1030 - CMSIS Pack Vendor :STMicroelectronics X-CUBE-AZRTOS-H7RS 1.2.0
2025-12-31 13:59:01,334 [INFO] ThirdParty:1030 - CMSIS Pack Vendor :STMicroelectronics X-CUBE-AZRTOS-L4 2.0.0
2025-12-31 13:59:01,334 [INFO] ThirdParty:1030 - CMSIS Pack Vendor :STMicroelectronics ThreadX 0.0.2
2025-12-31 13:59:01,334 [INFO] ThirdParty:1030 - CMSIS Pack Vendor :WES I-CUBE-Cesium 1.3.0
2025-12-31 13:59:01,334 [INFO] ThirdParty:1030 - CMSIS Pack Vendor :STMicroelectronics lwIP 2.1.2
2025-12-31 13:59:01,334 [INFO] ThirdParty:1030 - CMSIS Pack Vendor :STMicroelectronics X-CUBE-SFXS2LP1 4.0.0
2025-12-31 13:59:01,334 [INFO] ThirdParty:1030 - CMSIS Pack Vendor :STMicroelectronics X-CUBE-BLE2 3.3.0
2025-12-31 13:59:01,334 [INFO] ThirdParty:1030 - CMSIS Pack Vendor :Avnet-IOTCONNECT X-CUBE-iotc-st67-sdk 1.0.0
2025-12-31 13:59:01,334 [INFO] ThirdParty:1030 - CMSIS Pack Vendor :Infineon AIROC-Wi-Fi-Bluetooth-STM32 1.8.0
2025-12-31 13:59:01,335 [INFO] ThirdParty:1030 - CMSIS Pack Vendor :STMicroelectronics PDM2PCM 3.2.0
2025-12-31 13:59:01,335 [INFO] ThirdParty:1030 - CMSIS Pack Vendor :STMicroelectronics X-CUBE-NFC9 1.0.0
2025-12-31 13:59:01,335 [INFO] ThirdParty:1030 - CMSIS Pack Vendor :wolfSSL I-CUBE-wolfSSL 5.8.0
2025-12-31 13:59:01,335 [INFO] ThirdParty:1030 - CMSIS Pack Vendor :STMicroelectronics X-CUBE-BLE1 7.1.0
2025-12-31 13:59:01,335 [INFO] ThirdParty:1030 - CMSIS Pack Vendor :wolfSSL I-CUBE-wolfMQTT 1.19.2
2025-12-31 13:59:01,335 [INFO] ThirdParty:1030 - CMSIS Pack Vendor :STMicroelectronics USB_DEVICE 3.0.0
2025-12-31 13:59:01,335 [INFO] ThirdParty:1030 - CMSIS Pack Vendor :STMicroelectronics X-CUBE-FREERTOS 1.4.0
2025-12-31 13:59:01,335 [INFO] ThirdParty:1030 - CMSIS Pack Vendor :STMicroelectronics X-CUBE-EEPRMA1 5.2.0
2025-12-31 13:59:01,335 [INFO] ThirdParty:1030 - CMSIS Pack Vendor :STMicroelectronics X-CUBE-BLEMGR 4.1.0
2025-12-31 13:59:01,335 [INFO] ThirdParty:1030 - CMSIS Pack Vendor :STMicroelectronics X-CUBE-AZRTOS-WB 2.0.0
2025-12-31 13:59:01,335 [INFO] ThirdParty:1030 - CMSIS Pack Vendor :wolfSSL I-CUBE-wolfSSL 5.8.4
2025-12-31 13:59:01,335 [INFO] ThirdParty:1030 - CMSIS Pack Vendor :Cesanta I-CUBE-Mongoose 7.20.0
2025-12-31 13:59:01,335 [INFO] ThirdParty:1030 - CMSIS Pack Vendor :STMicroelectronics X-CUBE-GNSS1 7.0.1
2025-12-31 13:59:01,335 [INFO] ThirdParty:1030 - CMSIS Pack Vendor :STMicroelectronics X-CUBE-TOUCHGFX 4.25.0
2025-12-31 13:59:01,335 [INFO] ThirdParty:1030 - CMSIS Pack Vendor :STMicroelectronics X-CUBE-ST67W61 1.1.0
2025-12-31 13:59:01,335 [INFO] ThirdParty:1030 - CMSIS Pack Vendor :STMicroelectronics X-CUBE-AI 10.1.0
2025-12-31 13:59:01,335 [INFO] ThirdParty:1030 - CMSIS Pack Vendor :STMicroelectronics FP-SNS-STBOX1 2.0.0
2025-12-31 13:59:01,335 [INFO] ThirdParty:1030 - CMSIS Pack Vendor :quantropi X-CUBE-qispace-sdk-base 2.1.0
2025-12-31 13:59:01,335 [INFO] ThirdParty:1030 - CMSIS Pack Vendor :STMicroelectronics X-CUBE-MEMS1 12.0.0
2025-12-31 13:59:01,335 [INFO] ThirdParty:1030 - CMSIS Pack Vendor :STMicroelectronics X-CUBE-AZRTOS-G0 1.1.0
2025-12-31 13:59:01,335 [INFO] ThirdParty:1030 - CMSIS Pack Vendor :STMicroelectronics X-CUBE-SAFEA1 1.2.2
2025-12-31 13:59:01,335 [INFO] ThirdParty:1030 - CMSIS Pack Vendor :STMicroelectronics X-CUBE-NFC4 3.0.0
2025-12-31 13:59:01,335 [INFO] ThirdParty:1030 - CMSIS Pack Vendor :STMicroelectronics X-CUBE-SUBG2 5.0.0
2025-12-31 13:59:01,335 [INFO] ThirdParty:1030 - CMSIS Pack Vendor :STMicroelectronics X-CUBE-AZRTOS-H7RS 1.1.0
2025-12-31 13:59:01,335 [INFO] ThirdParty:1030 - CMSIS Pack Vendor :STMicroelectronics STM32_WPAN 1.0.0
2025-12-31 13:59:01,335 [INFO] ThirdParty:1030 - CMSIS Pack Vendor :EmbeddedOffice I-CUBE-FS-RTOS 1.0.1
2025-12-31 13:59:01,335 [INFO] ThirdParty:1030 - CMSIS Pack Vendor :STMicroelectronics lwIP 2.0.3
2025-12-31 13:59:01,335 [INFO] ThirdParty:1030 - CMSIS Pack Vendor :Cesanta I-CUBE-Mongoose 7.13.0
2025-12-31 13:59:01,335 [INFO] ThirdParty:1030 - CMSIS Pack Vendor :STMicroelectronics USB_HOST 1.0.0
2025-12-31 13:59:01,335 [INFO] ThirdParty:1030 - CMSIS Pack Vendor :STMicroelectronics X-CUBE-AZRTOS-G4 2.0.0
2025-12-31 13:59:01,335 [INFO] ThirdParty:1030 - CMSIS Pack Vendor :STMicroelectronics X-CUBE-WB05N 2.0.0
2025-12-31 13:59:01,335 [INFO] ThirdParty:1030 - CMSIS Pack Vendor :STMicroelectronics PDM2PCM 3.1.0
2025-12-31 13:59:01,335 [INFO] ThirdParty:1030 - CMSIS Pack Vendor :wolfSSL I-CUBE-wolfTPM 3.8.0
2025-12-31 13:59:01,335 [INFO] ThirdParty:1030 - CMSIS Pack Vendor :wolfSSL I-CUBE-wolfSSH 1.4.20
2025-12-31 13:59:01,335 [INFO] ThirdParty:1030 - CMSIS Pack Vendor :STMicroelectronics X-CUBE-NFC7 2.0.0
2025-12-31 13:59:01,335 [INFO] ThirdParty:1030 - CMSIS Pack Vendor :STMicroelectronics X-CUBE-TCPP 4.2.0
2025-12-31 13:59:01,335 [INFO] ThirdParty:1030 - CMSIS Pack Vendor :RealThread X-CUBE-RT-Thread_Nano 4.1.1
2025-12-31 13:59:01,335 [INFO] ThirdParty:1030 - CMSIS Pack Vendor :STMicroelectronics FP-ATR-SIGFOX1 3.2.0
2025-12-31 13:59:01,335 [INFO] ThirdParty:1030 - CMSIS Pack Vendor :STMicroelectronics MBEDTLS 2.16.2
2025-12-31 13:59:01,335 [INFO] ThirdParty:1030 - CMSIS Pack Vendor :STMicroelectronics X-CUBE-IPS 3.1.0
2025-12-31 13:59:01,335 [INFO] ThirdParty:1030 - CMSIS Pack Vendor :STMicroelectronics X-CUBE-ALS 1.0.2
2025-12-31 13:59:01,335 [INFO] ThirdParty:1030 - CMSIS Pack Vendor :ITTIA_DB I-CUBE-ITTIADB 8.9.0
2025-12-31 13:59:01,335 [INFO] ThirdParty:1030 - CMSIS Pack Vendor :STMicroelectronics X-CUBE-STSE01 1.0.0
2025-12-31 13:59:01,335 [INFO] ThirdParty:1030 - CMSIS Pack Vendor :portGmbH I-Cube-SoM-uGOAL 1.1.0
2025-12-31 13:59:01,335 [INFO] ThirdParty:1030 - CMSIS Pack Vendor :STMicroelectronics X-CUBE-ST67W61 1.0.0
2025-12-31 13:59:01,335 [INFO] ThirdParty:1030 - CMSIS Pack Vendor :STMicroelectronics X-CUBE-AI 10.2.0
2025-12-31 13:59:01,335 [INFO] ThirdParty:1030 - CMSIS Pack Vendor :STMicroelectronics ThreadX 1.0.0
2025-12-31 13:59:01,335 [INFO] ThirdParty:1030 - CMSIS Pack Vendor :SEGGER I-CUBE-embOS 1.3.1
2025-12-31 13:59:01,335 [INFO] ThirdParty:1030 - CMSIS Pack Vendor :STMicroelectronics X-CUBE-ALGOBUILD 1.4.0
2025-12-31 13:59:01,335 [INFO] ThirdParty:1030 - CMSIS Pack Vendor :STMicroelectronics X-CUBE-MEMS1 11.3.0
2025-12-31 13:59:01,335 [INFO] ThirdParty:1030 - CMSIS Pack Vendor :STMicroelectronics X-CUBE-TOF1 3.4.3
2025-12-31 13:59:01,335 [INFO] ThirdParty:841 - exiting critical section [change project]
2025-12-31 13:59:02,698 [INFO] PinOutPanel:1589 - setPackage(No Configuration,No Configuration)
2025-12-31 13:59:02,701 [INFO] PinOutPanel:1589 - setPackage(STM32F756ZGTx,LQFP144)
2025-12-31 13:59:04,308 [INFO] UtilMem:75 - Before build in PCC Used Memory: 308937792 Bytes (379584512)
2025-12-31 13:59:06,187 [INFO] UtilMem:75 - After build in PCC Used Memory: 199731632 Bytes (379584512)
2025-12-31 13:59:06,295 [INFO] IPUIPlugin:80 - create IPUIPlugin
2025-12-31 13:59:06,295 [INFO] IPUIPlugin:80 - create IPUIPlugin
2025-12-31 13:59:06,295 [INFO] IPUIPlugin:80 - create IPUIPlugin
2025-12-31 13:59:06,295 [INFO] IPUIPlugin:80 - create IPUIPlugin
2025-12-31 13:59:06,295 [INFO] IPUIPlugin:80 - create IPUIPlugin
2025-12-31 13:59:06,295 [INFO] IPUIPlugin:80 - create IPUIPlugin
2025-12-31 13:59:06,295 [INFO] IPUIPlugin:80 - create IPUIPlugin
2025-12-31 13:59:06,295 [INFO] IPUIPlugin:80 - create IPUIPlugin
2025-12-31 13:59:06,295 [INFO] IPUIPlugin:80 - create IPUIPlugin
2025-12-31 13:59:06,295 [INFO] IPUIPlugin:80 - create IPUIPlugin
2025-12-31 13:59:06,295 [INFO] IPUIPlugin:80 - create IPUIPlugin
2025-12-31 13:59:06,295 [INFO] IPUIPlugin:80 - create IPUIPlugin
2025-12-31 13:59:06,306 [INFO] IPUIPlugin:80 - create IPUIPlugin
2025-12-31 13:59:06,306 [INFO] IPUIPlugin:80 - create IPUIPlugin
2025-12-31 13:59:06,306 [INFO] IPUIPlugin:80 - create IPUIPlugin
2025-12-31 13:59:06,306 [INFO] IPUIPlugin:80 - create IPUIPlugin
2025-12-31 13:59:06,306 [INFO] IPUIPlugin:80 - create IPUIPlugin
2025-12-31 13:59:06,306 [INFO] IPUIPlugin:80 - create IPUIPlugin
2025-12-31 13:59:06,306 [INFO] IPUIPlugin:80 - create IPUIPlugin
2025-12-31 13:59:06,306 [INFO] IPUIPlugin:80 - create IPUIPlugin
2025-12-31 13:59:06,306 [INFO] IPUIPlugin:80 - create IPUIPlugin
2025-12-31 13:59:06,306 [INFO] IPUIPlugin:80 - create IPUIPlugin
2025-12-31 13:59:06,306 [INFO] IPUIPlugin:80 - create IPUIPlugin
2025-12-31 13:59:06,306 [INFO] IPUIPlugin:80 - create IPUIPlugin
2025-12-31 13:59:06,306 [INFO] IPUIPlugin:80 - create IPUIPlugin
2025-12-31 13:59:06,306 [INFO] IPUIPlugin:80 - create IPUIPlugin
2025-12-31 13:59:06,306 [INFO] IPUIPlugin:80 - create IPUIPlugin
2025-12-31 13:59:06,306 [INFO] IPUIPlugin:80 - create IPUIPlugin
2025-12-31 13:59:06,306 [INFO] IPUIPlugin:80 - create IPUIPlugin
2025-12-31 13:59:06,306 [INFO] IPUIPlugin:80 - create IPUIPlugin
2025-12-31 13:59:06,306 [INFO] IPUIPlugin:80 - create IPUIPlugin
2025-12-31 13:59:06,306 [INFO] IPUIPlugin:80 - create IPUIPlugin
2025-12-31 13:59:06,306 [INFO] IPUIPlugin:80 - create IPUIPlugin
2025-12-31 13:59:06,306 [INFO] IPUIPlugin:80 - create IPUIPlugin
2025-12-31 13:59:06,306 [INFO] IPUIPlugin:80 - create IPUIPlugin
2025-12-31 13:59:06,306 [INFO] IPUIPlugin:80 - create IPUIPlugin
2025-12-31 13:59:06,306 [INFO] IPUIPlugin:80 - create IPUIPlugin
2025-12-31 13:59:06,306 [INFO] IPUIPlugin:80 - create IPUIPlugin
2025-12-31 13:59:06,306 [INFO] IPUIPlugin:80 - create IPUIPlugin
2025-12-31 13:59:06,316 [INFO] IPUIPlugin:80 - create IPUIPlugin
2025-12-31 13:59:06,316 [INFO] IPUIPlugin:80 - create IPUIPlugin
2025-12-31 13:59:06,316 [INFO] IPUIPlugin:80 - create IPUIPlugin
2025-12-31 13:59:06,316 [INFO] IPUIPlugin:80 - create IPUIPlugin
2025-12-31 13:59:06,316 [INFO] IPUIPlugin:80 - create IPUIPlugin
2025-12-31 13:59:06,316 [INFO] IPUIPlugin:80 - create IPUIPlugin
2025-12-31 13:59:06,316 [INFO] IPUIPlugin:80 - create IPUIPlugin
2025-12-31 13:59:06,316 [INFO] IPUIPlugin:80 - create IPUIPlugin
2025-12-31 13:59:06,316 [INFO] IPUIPlugin:80 - create IPUIPlugin
2025-12-31 13:59:06,316 [INFO] IPUIPlugin:80 - create IPUIPlugin
2025-12-31 13:59:06,316 [INFO] IPUIPlugin:80 - create IPUIPlugin
2025-12-31 13:59:06,316 [INFO] IPUIPlugin:80 - create IPUIPlugin
2025-12-31 13:59:06,316 [INFO] IPUIPlugin:80 - create IPUIPlugin
2025-12-31 13:59:06,324 [INFO] IPUIPlugin:80 - create IPUIPlugin
2025-12-31 13:59:06,324 [INFO] IPUIPlugin:80 - create IPUIPlugin
2025-12-31 13:59:06,324 [INFO] IPUIPlugin:80 - create IPUIPlugin
2025-12-31 13:59:06,324 [INFO] IPUIPlugin:80 - create IPUIPlugin
2025-12-31 13:59:06,326 [INFO] IPUIPlugin:80 - create IPUIPlugin
2025-12-31 13:59:06,326 [INFO] IPUIPlugin:80 - create IPUIPlugin
2025-12-31 13:59:06,326 [INFO] IPUIPlugin:80 - create IPUIPlugin
2025-12-31 13:59:06,326 [INFO] IPUIPlugin:80 - create IPUIPlugin
2025-12-31 13:59:06,326 [INFO] IPUIPlugin:80 - create IPUIPlugin
2025-12-31 13:59:06,326 [INFO] IPUIPlugin:80 - create IPUIPlugin
2025-12-31 13:59:06,326 [INFO] IPUIPlugin:80 - create IPUIPlugin
2025-12-31 13:59:06,326 [INFO] IPUIPlugin:80 - create IPUIPlugin
2025-12-31 13:59:06,326 [INFO] IPUIPlugin:80 - create IPUIPlugin
2025-12-31 13:59:06,326 [INFO] IPUIPlugin:80 - create IPUIPlugin
2025-12-31 13:59:06,326 [INFO] IPUIPlugin:80 - create IPUIPlugin
2025-12-31 13:59:06,326 [INFO] IPUIPlugin:80 - create IPUIPlugin
2025-12-31 13:59:06,326 [INFO] IPUIPlugin:80 - create IPUIPlugin
2025-12-31 13:59:06,335 [INFO] IPUIPlugin:80 - create IPUIPlugin
2025-12-31 13:59:06,337 [INFO] IPUIPlugin:80 - create IPUIPlugin
2025-12-31 13:59:06,337 [INFO] IPUIPlugin:80 - create IPUIPlugin
2025-12-31 13:59:06,340 [INFO] IPUIPlugin:80 - create IPUIPlugin
2025-12-31 13:59:06,340 [INFO] IPUIPlugin:80 - create IPUIPlugin
2025-12-31 13:59:06,342 [INFO] IPUIPlugin:80 - create IPUIPlugin
2025-12-31 13:59:06,344 [INFO] IPUIPlugin:80 - create IPUIPlugin
2025-12-31 13:59:06,618 [INFO] ApiDbMcu:532 - Load IP Config File for PDM2PCM
2025-12-31 13:59:07,176 [INFO] CADModel:165 - CPN selected for project levelSTM32F756ZGT6
2025-12-31 13:59:07,176 [INFO] CADModel:114 - Register for checkConnection events
2025-12-31 13:59:07,221 [INFO] OpenFileManager:386 - Restore cursor
2025-12-31 13:59:07,843 [WARN] IP:2250 - Warning not found: check if there is a RefParameter without a condition.
2025-12-31 13:59:07,851 [WARN] IP:2250 - RxBufferAddress not found: check if there is a RefParameter without a condition.
2025-12-31 13:59:07,851 [WARN] IP:2250 - DESC_SIZE_UNIT not found: check if there is a RefParameter without a condition.
2025-12-31 13:59:07,851 [WARN] IP:2250 - Warning not found: check if there is a RefParameter without a condition.
2025-12-31 13:59:07,851 [WARN] IP:2250 - RxBufferAddress not found: check if there is a RefParameter without a condition.
2025-12-31 13:59:07,851 [WARN] IP:2250 - DESC_SIZE_UNIT not found: check if there is a RefParameter without a condition.
2025-12-31 13:59:10,687 [INFO] LogOutputStream:77 - [STDOUT_REDIRECT] 
2025-12-31 13:59:11,380 [INFO] McuFinderGlobals:63 - Set McuFinder mode to 2 (CubeIDE integrated)
2025-12-31 13:59:11,381 [INFO] UserAuth:487 - Internet connection configuration mode: 1
2025-12-31 13:59:11,408 [INFO] JxBrowserEngine:152 - Initiate JxBrowser Engine with user profile folder
2025-12-31 13:59:12,408 [INFO] WebApp:169 - Instantiating new browser for Auth
2025-12-31 13:59:13,576 [INFO] WebApp:463 - Apply proxy settings
2025-12-31 13:59:13,576 [INFO] WebApp:548 - Chromium requires no authentication
2025-12-31 13:59:13,585 [INFO] WebApp:491 - Direct internet connection detected
2025-12-31 13:59:13,617 [INFO] WebApp:900 - Register for checkConnection events
2025-12-31 13:59:13,617 [INFO] WebApp:463 - Apply proxy settings
2025-12-31 13:59:13,617 [INFO] WebApp:548 - Chromium requires no authentication
2025-12-31 13:59:13,618 [INFO] WebApp:491 - Direct internet connection detected
2025-12-31 13:59:13,852 [INFO] WebApp:225 - Starting web application
2025-12-31 13:59:13,852 [INFO] WebApp:593 - Web application path used C:\ST\STM32CubeIDE_1.19.0\STM32CubeIDE\plugins\com.st.stm32cube.common.mx_6.15.0.202507011659\db\plugins\mcufinder\reactClient1\index.html
2025-12-31 13:59:13,985 [INFO] UserAuth:487 - Internet connection configuration mode: 1
2025-12-31 13:59:14,251 [INFO] WebApp:191 - Connection restablished
2025-12-31 13:59:52,965 [ERROR] LogOutputStream:75 - [STDERR_REDIRECT] 
